sample_id,base_id,transform,family,confidence,expected_match,is_negative_control,is_control,pipeline_certified,pipeline_matched,cert_target,decided_stage,pair_evaluated,pair_matched,pair_inliers,pair_color_mean,pair_color_max,pair_cells,pair_coverage,prefilter_candidates,prefilter_ranked_total,prefilter_has_correct,prefilter_correct_rank,phash_hamming,ms_sha256,ms_exact_lookup,ms_phash,ms_orb_extract,ms_prefilter,ms_match,ms_total
picsum_0__brightness_minus10pct,picsum_0,brightness_minus10pct,brightness,borderline,true,false,false,false,false,none,no_match,true,false,1500,11.891,19.156,16384,1.000,1,1,true,0,8,0.065,0.003,297.382,33.548,0.698,68.061,399.909
picsum_0__format_change_gif,picsum_0,format_change_gif,format_change,borderline,true,false,false,true,true,base,visual_match,true,true,1975,0.337,0.866,16384,1.000,1,1,true,0,2,0.378,0.003,230.112,32.783,0.552,62.670,326.855
picsum_0__p3_as_srgb_q70,picsum_0,p3_as_srgb_q70,p3_as_srgb,borderline,true,false,false,true,true,base,visual_match,true,true,1779,4.175,13.062,16384,1.000,1,1,true,0,2,0.082,0.005,254.476,27.029,0.536,62.295,344.593
picsum_1000__content_overlay_15pct,picsum_1000,content_overlay_15pct,content_overlay,high,false,false,false,false,false,none,no_match,true,false,1456,20.433,154.187,16384,1.000,3,3,true,0,62,0.054,0.002,245.209,33.461,0.761,140.330,419.903
picsum_1000__heavy_crop_60pct,picsum_1000,heavy_crop_60pct,heavy_crop,high,false,false,false,false,false,none,prefilter_empty,true,false,166,0.912,3.912,2500,0.153,0,0,false,-1,112,0.020,0.003,162.740,11.988,0.415,0.000,175.243
picsum_1000__rotate_90,picsum_1000,rotate_90,rotate_cardinal,borderline,true,false,false,true,true,base,visual_match,true,true,1788,1.823,30.139,16241,0.991,1,1,true,0,4,0.083,0.003,254.154,34.888,0.507,73.066,362.827
picsum_1001__crop_border_5pct,picsum_1001,crop_border_5pct,crop_border,borderline,true,false,false,false,false,none,no_match,true,false,1036,3.156,64.146,13558,0.828,3,3,true,0,70,0.052,0.003,228.600,27.719,0.595,112.206,369.255
picsum_1001__jpeg_recompress_q20,picsum_1001,jpeg_recompress_q20,jpeg_recompress,high,true,false,false,true,true,base,visual_match,true,true,1321,3.229,21.570,16376,1.000,2,2,true,0,14,0.024,0.003,242.041,26.046,0.531,59.957,328.728
picsum_1001__upscale_2.0x,picsum_1001,upscale_2.0x,upscale,borderline,true,false,false,false,false,none,no_match,true,false,742,2.899,41.719,15873,0.969,3,3,true,0,6,0.115,0.003,590.249,48.956,0.476,206.838,846.814
picsum_1002__downscale_256px,picsum_1002,downscale_256px,downscale,borderline,true,false,false,false,false,none,no_match,true,false,210,5.038,57.663,16121,0.984,3,3,true,0,20,0.018,0.004,172.871,11.858,0.474,92.264,277.537
picsum_1002__noise_sigma10,picsum_1002,noise_sigma10,noise_light,high,true,false,false,true,true,base,visual_match,true,true,1680,2.116,9.769,16384,1.000,1,1,true,0,24,0.155,0.003,231.303,31.655,0.469,59.764,323.611
picsum_1003__color_invert,picsum_1003,color_invert,color_invert,high,false,false,false,false,false,none,no_match,true,false,0,+Inf,+Inf,0,0.000,1,1,false,-1,114,0.052,0.003,283.276,38.054,0.732,44.253,366.459
picsum_1003__heavy_crop_40pct,picsum_1003,heavy_crop_40pct,heavy_crop,borderline,false,false,false,false,false,none,prefilter_empty,true,false,497,2.180,28.625,5883,0.359,0,0,false,-1,126,0.031,0.005,180.277,16.992,0.550,0.001,197.919
picsum_1003__rotate_32deg,picsum_1003,rotate_32deg,rotate_small,borderline,true,false,false,false,false,none,no_match,true,false,961,1.630,39.540,13529,0.826,1,1,false,-1,110,0.087,0.002,274.255,27.336,0.578,13.637,315.973
picsum_1004__crop_border_15pct,picsum_1004,crop_border_15pct,crop_border,borderline,true,false,false,false,false,none,no_match,true,true,699,1.084,15.398,7832,0.478,1,1,false,-1,122,0.060,0.003,202.654,21.875,0.540,51.844,277.058
picsum_1004__hue_shift_60deg,picsum_1004,hue_shift_60deg,hue_shift,borderline,false,false,false,false,false,none,no_match,true,false,1626,6.423,44.950,16384,1.000,2,2,true,0,8,0.069,0.003,183.959,22.935,0.485,73.853,281.414
picsum_1004__sharpen_light,picsum_1004,sharpen_light,sharpen,high,true,false,false,true,true,base,visual_match,true,true,1620,1.420,18.771,16364,0.999,2,2,true,0,12,0.071,0.003,173.750,24.148,0.523,43.331,241.967
picsum_1005__downscale_0.75x,picsum_1005,downscale_0.75x,downscale,borderline,true,false,false,false,false,none,no_match,true,false,518,2.022,49.390,16192,0.988,2,2,true,0,10,0.022,0.003,197.100,18.773,0.511,84.887,301.350
picsum_1005__jpeg_recompress_q90,picsum_1005,jpeg_recompress_q90,jpeg_recompress,high,true,false,false,true,true,base,visual_match,true,true,1765,0.405,3.407,16384,1.000,1,1,true,0,2,0.051,0.003,244.314,27.847,0.612,48.294,321.234
picsum_1006__brightness_plus10pct,picsum_1006,brightness_plus10pct,brightness,borderline,true,false,false,true,true,base,visual_match,true,true,1734,0.861,6.348,16384,1.000,2,2,true,0,2,0.078,0.004,248.637,43.248,0.530,57.629,350.287
picsum_1006__format_change_tiff,picsum_1006,format_change_tiff,format_change,borderline,true,false,false,true,true,base,visual_match,true,true,1891,0.397,0.866,16384,1.000,3,3,true,0,0,0.461,0.004,222.195,38.941,0.551,62.256,324.921
picsum_1006__rotate_180,picsum_1006,rotate_180,rotate_cardinal,borderline,true,false,false,false,false,none,no_match,true,false,1728,2.198,38.753,16283,0.994,2,2,true,0,6,0.060,0.002,174.261,19.888,0.314,66.389,261.018
picsum_1008__content_overlay_30pct,picsum_1008,content_overlay_30pct,content_overlay,high,false,false,false,false,false,none,no_match,true,false,1714,29.130,184.624,16384,1.000,1,1,true,0,60,0.036,0.003,184.374,22.028,0.444,48.890,255.857
picsum_1008__hue_shift_180deg,picsum_1008,hue_shift_180deg,hue_shift,borderline,false,false,false,false,false,none,no_match,true,false,1655,7.348,52.898,16384,1.000,4,4,true,0,6,0.073,0.005,235.575,24.298,0.554,154.014,414.643
picsum_1008__saturation_boost_2.0x,picsum_1008,saturation_boost_2.0x,saturation_boost,borderline,false,false,false,true,true,base,visual_match,true,true,1495,4.938,37.035,16384,1.000,4,4,true,0,6,0.050,0.003,216.570,23.885,0.498,49.016,290.095
picsum_1009__downscale_0.33x,picsum_1009,downscale_0.33x,downscale,borderline,true,false,false,false,false,none,no_match,true,false,24,13.216,220.030,6338,0.387,3,3,true,0,12,0.009,0.005,144.806,10.440,0.378,20.887,176.545
picsum_1009__jpeg_recompress_q50,picsum_1009,jpeg_recompress_q50,jpeg_recompress,high,true,false,false,true,true,base,visual_match,true,true,189,1.338,19.738,16327,0.997,3,3,true,0,2,0.020,0.003,235.991,20.431,0.587,30.327,287.410
picsum_100__brightness_minus10pct,picsum_100,brightness_minus10pct,brightness,borderline,true,false,false,true,true,base,visual_match,true,true,1670,0.872,23.853,16384,1.000,2,2,true,0,6,0.071,0.005,238.754,31.155,0.521,62.417,332.988
picsum_100__format_change_gif,picsum_100,format_change_gif,format_change,borderline,true,false,false,true,true,base,visual_match,true,true,1863,0.344,0.866,16384,1.000,2,2,true,0,2,0.336,0.003,198.648,27.349,0.360,51.842,278.883
picsum_100__p3_as_srgb_q70,picsum_100,p3_as_srgb_q70,p3_as_srgb,borderline,true,false,false,false,false,none,no_match,true,false,1696,9.773,15.453,16221,0.990,2,2,true,0,6,0.048,0.005,243.342,25.673,0.494,105.347,374.997
picsum_1010__content_overlay_15pct,picsum_1010,content_overlay_15pct,content_overlay,high,false,false,false,false,false,none,no_match,true,false,1758,24.421,177.693,16384,1.000,1,1,true,0,32,0.055,0.002,250.769,27.902,0.392,54.450,333.631
picsum_1010__heavy_crop_60pct,picsum_1010,heavy_crop_60pct,heavy_crop,high,false,false,false,false,false,none,prefilter_empty,true,false,559,1.153,11.513,2500,0.153,0,0,false,-1,128,0.020,0.004,151.966,12.449,0.500,0.000,165.003
picsum_1010__rotate_90,picsum_1010,rotate_90,rotate_cardinal,borderline,true,false,false,false,false,none,no_match,true,false,1812,2.117,53.407,16254,0.992,1,1,true,0,4,0.068,0.003,228.104,26.237,0.516,60.131,315.136
picsum_1011__crop_border_5pct,picsum_1011,crop_border_5pct,crop_border,borderline,true,false,false,true,true,base,visual_match,true,true,1499,1.049,8.217,12996,0.793,1,1,true,0,58,0.055,0.004,199.890,21.188,0.452,46.841,268.518
picsum_1011__jpeg_recompress_q20,picsum_1011,jpeg_recompress_q20,jpeg_recompress,high,true,false,false,true,true,base,visual_match,true,true,1519,3.281,16.772,16384,1.000,2,2,true,0,8,0.025,0.003,176.118,21.351,0.414,49.552,247.540
picsum_1011__upscale_2.0x,picsum_1011,upscale_2.0x,upscale,borderline,true,false,false,true,true,base,visual_match,true,true,839,1.254,18.821,16254,0.992,3,3,true,0,6,0.088,0.003,386.995,43.908,0.500,63.892,495.507
picsum_1012__downscale_256px,picsum_1012,downscale_256px,downscale,borderline,true,false,false,false,false,none,no_match,true,false,203,8.714,73.589,16211,0.989,2,2,true,0,42,0.019,0.002,153.793,12.927,0.462,55.373,222.622
picsum_1012__noise_sigma10,picsum_1012,noise_sigma10,noise_light,high,true,false,false,true,true,base,visual_match,true,true,1653,1.884,7.124,16384,1.000,1,1,true,0,22,0.210,0.003,266.322,40.407,0.619,70.531,378.305
picsum_1013__color_invert,picsum_1013,color_invert,color_invert,high,false,false,false,false,false,none,prefilter_empty,true,false,5,67.266,194.143,16204,0.989,0,0,false,-1,112,0.075,0.002,230.962,23.449,0.368,0.000,254.959
picsum_1013__heavy_crop_40pct,picsum_1013,heavy_crop_40pct,heavy_crop,borderline,false,false,false,false,false,none,prefilter_empty,true,false,354,1.670,36.611,5776,0.353,0,0,false,-1,120,0.025,0.004,133.780,14.431,0.430,0.000,148.723
picsum_1013__rotate_32deg,picsum_1013,rotate_32deg,rotate_small,borderline,true,false,false,false,false,none,prefilter_empty,true,true,1189,1.390,18.013,13474,0.822,0,0,false,-1,106,0.100,0.002,178.857,22.718,0.520,0.000,202.292
picsum_1014__crop_border_15pct,picsum_1014,crop_border_15pct,crop_border,borderline,true,false,false,false,false,none,no_match,true,true,92,0.901,18.079,7785,0.475,1,1,false,-1,98,0.024,0.002,186.542,17.995,0.545,6.288,211.469
picsum_1014__hue_shift_60deg,picsum_1014,hue_shift_60deg,hue_shift,borderline,false,false,false,false,false,none,no_match,true,false,130,20.299,34.722,16172,0.987,4,4,true,0,14,0.038,0.003,247.428,23.962,0.622,159.239,431.363
picsum_1014__sharpen_light,picsum_1014,sharpen_light,sharpen,high,true,false,false,true,true,base,visual_match,true,true,181,0.601,10.980,16384,1.000,3,3,true,0,2,0.039,0.003,234.447,22.305,0.584,32.394,289.848
picsum_1015__downscale_0.75x,picsum_1015,downscale_0.75x,downscale,borderline,true,false,false,false,false,none,no_match,true,false,690,4.117,93.180,16304,0.995,1,1,true,0,14,0.058,0.003,207.314,23.815,0.473,55.818,287.600
picsum_1015__jpeg_recompress_q90,picsum_1015,jpeg_recompress_q90,jpeg_recompress,high,true,false,false,true,true,base,visual_match,true,true,1908,0.707,3.823,16384,1.000,2,2,true,0,2,0.122,0.002,249.138,30.780,0.470,61.994,342.668
picsum_1016__brightness_plus10pct,picsum_1016,brightness_plus10pct,brightness,borderline,true,false,false,true,true,base,visual_match,true,true,1796,1.285,16.576,16384,1.000,2,2,true,0,4,0.103,0.003,180.047,22.575,0.291,44.949,248.098
picsum_1016__format_change_tiff,picsum_1016,format_change_tiff,format_change,borderline,true,false,false,true,true,base,visual_match,true,true,2000,0.475,0.866,16384,1.000,2,2,true,0,2,0.928,0.004,206.437,41.745,0.624,67.021,317.625
picsum_1016__rotate_180,picsum_1016,rotate_180,rotate_cardinal,borderline,true,false,false,true,true,base,visual_match,true,true,1780,3.438,32.531,16256,0.992,2,2,true,0,0,0.137,0.003,247.615,32.518,0.480,60.941,341.854
picsum_1018__content_overlay_30pct,picsum_1018,content_overlay_30pct,content_overlay,high,false,false,false,false,false,none,no_match,true,false,1772,25.218,156.668,16384,1.000,1,1,true,0,56,0.085,0.004,242.029,25.694,0.432,53.736,322.119
picsum_1018__hue_shift_180deg,picsum_1018,hue_shift_180deg,hue_shift,borderline,false,false,false,false,false,none,no_match,true,false,1100,14.527,136.905,16384,1.000,1,1,true,0,24,0.061,0.002,222.056,25.034,0.322,57.530,305.071
picsum_1018__saturation_boost_2.0x,picsum_1018,saturation_boost_2.0x,saturation_boost,borderline,false,false,false,true,true,base,visual_match,true,true,1583,6.417,27.205,16384,1.000,1,1,true,0,10,0.082,0.004,262.158,28.781,0.509,61.502,353.168
picsum_1019__downscale_0.33x,picsum_1019,downscale_0.33x,downscale,borderline,true,false,false,false,false,none,no_match,true,false,172,3.040,47.032,16096,0.982,1,1,true,0,18,0.039,0.003,184.346,14.421,0.723,33.109,232.683
picsum_1019__jpeg_recompress_q50,picsum_1019,jpeg_recompress_q50,jpeg_recompress,high,true,false,false,true,true,base,visual_match,true,true,1363,1.585,9.135,16384,1.000,1,1,true,0,2,0.065,0.005,256.664,25.418,0.508,53.176,335.912
picsum_101__brightness_minus10pct,picsum_101,brightness_minus10pct,brightness,borderline,true,false,false,true,true,base,visual_match,true,true,1847,0.783,6.752,16384,1.000,1,1,true,0,4,0.072,0.003,247.101,28.609,0.574,64.435,340.951
picsum_101__format_change_gif,picsum_101,format_change_gif,format_change,borderline,true,false,false,true,true,base,visual_match,true,true,2000,0.306,0.866,16384,1.000,1,1,true,0,0,0.434,0.002,219.679,37.479,0.597,63.830,322.429
picsum_101__p3_as_srgb_q70,picsum_101,p3_as_srgb_q70,p3_as_srgb,borderline,true,false,false,false,false,none,no_match,true,false,1799,8.172,12.565,16384,1.000,1,1,true,0,8,0.049,0.003,250.707,31.400,0.642,64.730,347.596
picsum_1020__content_overlay_15pct,picsum_1020,content_overlay_15pct,content_overlay,high,false,false,false,false,false,none,no_match,true,false,1806,20.715,149.517,16384,1.000,1,1,true,0,44,0.166,0.004,263.509,36.466,0.404,59.446,360.207
picsum_1020__heavy_crop_60pct,picsum_1020,heavy_crop_60pct,heavy_crop,high,false,false,false,false,false,none,no_match,true,false,102,1.295,15.522,2500,0.153,1,1,false,-1,122,0.025,0.002,156.150,15.834,0.658,55.649,228.367
picsum_1020__rotate_90,picsum_1020,rotate_90,rotate_cardinal,borderline,true,false,false,false,false,none,no_match,true,false,1865,3.179,52.637,16384,1.000,2,2,true,0,4,0.138,0.003,297.650,43.881,0.520,117.900,460.227
picsum_1021__crop_border_5pct,picsum_1021,crop_border_5pct,crop_border,borderline,true,false,false,true,true,base,visual_match,true,true,1061,0.385,5.000,12996,0.793,1,1,true,0,92,0.049,0.003,221.928,23.033,0.495,47.065,292.651
picsum_1021__jpeg_recompress_q20,picsum_1021,jpeg_recompress_q20,jpeg_recompress,high,true,false,false,true,true,base,visual_match,true,true,1120,1.256,13.084,16384,1.000,2,2,true,0,10,0.027,0.004,235.684,25.684,0.591,51.586,313.639
picsum_1021__upscale_2.0x,picsum_1021,upscale_2.0x,upscale,borderline,true,false,false,true,true,base,visual_match,true,true,796,0.600,13.356,16221,0.990,1,1,true,0,6,0.077,0.004,534.635,53.857,0.668,76.557,665.907
picsum_1022__downscale_256px,picsum_1022,downscale_256px,downscale,borderline,true,false,false,false,false,none,no_match,true,false,56,7.456,85.525,14400,0.879,2,2,true,0,24,0.021,0.003,168.222,9.673,0.809,30.262,209.034
picsum_1022__noise_sigma10,picsum_1022,noise_sigma10,noise_light,high,true,false,false,true,true,base,visual_match,true,true,865,1.954,9.448,16384,1.000,3,3,true,0,38,0.130,0.007,236.934,27.056,0.495,46.975,311.774
picsum_1023__color_invert,picsum_1023,color_invert,color_invert,high,false,false,false,false,false,none,prefilter_empty,true,false,0,+Inf,+Inf,0,0.000,0,0,false,-1,118,0.139,0.003,180.501,35.315,0.471,0.000,216.609
picsum_1023__heavy_crop_40pct,picsum_1023,heavy_crop_40pct,heavy_crop,borderline,false,false,false,false,false,none,prefilter_empty,true,false,541,1.284,5.100,5776,0.353,0,0,false,-1,124,0.056,0.003,189.009,24.137,0.481,0.001,213.772
picsum_1023__rotate_32deg,picsum_1023,rotate_32deg,rotate_small,borderline,true,false,false,false,false,none,no_match,true,true,1085,1.625,19.023,13468,0.822,2,2,false,-1,120,0.155,0.003,264.056,40.025,0.463,51.792,356.655
picsum_1024__crop_border_15pct,picsum_1024,crop_border_15pct,crop_border,borderline,true,false,false,false,false,none,prefilter_empty,true,true,1228,1.259,15.348,7819,0.477,0,0,false,-1,114,0.044,0.023,223.174,22.519,0.395,0.002,246.214
picsum_1024__hue_shift_60deg,picsum_1024,hue_shift_60deg,hue_shift,borderline,false,false,false,false,false,none,no_match,true,false,1606,11.395,58.993,16384,1.000,1,1,true,0,2,0.061,0.003,233.095,21.973,0.357,47.384,302.967
picsum_1024__sharpen_light,picsum_1024,sharpen_light,sharpen,high,true,false,false,true,true,base,visual_match,true,true,1715,1.207,15.436,16384,1.000,1,1,true,0,4,0.051,0.004,183.292,23.317,0.489,44.736,251.994
picsum_1025__downscale_0.75x,picsum_1025,downscale_0.75x,downscale,borderline,true,false,false,true,true,base,visual_match,true,true,772,2.449,12.979,16384,1.000,1,1,true,0,18,0.038,0.002,165.490,17.312,0.344,41.041,224.314
picsum_1025__jpeg_recompress_q90,picsum_1025,jpeg_recompress_q90,jpeg_recompress,high,true,false,false,true,true,base,visual_match,true,true,1896,0.667,3.576,16384,1.000,1,1,true,0,4,0.096,0.003,180.459,25.835,0.478,52.678,259.652
picsum_1026__brightness_plus10pct,picsum_1026,brightness_plus10pct,brightness,borderline,true,false,false,true,true,base,visual_match,true,true,1747,3.219,25.954,16384,1.000,1,1,true,0,8,0.083,0.004,277.090,32.790,0.628,53.437,364.179
picsum_1026__format_change_tiff,picsum_1026,format_change_tiff,format_change,borderline,true,false,false,true,true,base,visual_match,true,true,2000,0.426,0.866,16384,1.000,1,1,true,0,2,0.555,0.005,269.530,28.670,0.345,50.098,349.746
picsum_1026__rotate_180,picsum_1026,rotate_180,rotate_cardinal,borderline,true,false,false,true,true,base,visual_match,true,true,1808,2.382,34.981,16356,0.998,1,1,true,0,2,0.103,0.003,226.138,37.712,0.639,72.430,337.129
picsum_1027__content_overlay_30pct,picsum_1027,content_overlay_30pct,content_overlay,high,false,false,false,false,false,none,no_match,true,false,284,25.991,183.024,16384,1.000,2,2,true,0,40,0.045,0.004,240.766,21.776,0.599,40.760,304.018
picsum_1027__hue_shift_180deg,picsum_1027,hue_shift_180deg,hue_shift,borderline,false,false,false,false,false,none,no_match,true,false,272,14.177,88.424,16351,0.998,1,1,true,0,12,0.049,0.006,245.889,25.048,0.612,35.289,306.981
picsum_1027__saturation_boost_2.0x,picsum_1027,saturation_boost_2.0x,saturation_boost,borderline,false,false,false,false,false,none,no_match,true,false,226,10.314,50.330,16369,0.999,4,4,true,0,12,0.040,0.002,193.171,18.206,0.430,67.942,279.845
picsum_1028__downscale_0.33x,picsum_1028,downscale_0.33x,downscale,borderline,true,false,false,true,true,base,visual_match,true,true,234,3.618,32.788,16116,0.984,1,1,true,0,34,0.012,0.004,111.888,8.186,0.463,25.481,146.087
picsum_1028__jpeg_recompress_q50,picsum_1028,jpeg_recompress_q50,jpeg_recompress,high,true,false,false,true,true,base,visual_match,true,true,1598,1.444,8.091,16384,1.000,1,1,true,0,16,0.032,0.002,202.203,25.036,0.520,49.637,277.520
picsum_1029__brightness_minus10pct,picsum_1029,brightness_minus10pct,brightness,borderline,true,false,false,true,true,base,visual_match,true,true,1841,0.903,6.607,16384,1.000,1,1,true,0,6,0.105,0.003,236.736,32.043,0.470,70.051,339.528
picsum_1029__format_change_gif,picsum_1029,format_change_gif,format_change,borderline,true,false,false,true,true,base,visual_match,true,true,2000,0.394,0.866,16384,1.000,1,1,true,0,0,0.766,0.005,217.613,42.538,0.576,63.847,326.057
picsum_1029__p3_as_srgb_q70,picsum_1029,p3_as_srgb_q70,p3_as_srgb,borderline,true,false,false,true,true,base,visual_match,true,true,1836,6.773,11.681,16384,1.000,1,1,true,0,6,0.114,0.003,243.596,34.385,0.500,57.640,336.363
picsum_102__content_overlay_15pct,picsum_102,content_overlay_15pct,content_overlay,high,false,false,false,false,false,none,no_match,true,false,1275,25.384,171.833,16384,1.000,1,1,true,0,40,0.045,0.003,225.037,20.108,0.324,38.714,284.333
picsum_102__heavy_crop_60pct,picsum_102,heavy_crop_60pct,heavy_crop,high,false,false,false,false,false,none,no_match,true,false,122,1.329,22.355,2574,0.157,2,2,false,-1,112,0.011,0.002,116.381,9.601,0.506,25.858,152.386
picsum_102__rotate_90,picsum_102,rotate_90,rotate_cardinal,borderline,true,false,false,false,false,none,no_match,true,false,1266,1.877,44.611,16075,0.981,1,1,true,0,2,0.041,0.003,207.508,24.723,0.481,44.022,276.843
picsum_1031__crop_border_5pct,picsum_1031,crop_border_5pct,crop_border,borderline,true,false,false,true,true,base,visual_match,true,true,965,0.650,4.642,12996,0.793,2,2,true,0,78,0.069,0.003,243.743,27.664,0.551,52.042,324.185
picsum_1031__jpeg_recompress_q20,picsum_1031,jpeg_recompress_q20,jpeg_recompress,high,true,false,false,true,true,base,visual_match,true,true,756,2.445,9.845,16384,1.000,1,1,true,0,24,0.031,0.003,216.983,26.079,0.515,43.957,287.628
picsum_1031__upscale_2.0x,picsum_1031,upscale_2.0x,upscale,borderline,true,false,false,true,true,base,visual_match,true,true,512,0.878,19.871,16384,1.000,1,1,true,0,10,0.090,0.004,402.711,38.254,0.538,60.032,501.740
picsum_1032__downscale_256px,picsum_1032,downscale_256px,downscale,borderline,true,false,false,false,false,none,no_match,true,false,162,8.409,122.671,16105,0.983,1,1,true,0,36,0.016,0.002,145.936,11.637,0.452,35.796,193.877
picsum_1032__noise_sigma10,picsum_1032,noise_sigma10,noise_light,high,true,false,false,true,true,base,visual_match,true,true,1655,1.991,12.284,16384,1.000,2,2,true,0,26,0.161,0.003,250.125,33.776,0.633,57.883,342.780
picsum_1033__color_invert,picsum_1033,color_invert,color_invert,high,false,false,false,false,false,none,prefilter_empty,true,false,6,46.700,233.969,16280,0.994,0,0,false,-1,122,0.067,0.003,187.485,20.170,0.440,0.000,208.274
picsum_1033__heavy_crop_40pct,picsum_1033,heavy_crop_40pct,heavy_crop,borderline,false,false,false,false,false,none,prefilter_empty,true,false,890,1.714,21.948,5776,0.353,0,0,false,-1,102,0.029,0.002,128.871,14.416,0.460,0.000,143.820
picsum_1033__rotate_32deg,picsum_1033,rotate_32deg,rotate_small,borderline,true,false,false,false,false,none,prefilter_empty,true,true,1248,1.464,18.309,13474,0.822,0,0,false,-1,126,0.074,0.003,175.826,22.125,0.440,0.000,198.572
picsum_1035__crop_border_15pct,picsum_1035,crop_border_15pct,crop_border,borderline,true,false,false,false,false,none,prefilter_empty,true,true,69,0.977,28.995,7848,0.479,0,0,false,-1,134,0.026,0.003,145.499,13.141,0.396,0.000,159.123
picsum_1035__hue_shift_60deg,picsum_1035,hue_shift_60deg,hue_shift,borderline,false,false,false,false,false,none,no_match,true,false,1289,15.897,48.100,16384,1.000,1,1,true,0,14,0.059,0.003,193.119,28.492,0.526,52.465,274.741
picsum_1035__sharpen_light,picsum_1035,sharpen_light,sharpen,high,true,false,false,true,true,base,visual_match,true,true,1306,0.993,16.049,16384,1.000,1,1,true,0,8,0.056,0.002,190.213,21.691,0.422,39.917,252.406
picsum_1036__downscale_0.75x,picsum_1036,downscale_0.75x,downscale,borderline,true,false,false,true,true,base,visual_match,true,true,600,2.142,33.011,16156,0.986,1,1,true,0,20,0.042,0.003,197.675,25.204,0.581,54.780,278.355
picsum_1036__jpeg_recompress_q90,picsum_1036,jpeg_recompress_q90,jpeg_recompress,high,true,false,false,true,true,base,visual_match,true,true,1898,0.535,4.503,16384,1.000,3,3,true,0,6,0.094,0.002,275.719,43.407,0.512,57.821,377.641
picsum_1037__brightness_plus10pct,picsum_1037,brightness_plus10pct,brightness,borderline,true,false,false,true,true,base,visual_match,true,true,1717,2.609,25.921,16384,1.000,1,1,true,0,6,0.077,0.003,250.758,33.684,0.555,57.649,342.842
picsum_1037__format_change_tiff,picsum_1037,format_change_tiff,format_change,borderline,true,false,false,true,true,base,visual_match,true,true,1940,0.412,0.866,16384,1.000,1,1,true,0,2,0.537,0.003,228.504,35.656,0.470,75.850,341.515
picsum_1037__rotate_180,picsum_1037,rotate_180,rotate_cardinal,borderline,true,false,false,true,true,base,visual_match,true,true,1762,2.536,34.677,16181,0.988,2,2,true,0,0,0.082,0.003,253.890,32.768,0.548,65.556,352.988
picsum_1038__content_overlay_30pct,picsum_1038,content_overlay_30pct,content_overlay,high,false,false,false,false,false,none,no_match,true,false,1125,23.609,183.769,16384,1.000,2,2,true,0,48,0.115,0.003,245.180,31.840,0.406,121.591,399.266
picsum_1038__hue_shift_180deg,picsum_1038,hue_shift_180deg,hue_shift,borderline,false,false,false,false,false,none,no_match,true,false,1553,23.501,110.340,16384,1.000,1,1,true,0,6,0.163,0.006,246.482,36.051,0.512,61.943,345.300
picsum_1038__saturation_boost_2.0x,picsum_1038,saturation_boost_2.0x,saturation_boost,borderline,false,false,false,false,false,none,no_match,true,false,1216,11.522,29.408,16384,1.000,1,1,true,0,14,0.160,0.003,250.932,37.346,0.565,61.652,350.835
picsum_1039__downscale_0.33x,picsum_1039,downscale_0.33x,downscale,borderline,true,false,false,false,false,none,no_match,true,false,217,7.318,50.266,16114,0.984,2,2,true,0,26,0.026,0.003,154.695,12.447,0.509,73.494,241.229
picsum_1039__jpeg_recompress_q50,picsum_1039,jpeg_recompress_q50,jpeg_recompress,high,true,false,false,true,true,base,visual_match,true,true,1552,2.510,13.066,16384,1.000,2,2,true,0,8,0.083,0.003,260.426,34.773,0.472,58.895,354.795
picsum_103__brightness_minus10pct,picsum_103,brightness_minus10pct,brightness,borderline,true,false,false,true,true,base,visual_match,true,true,1794,1.932,25.247,16384,1.000,1,1,true,0,4,0.107,0.003,236.753,32.459,0.634,62.522,332.623
picsum_103__format_change_gif,picsum_103,format_change_gif,format_change,borderline,true,false,false,true,true,base,visual_match,true,true,2000,0.450,0.866,16384,1.000,1,1,true,0,0,0.757,0.005,230.044,41.542,0.506,68.243,341.731
picsum_103__p3_as_srgb_q70,picsum_103,p3_as_srgb_q70,p3_as_srgb,borderline,true,false,false,true,true,base,visual_match,true,true,1805,6.574,13.194,16384,1.000,1,1,true,0,0,0.087,0.003,189.802,25.162,0.425,44.910,260.503
picsum_1040__content_overlay_15pct,picsum_1040,content_overlay_15pct,content_overlay,high,false,false,false,false,false,none,no_match,true,false,1347,20.014,164.375,16384,1.000,1,1,true,0,48,0.063,0.003,188.119,21.653,0.429,47.874,258.221
picsum_1040__heavy_crop_60pct,picsum_1040,heavy_crop_60pct,heavy_crop,high,false,false,false,false,false,none,prefilter_empty,true,false,621,1.290,8.862,2500,0.153,0,0,false,-1,122,0.021,0.003,119.737,11.002,0.420,0.000,131.233
picsum_1040__rotate_90,picsum_1040,rotate_90,rotate_cardinal,borderline,true,false,false,false,false,none,no_match,true,false,1855,2.193,47.667,16334,0.997,1,1,true,0,2,0.070,0.003,176.866,23.338,0.502,48.353,249.242
picsum_1041__crop_border_5pct,picsum_1041,crop_border_5pct,crop_border,borderline,true,false,false,true,true,base,visual_match,true,true,1371,1.256,8.013,12996,0.793,1,1,true,0,74,0.050,0.002,164.840,18.830,0.411,41.454,225.651
picsum_1041__jpeg_recompress_q20,picsum_1041,jpeg_recompress_q20,jpeg_recompress,high,true,false,false,true,true,base,visual_match,true,true,1391,3.456,21.952,16384,1.000,1,1,true,0,8,0.020,0.002,173.573,21.082,0.439,49.887,245.051
picsum_1041__upscale_2.0x,picsum_1041,upscale_2.0x,upscale,borderline,true,false,false,true,true,base,visual_match,true,true,927,1.338,16.133,16346,0.998,1,1,true,0,10,0.087,0.003,423.074,46.527,0.402,68.953,539.166
picsum_1042__downscale_256px,picsum_1042,downscale_256px,downscale,borderline,true,false,false,false,false,none,no_match,true,false,186,7.748,98.327,16164,0.987,2,2,true,0,56,0.018,0.002,164.234,15.534,0.754,97.673,278.265
picsum_1042__noise_sigma10,picsum_1042,noise_sigma10,noise_light,high,true,false,false,true,true,base,visual_match,true,true,1777,2.080,9.069,16384,1.000,1,1,true,0,14,0.199,0.003,297.731,37.202,0.559,74.108,410.036
picsum_1043__color_invert,picsum_1043,color_invert,color_invert,high,false,false,false,false,false,none,prefilter_empty,true,false,5,66.995,206.632,16307,0.995,0,0,false,-1,122,0.151,0.003,260.899,44.580,0.467,0.000,306.244
picsum_1043__heavy_crop_40pct,picsum_1043,heavy_crop_40pct,heavy_crop,borderline,false,false,false,false,false,none,no_match,true,false,130,1.666,10.111,5776,0.353,1,1,false,-1,130,0.065,0.003,184.124,24.724,0.437,47.865,257.308
picsum_1043__rotate_32deg,picsum_1043,rotate_32deg,rotate_small,borderline,true,false,false,false,false,none,no_match,true,true,869,1.979,17.229,13467,0.822,2,2,false,-1,114,0.173,0.003,254.280,38.057,0.588,107.555,400.837
picsum_1044__crop_border_15pct,picsum_1044,crop_border_15pct,crop_border,borderline,true,false,false,false,false,none,prefilter_empty,true,true,823,2.259,30.155,7842,0.479,0,0,false,-1,116,0.056,0.001,140.815,20.714,0.446,0.000,162.104
picsum_1044__hue_shift_60deg,picsum_1044,hue_shift_60deg,hue_shift,borderline,false,false,false,true,true,base,visual_match,true,true,1757,5.922,33.599,16384,1.000,1,1,true,0,8,0.135,0.004,235.457,36.527,0.550,59.952,332.857
picsum_1044__sharpen_light,picsum_1044,sharpen_light,sharpen,high,true,false,false,true,true,base,visual_match,true,true,1636,1.763,19.285,16384,1.000,1,1,true,0,14,0.141,0.002,243.041,38.270,0.490,66.859,348.927
picsum_1045__downscale_0.75x,picsum_1045,downscale_0.75x,downscale,borderline,true,false,false,true,true,base,visual_match,true,true,769,1.391,15.290,16291,0.994,2,2,true,0,14,0.029,0.003,202.159,25.289,0.569,60.077,288.231
picsum_1045__jpeg_recompress_q90,picsum_1045,jpeg_recompress_q90,jpeg_recompress,high,true,false,false,true,true,base,visual_match,true,true,1860,0.440,3.826,16384,1.000,2,2,true,0,0,0.067,0.004,254.794,31.706,0.568,57.341,344.559
picsum_1047__brightness_plus10pct,picsum_1047,brightness_plus10pct,brightness,borderline,true,false,false,true,true,base,visual_match,true,true,1805,1.691,18.586,16384,1.000,1,1,true,0,8,0.131,0.003,241.288,40.344,0.502,60.568,343.048
picsum_1047__format_change_tiff,picsum_1047,format_change_tiff,format_change,borderline,true,false,false,true,true,base,visual_match,true,true,2000,0.459,0.847,16384,1.000,2,2,true,0,2,0.866,0.004,228.702,39.405,0.699,66.250,336.710
picsum_1047__rotate_180,picsum_1047,rotate_180,rotate_cardinal,borderline,true,false,false,false,false,none,no_match,true,false,1874,3.002,42.472,16337,0.997,2,2,true,0,6,0.140,0.004,244.819,41.873,0.520,106.323,393.828
picsum_1048__content_overlay_30pct,picsum_1048,content_overlay_30pct,content_overlay,high,false,false,false,false,false,none,no_match,true,false,1463,25.318,166.933,16384,1.000,1,1,true,0,46,0.125,0.002,232.577,33.769,0.570,71.022,338.184
picsum_1048__hue_shift_180deg,picsum_1048,hue_shift_180deg,hue_shift,borderline,false,false,false,false,false,none,no_match,true,false,1537,8.879,41.241,16384,1.000,1,1,true,0,8,0.120,0.003,251.382,32.629,0.508,57.494,342.278
picsum_1048__saturation_boost_2.0x,picsum_1048,saturation_boost_2.0x,saturation_boost,borderline,false,false,false,true,true,base,visual_match,true,true,1495,5.962,35.334,16384,1.000,1,1,true,0,4,0.125,0.003,239.799,37.638,0.488,57.836,336.067
picsum_1049__downscale_0.33x,picsum_1049,downscale_0.33x,downscale,borderline,true,false,false,false,false,none,no_match,true,false,117,2.672,55.083,16105,0.983,1,1,true,0,16,0.018,0.004,198.519,12.683,0.669,32.857,244.793
picsum_1049__jpeg_recompress_q50,picsum_1049,jpeg_recompress_q50,jpeg_recompress,high,true,false,false,true,true,base,visual_match,true,true,1243,1.348,10.740,16384,1.000,2,2,true,0,8,0.040,0.003,236.728,28.184,0.578,52.733,318.327
picsum_104__brightness_minus10pct,picsum_104,brightness_minus10pct,brightness,borderline,true,false,false,true,true,base,visual_match,true,true,1884,0.787,8.453,16384,1.000,1,1,true,0,4,0.052,0.002,247.897,26.852,0.525,61.568,336.966
picsum_104__format_change_gif,picsum_104,format_change_gif,format_change,borderline,true,false,false,true,true,base,visual_match,true,true,2000,0.324,0.866,16384,1.000,1,1,true,0,0,0.339,0.008,157.388,23.214,0.460,45.446,227.316
picsum_104__p3_as_srgb_q70,picsum_104,p3_as_srgb_q70,p3_as_srgb,borderline,true,false,false,true,true,base,visual_match,true,true,1766,7.845,13.941,16384,1.000,1,1,true,0,4,0.035,0.002,186.314,18.939,0.458,46.396,252.223
picsum_1050__content_overlay_15pct,picsum_1050,content_overlay_15pct,content_overlay,high,false,false,false,false,false,none,no_match,true,false,1763,20.390,170.236,16384,1.000,3,3,true,0,56,0.129,0.003,251.614,33.471,0.465,175.666,461.493
picsum_1050__heavy_crop_60pct,picsum_1050,heavy_crop_60pct,heavy_crop,high,false,false,false,false,false,none,no_match,true,false,245,1.532,16.716,2500,0.153,1,1,false,-1,110,0.027,0.003,164.766,15.330,0.482,18.961,199.723
picsum_1050__rotate_90,picsum_1050,rotate_90,rotate_cardinal,borderline,true,false,false,false,false,none,no_match,true,false,1892,3.244,47.787,16380,1.000,2,2,true,0,4,0.117,0.004,239.910,34.395,0.490,94.553,369.596
picsum_1051__crop_border_5pct,picsum_1051,crop_border_5pct,crop_border,borderline,true,false,false,true,true,base,visual_match,true,true,1253,1.269,21.156,13049,0.796,1,1,true,0,78,0.063,0.003,221.954,24.296,0.470,53.464,300.345
picsum_1051__jpeg_recompress_q20,picsum_1051,jpeg_recompress_q20,jpeg_recompress,high,true,false,false,true,true,base,visual_match,true,true,1323,2.877,14.038,16384,1.000,2,2,true,0,12,0.026,0.002,216.182,23.317,0.464,65.352,305.392
picsum_1051__upscale_2.0x,picsum_1051,upscale_2.0x,upscale,borderline,true,false,false,false,false,none,no_match,true,false,661,2.286,69.928,16210,0.989,2,2,true,0,8,0.108,0.003,525.081,50.553,0.555,120.906,697.292
picsum_1052__downscale_256px,picsum_1052,downscale_256px,downscale,borderline,true,false,false,false,false,none,no_match,true,false,163,3.464,80.843,16162,0.986,1,1,true,0,20,0.019,0.003,147.342,9.685,0.317,28.048,185.448
picsum_1052__noise_sigma10,picsum_1052,noise_sigma10,noise_light,high,true,false,false,true,true,base,visual_match,true,true,1624,1.753,7.618,16384,1.000,1,1,true,0,12,0.134,0.003,189.924,22.439,0.405,41.551,254.617
picsum_1053__color_invert,picsum_1053,color_invert,color_invert,high,false,false,false,false,false,none,no_match,true,false,4,66.910,185.351,5993,0.366,1,1,false,-1,130,0.140,0.003,235.135,50.088,0.585,40.952,327.054
picsum_1053__heavy_crop_40pct,picsum_1053,heavy_crop_40pct,heavy_crop,borderline,false,false,false,false,false,none,prefilter_empty,true,false,750,1.667,12.780,5776,0.353,0,0,false,-1,126,0.074,0.003,132.606,20.494,0.438,0.000,153.719
picsum_1053__rotate_32deg,picsum_1053,rotate_32deg,rotate_small,borderline,true,false,false,false,false,none,prefilter_empty,true,true,1083,2.004,20.426,13469,0.822,0,0,false,-1,122,0.126,0.004,184.217,36.936,0.505,0.000,221.995
picsum_1054__crop_border_15pct,picsum_1054,crop_border_15pct,crop_border,borderline,true,false,false,false,false,none,prefilter_empty,true,true,1108,1.624,16.587,7832,0.478,0,0,false,-1,116,0.055,0.003,139.572,21.733,0.357,0.000,161.804
picsum_1054__hue_shift_60deg,picsum_1054,hue_shift_60deg,hue_shift,borderline,false,false,false,false,false,none,no_match,true,false,1795,8.240,58.754,16384,1.000,4,4,true,0,4,0.130,0.003,189.315,28.121,0.442,108.830,326.999
picsum_1054__sharpen_light,picsum_1054,sharpen_light,sharpen,high,true,false,false,true,true,base,visual_match,true,true,1685,2.148,19.603,16384,1.000,2,2,true,0,14,0.101,0.001,171.705,31.406,0.405,45.204,248.926
picsum_1055__downscale_0.75x,picsum_1055,downscale_0.75x,downscale,borderline,true,false,false,true,true,base,visual_match,true,true,396,1.799,30.931,15928,0.972,3,3,true,0,32,0.031,0.003,202.786,18.965,0.690,44.714,267.258
picsum_1055__jpeg_recompress_q90,picsum_1055,jpeg_recompress_q90,jpeg_recompress,high,true,false,false,true,true,base,visual_match,true,true,1387,0.496,13.328,16384,1.000,6,6,true,0,8,0.061,0.003,254.477,25.775,0.594,52.625,333.620
picsum_1056__brightness_plus10pct,picsum_1056,brightness_plus10pct,brightness,borderline,true,false,false,true,true,base,visual_match,true,true,1113,0.599,5.102,16384,1.000,2,2,true,0,2,0.049,0.003,245.734,23.041,0.591,40.336,309.831
picsum_1056__format_change_tiff,picsum_1056,format_change_tiff,format_change,borderline,true,false,false,true,true,base,visual_match,true,true,1179,0.385,0.866,16384,1.000,2,2,true,0,2,0.307,0.003,177.440,20.112,0.438,37.214,235.843
picsum_1056__rotate_180,picsum_1056,rotate_180,rotate_cardinal,borderline,true,false,false,true,true,base,visual_match,true,true,987,1.267,29.455,16381,1.000,2,2,true,0,0,0.037,0.003,206.474,18.321,0.420,31.938,257.264
picsum_1057__content_overlay_30pct,picsum_1057,content_overlay_30pct,content_overlay,high,false,false,false,false,false,none,no_match,true,false,1124,24.514,186.753,16384,1.000,1,1,true,0,58,0.075,0.002,175.031,21.332,0.372,42.445,239.334
picsum_1057__hue_shift_180deg,picsum_1057,hue_shift_180deg,hue_shift,borderline,false,false,false,false,false,none,no_match,true,false,573,35.160,169.154,16315,0.996,7,7,true,0,32,0.070,0.002,179.247,21.582,0.476,264.393,465.876
picsum_1057__saturation_boost_2.0x,picsum_1057,saturation_boost_2.0x,saturation_boost,borderline,false,false,false,false,false,none,no_match,true,false,1021,11.532,47.247,16384,1.000,4,4,true,0,16,0.076,0.002,181.977,22.674,0.501,149.332,354.647
picsum_1058__downscale_0.33x,picsum_1058,downscale_0.33x,downscale,borderline,true,false,false,false,false,none,no_match,true,false,72,4.499,69.517,16256,0.992,1,1,true,0,34,0.012,0.003,112.154,7.879,0.433,24.121,144.632
picsum_1058__jpeg_recompress_q50,picsum_1058,jpeg_recompress_q50,jpeg_recompress,high,true,false,false,true,true,base,visual_match,true,true,1194,1.449,7.823,16384,1.000,1,1,true,0,14,0.055,0.003,182.292,21.895,0.400,39.172,243.906
picsum_1059__brightness_minus10pct,picsum_1059,brightness_minus10pct,brightness,borderline,true,false,false,true,true,base,visual_match,true,true,1705,3.740,26.261,16384,1.000,1,1,true,0,8,0.066,0.003,188.594,21.636,0.339,48.155,258.890
picsum_1059__format_change_gif,picsum_1059,format_change_gif,format_change,borderline,true,false,false,true,true,base,visual_match,true,true,2000,0.460,0.866,16384,1.000,1,1,true,0,0,0.521,0.002,170.972,39.656,0.477,56.461,268.699
picsum_1059__p3_as_srgb_q70,picsum_1059,p3_as_srgb_q70,p3_as_srgb,borderline,true,false,false,true,true,base,visual_match,true,true,1844,6.155,12.978,16384,1.000,1,1,true,0,0,0.069,0.003,229.650,28.786,0.564,52.016,311.212
picsum_1060__content_overlay_15pct,picsum_1060,content_overlay_15pct,content_overlay,high,false,false,false,false,false,none,no_match,true,false,1714,23.951,183.107,16384,1.000,1,1,true,0,54,0.074,0.004,211.919,27.904,0.591,54.525,295.093
picsum_1060__heavy_crop_60pct,picsum_1060,heavy_crop_60pct,heavy_crop,high,false,false,false,false,false,none,no_match,true,false,214,1.666,23.681,2500,0.153,1,1,false,-1,120,0.026,0.003,173.992,13.118,0.569,5.413,193.166
picsum_1060__rotate_90,picsum_1060,rotate_90,rotate_cardinal,borderline,true,false,false,false,false,none,no_match,true,false,1681,2.596,66.088,16265,0.993,1,1,true,0,0,0.064,0.003,245.367,29.477,0.477,62.832,338.321
picsum_1061__crop_border_5pct,picsum_1061,crop_border_5pct,crop_border,borderline,true,false,false,true,true,base,visual_match,true,true,1212,1.068,20.002,13047,0.796,1,1,true,0,64,0.077,0.003,224.930,28.712,0.480,53.665,308.000
picsum_1061__jpeg_recompress_q20,picsum_1061,jpeg_recompress_q20,jpeg_recompress,high,true,false,false,true,true,base,visual_match,true,true,1370,3.006,12.493,16384,1.000,1,1,true,0,20,0.038,0.003,249.739,29.791,0.543,62.757,342.954
picsum_1061__upscale_2.0x,picsum_1061,upscale_2.0x,upscale,borderline,true,false,false,true,true,base,visual_match,true,true,763,1.240,18.473,16251,0.992,1,1,true,0,8,0.173,0.003,560.966,55.797,0.485,82.638,700.261
picsum_1062__downscale_256px,picsum_1062,downscale_256px,downscale,borderline,true,false,false,false,false,none,no_match,true,false,201,4.660,59.452,16079,0.981,1,1,true,0,14,0.014,0.003,184.521,12.691,0.563,37.059,234.893
picsum_1062__noise_sigma10,picsum_1062,noise_sigma10,noise_light,high,true,false,false,true,true,base,visual_match,true,true,1543,1.924,17.465,16351,0.998,2,2,true,0,16,0.146,0.003,276.273,31.806,0.519,63.675,372.582
picsum_1063__color_invert,picsum_1063,color_invert,color_invert,high,false,false,false,false,false,none,prefilter_empty,true,false,4,66.028,274.774,14377,0.878,0,0,false,-1,124,0.177,0.004,251.817,44.350,0.658,0.000,297.254
picsum_1063__heavy_crop_40pct,picsum_1063,heavy_crop_40pct,heavy_crop,borderline,false,false,false,false,false,none,no_match,true,false,721,1.647,10.473,5776,0.353,1,1,false,-1,120,0.056,0.002,141.823,17.720,0.427,48.738,208.843
picsum_1063__rotate_32deg,picsum_1063,rotate_32deg,rotate_small,borderline,true,false,false,false,false,none,no_match,true,true,1061,1.985,16.801,13463,0.822,1,1,false,-1,116,0.153,0.003,205.315,31.575,0.443,36.484,274.176
picsum_1064__crop_border_15pct,picsum_1064,crop_border_15pct,crop_border,borderline,true,false,false,false,false,none,no_match,true,true,831,0.991,18.700,7917,0.483,1,1,false,-1,114,0.025,0.003,156.531,13.424,0.478,12.503,183.015
picsum_1064__hue_shift_60deg,picsum_1064,hue_shift_60deg,hue_shift,borderline,false,false,false,true,true,base,visual_match,true,true,1520,0.291,6.930,16384,1.000,1,1,true,0,2,0.036,0.003,191.540,20.186,0.320,44.746,256.912
picsum_1064__sharpen_light,picsum_1064,sharpen_light,sharpen,high,true,false,false,true,true,base,visual_match,true,true,1412,0.854,15.839,16382,1.000,2,2,true,0,8,0.037,0.003,208.819,28.293,0.578,42.517,280.345
picsum_1065__downscale_0.75x,picsum_1065,downscale_0.75x,downscale,borderline,true,false,false,true,true,base,visual_match,true,true,812,1.682,13.897,16384,1.000,2,2,true,0,14,0.025,0.002,142.529,16.235,0.365,36.764,195.974
picsum_1065__jpeg_recompress_q90,picsum_1065,jpeg_recompress_q90,jpeg_recompress,high,true,false,false,true,true,base,visual_match,true,true,1909,0.526,2.392,16384,1.000,1,1,true,0,0,0.065,0.003,179.566,23.119,0.494,51.941,255.312
picsum_1066__brightness_plus10pct,picsum_1066,brightness_plus10pct,brightness,borderline,true,false,false,true,true,base,visual_match,true,true,492,3.056,25.694,16325,0.996,1,1,true,0,10,0.031,0.003,171.219,19.165,0.504,32.204,223.189
picsum_1066__format_change_tiff,picsum_1066,format_change_tiff,format_change,borderline,true,false,false,true,true,base,visual_match,true,true,694,0.397,0.866,16384,1.000,1,1,true,0,0,0.265,0.003,155.421,21.297,0.474,29.060,206.881
picsum_1066__rotate_180,picsum_1066,rotate_180,rotate_cardinal,borderline,true,false,false,true,true,base,visual_match,true,true,645,1.745,33.536,16204,0.989,1,1,true,0,2,0.046,0.003,243.204,27.811,0.584,42.252,313.980
picsum_1067__content_overlay_30pct,picsum_1067,content_overlay_30pct,content_overlay,high,false,false,false,false,false,none,no_match,true,false,1850,27.321,158.569,16384,1.000,1,1,true,0,54,0.082,0.003,242.641,30.289,0.504,70.668,344.336
picsum_1067__hue_shift_180deg,picsum_1067,hue_shift_180deg,hue_shift,borderline,false,false,false,false,false,none,no_match,true,false,1574,21.540,93.556,16384,1.000,1,1,true,0,14,0.078,0.003,248.774,37.590,0.480,60.773,347.806
picsum_1067__saturation_boost_2.0x,picsum_1067,saturation_boost_2.0x,saturation_boost,borderline,false,false,false,false,false,none,no_match,true,false,1198,14.301,50.252,16319,0.996,1,1,true,0,16,0.116,0.003,247.298,30.112,0.477,54.879,333.005
picsum_1068__downscale_0.33x,picsum_1068,downscale_0.33x,downscale,borderline,true,false,false,false,false,none,no_match,true,false,98,4.383,130.752,15876,0.969,1,1,true,0,40,0.018,0.003,116.260,7.988,0.410,20.421,145.128
picsum_1068__jpeg_recompress_q50,picsum_1068,jpeg_recompress_q50,jpeg_recompress,high,true,false,false,true,true,base,visual_match,true,true,1131,1.364,12.868,16384,1.000,2,2,true,0,20,0.059,0.003,175.858,20.134,0.445,37.668,234.233
picsum_1069__brightness_minus10pct,picsum_1069,brightness_minus10pct,brightness,borderline,true,false,false,true,true,base,visual_match,true,true,1597,5.112,17.159,16234,0.991,2,2,true,0,8,0.034,0.003,176.962,19.906,0.518,40.702,238.194
picsum_1069__format_change_gif,picsum_1069,format_change_gif,format_change,borderline,true,false,false,true,true,base,visual_match,true,true,1920,0.422,0.866,16384,1.000,2,2,true,0,2,0.303,0.002,156.061,22.222,0.513,47.330,226.752
picsum_1069__p3_as_srgb_q70,picsum_1069,p3_as_srgb_q70,p3_as_srgb,borderline,true,false,false,true,true,base,visual_match,true,true,1640,3.852,18.931,16384,1.000,1,1,true,0,6,0.031,0.004,211.601,25.665,0.682,55.178,293.248
picsum_106__content_overlay_15pct,picsum_106,content_overlay_15pct,content_overlay,high,false,false,false,false,false,none,no_match,true,false,1602,19.601,184.276,16384,1.000,1,1,true,0,30,0.065,0.004,173.469,25.033,0.421,46.788,245.875
picsum_106__heavy_crop_60pct,picsum_106,heavy_crop_60pct,heavy_crop,high,false,false,false,false,false,none,prefilter_empty,true,false,230,2.147,33.193,2510,0.153,0,0,false,-1,130,0.020,0.003,115.491,10.976,0.404,0.000,126.933
picsum_106__rotate_90,picsum_106,rotate_90,rotate_cardinal,borderline,true,false,false,false,false,none,no_match,true,false,1932,3.707,45.727,16312,0.996,1,1,true,0,2,0.081,0.003,177.934,25.380,0.426,48.946,252.896
picsum_1070__crop_border_5pct,picsum_1070,crop_border_5pct,crop_border,borderline,true,false,false,true,true,base,visual_match,true,true,1184,2.064,37.843,13091,0.799,1,1,true,0,96,0.068,0.003,186.804,26.750,0.376,48.250,262.355
picsum_1070__jpeg_recompress_q20,picsum_1070,jpeg_recompress_q20,jpeg_recompress,high,true,false,false,true,true,base,visual_match,true,true,1523,2.908,15.021,16384,1.000,1,1,true,0,10,0.034,0.002,259.222,30.608,0.528,62.194,352.679
picsum_1070__upscale_2.0x,picsum_1070,upscale_2.0x,upscale,borderline,true,false,false,true,true,base,visual_match,true,true,718,2.033,27.338,16354,0.998,1,1,true,0,12,0.125,0.006,538.911,64.796,0.625,74.759,679.387
picsum_1071__downscale_256px,picsum_1071,downscale_256px,downscale,borderline,true,false,false,false,false,none,no_match,true,false,213,7.646,63.650,16344,0.998,2,2,true,0,42,0.037,0.003,112.982,9.194,0.423,60.647,183.327
picsum_1071__noise_sigma10,picsum_1071,noise_sigma10,noise_light,high,true,false,false,true,true,base,visual_match,true,true,1561,2.235,6.933,16384,1.000,1,1,true,0,6,0.125,0.003,183.358,26.178,0.407,48.739,258.995
picsum_1072__color_invert,picsum_1072,color_invert,color_invert,high,false,false,false,false,false,none,prefilter_empty,true,false,4,100.830,270.744,14314,0.874,0,0,false,-1,116,0.065,0.003,207.723,25.524,0.517,0.000,233.922
picsum_1072__heavy_crop_40pct,picsum_1072,heavy_crop_40pct,heavy_crop,borderline,false,false,false,false,false,none,prefilter_empty,true,false,984,1.578,10.390,5776,0.353,0,0,false,-1,116,0.044,0.003,169.290,23.823,0.499,0.000,193.764
picsum_1072__rotate_32deg,picsum_1072,rotate_32deg,rotate_small,borderline,true,false,false,false,false,none,prefilter_empty,true,true,1121,1.586,26.841,13466,0.822,0,0,false,-1,118,0.091,0.012,228.341,27.641,0.612,0.019,256.817
picsum_1073__crop_border_15pct,picsum_1073,crop_border_15pct,crop_border,borderline,true,false,false,false,false,none,prefilter_empty,true,true,585,1.515,9.484,7832,0.478,0,0,false,-1,122,0.068,0.005,192.335,20.529,0.445,0.000,213.493
picsum_1073__hue_shift_60deg,picsum_1073,hue_shift_60deg,hue_shift,borderline,false,false,false,false,false,none,no_match,true,false,1336,19.592,94.181,16384,1.000,2,2,true,0,6,0.100,0.004,200.231,24.883,0.419,103.534,329.316
picsum_1073__sharpen_light,picsum_1073,sharpen_light,sharpen,high,true,false,false,true,true,base,visual_match,true,true,1680,2.146,16.199,16384,1.000,2,2,true,0,12,0.133,0.003,203.580,25.889,0.317,48.422,278.533
picsum_1074__downscale_0.75x,picsum_1074,downscale_0.75x,downscale,borderline,true,false,false,true,true,base,visual_match,true,true,756,1.611,18.317,16384,1.000,3,3,true,0,18,0.035,0.003,203.651,22.259,0.498,53.796,280.310
picsum_1074__jpeg_recompress_q90,picsum_1074,jpeg_recompress_q90,jpeg_recompress,high,true,false,false,true,true,base,visual_match,true,true,1814,0.469,2.777,16384,1.000,2,2,true,0,2,0.074,0.003,244.746,28.077,0.513,67.863,341.378
picsum_1075__brightness_plus10pct,picsum_1075,brightness_plus10pct,brightness,borderline,true,false,false,true,true,base,visual_match,true,true,1469,0.967,3.997,16384,1.000,2,2,true,0,6,0.051,0.003,210.643,21.135,0.511,40.137,272.547
picsum_1075__format_change_tiff,picsum_1075,format_change_tiff,format_change,borderline,true,false,false,true,true,base,visual_match,true,true,1696,0.443,0.866,16384,1.000,2,2,true,0,2,0.324,0.002,152.302,24.189,0.500,48.333,225.921
picsum_1075__rotate_180,picsum_1075,rotate_180,rotate_cardinal,borderline,true,false,false,true,true,base,visual_match,true,true,1542,1.053,20.924,16384,1.000,3,3,true,0,0,0.061,0.003,242.187,23.486,0.447,46.875,313.159
picsum_1076__content_overlay_30pct,picsum_1076,content_overlay_30pct,content_overlay,high,false,false,false,false,false,none,no_match,true,false,1659,24.214,176.528,16384,1.000,1,1,true,0,52,0.114,0.003,236.331,29.129,0.378,61.677,327.760
picsum_1076__hue_shift_180deg,picsum_1076,hue_shift_180deg,hue_shift,borderline,false,false,false,false,false,none,no_match,true,false,1734,12.242,27.637,16384,1.000,2,2,true,0,4,0.176,0.004,278.016,32.984,0.530,98.513,410.398
picsum_1076__saturation_boost_2.0x,picsum_1076,saturation_boost_2.0x,saturation_boost,borderline,false,false,false,true,true,base,visual_match,true,true,1558,6.553,20.635,16384,1.000,2,2,true,0,6,0.121,0.003,245.413,32.336,0.511,56.417,334.955
picsum_1077__downscale_0.33x,picsum_1077,downscale_0.33x,downscale,borderline,true,false,false,false,false,none,no_match,true,false,239,4.183,48.375,16256,0.992,2,2,true,0,22,0.014,0.021,137.904,14.102,0.467,40.835,193.375
picsum_1077__jpeg_recompress_q50,picsum_1077,jpeg_recompress_q50,jpeg_recompress,high,true,false,false,true,true,base,visual_match,true,true,1579,0.761,4.283,16384,1.000,1,1,true,0,8,0.034,0.002,180.815,20.622,0.432,41.044,243.011
picsum_1078__brightness_minus10pct,picsum_1078,brightness_minus10pct,brightness,borderline,true,false,false,true,true,base,visual_match,true,true,1768,6.117,22.472,16384,1.000,1,1,true,0,4,0.115,0.003,230.056,32.252,0.468,57.848,320.925
picsum_1078__format_change_gif,picsum_1078,format_change_gif,format_change,borderline,true,false,false,true,true,base,visual_match,true,true,2000,0.477,0.847,16384,1.000,1,1,true,0,0,1.026,0.004,249.095,40.897,0.537,63.289,355.647
picsum_1078__p3_as_srgb_q70,picsum_1078,p3_as_srgb_q70,p3_as_srgb,borderline,true,false,false,true,true,base,visual_match,true,true,1816,3.317,11.783,16384,1.000,1,1,true,0,4,0.101,0.003,237.427,35.276,0.638,59.404,332.972
picsum_1079__content_overlay_15pct,picsum_1079,content_overlay_15pct,content_overlay,high,false,false,false,false,false,none,no_match,true,false,1532,22.266,163.545,16384,1.000,2,2,true,0,28,0.121,0.002,223.996,29.151,0.506,65.206,319.100
picsum_1079__heavy_crop_60pct,picsum_1079,heavy_crop_60pct,heavy_crop,high,false,false,false,false,false,none,prefilter_empty,true,false,0,+Inf,+Inf,0,0.000,0,0,false,-1,104,0.023,0.018,113.111,9.228,0.376,0.000,122.799
picsum_1079__rotate_90,picsum_1079,rotate_90,rotate_cardinal,borderline,true,false,false,false,false,none,no_match,true,false,1901,3.264,43.152,16256,0.992,1,1,true,0,0,0.096,0.002,181.975,35.299,0.548,63.543,281.565
picsum_107__crop_border_5pct,picsum_107,crop_border_5pct,crop_border,borderline,true,false,false,true,true,base,visual_match,true,true,1355,1.217,10.205,12996,0.793,2,2,true,1,96,0.063,0.003,215.398,25.935,0.351,120.646,362.507
picsum_107__jpeg_recompress_q20,picsum_107,jpeg_recompress_q20,jpeg_recompress,high,true,false,false,true,true,base,visual_match,true,true,1506,3.355,31.002,16384,1.000,1,1,true,0,14,0.029,0.003,242.516,28.679,0.506,61.650,333.463
picsum_107__upscale_2.0x,picsum_107,upscale_2.0x,upscale,borderline,true,false,false,true,true,base,visual_match,true,true,774,1.421,15.373,16179,0.987,3,3,true,0,14,0.126,0.005,526.309,50.111,0.497,66.225,643.467
picsum_1080__downscale_256px,picsum_1080,downscale_256px,downscale,borderline,true,false,false,false,false,none,no_match,true,false,179,9.052,54.967,16107,0.983,1,1,true,0,42,0.026,0.003,154.672,14.639,0.375,59.059,228.829
picsum_1080__noise_sigma10,picsum_1080,noise_sigma10,noise_light,high,true,false,false,true,true,base,visual_match,true,true,1636,1.935,8.726,16384,1.000,1,1,true,0,12,0.218,0.003,222.579,32.828,0.454,48.372,304.653
picsum_1081__color_invert,picsum_1081,color_invert,color_invert,high,false,false,false,false,false,none,no_match,true,false,8,25.056,181.050,16380,1.000,1,1,false,-1,130,0.050,0.002,176.181,22.362,0.571,62.223,261.463
picsum_1081__heavy_crop_40pct,picsum_1081,heavy_crop_40pct,heavy_crop,borderline,false,false,false,false,false,none,prefilter_empty,true,false,515,0.715,5.958,5776,0.353,0,0,false,-1,124,0.029,0.002,129.084,13.814,0.441,0.001,143.436
picsum_1081__rotate_32deg,picsum_1081,rotate_32deg,rotate_small,borderline,true,false,false,false,false,none,prefilter_empty,true,true,437,0.852,15.216,13450,0.821,0,0,false,-1,114,0.070,0.003,169.230,16.497,0.316,0.000,186.183
picsum_1082__crop_border_15pct,picsum_1082,crop_border_15pct,crop_border,borderline,true,false,false,false,false,none,no_match,true,true,923,0.758,14.000,7832,0.478,2,2,false,-1,116,0.024,0.002,135.473,15.108,0.304,55.510,206.462
picsum_1082__hue_shift_60deg,picsum_1082,hue_shift_60deg,hue_shift,borderline,false,false,false,true,true,base,visual_match,true,true,1861,0.250,1.829,16384,1.000,1,1,true,0,0,0.050,0.003,231.488,27.887,0.484,57.891,317.917
picsum_1082__sharpen_light,picsum_1082,sharpen_light,sharpen,high,true,false,false,true,true,base,visual_match,true,true,1663,1.008,18.958,16384,1.000,1,1,true,0,6,0.068,0.003,235.621,42.220,0.664,54.268,332.921
picsum_1083__downscale_0.75x,picsum_1083,downscale_0.75x,downscale,borderline,true,false,false,true,true,base,visual_match,true,true,489,1.782,14.822,16301,0.995,3,3,true,0,8,0.024,0.003,185.307,17.802,0.591,35.664,239.466
picsum_1083__jpeg_recompress_q90,picsum_1083,jpeg_recompress_q90,jpeg_recompress,high,true,false,false,true,true,base,visual_match,true,true,1381,0.596,21.104,16268,0.993,3,3,true,0,2,0.055,0.005,218.119,23.656,0.596,52.851,295.414
picsum_1084__brightness_plus10pct,picsum_1084,brightness_plus10pct,brightness,borderline,true,false,false,true,true,base,visual_match,true,true,1814,2.296,14.993,16384,1.000,1,1,true,0,6,0.089,0.003,243.652,28.121,0.451,66.573,338.976
picsum_1084__format_change_tiff,picsum_1084,format_change_tiff,format_change,borderline,true,false,false,true,true,base,visual_match,true,true,2000,0.395,0.866,16384,1.000,1,1,true,0,0,0.629,0.005,237.200,32.139,0.502,55.346,326.318
picsum_1084__rotate_180,picsum_1084,rotate_180,rotate_cardinal,borderline,true,false,false,false,false,none,no_match,true,false,1772,2.006,42.443,16321,0.996,1,1,true,0,0,0.122,0.003,245.942,30.766,0.407,67.881,345.240
picsum_108__content_overlay_30pct,picsum_108,content_overlay_30pct,content_overlay,high,false,false,false,false,false,none,no_match,true,false,1869,29.326,153.456,16384,1.000,1,1,true,0,36,0.061,0.022,253.482,33.429,0.511,53.023,340.599
picsum_108__hue_shift_180deg,picsum_108,hue_shift_180deg,hue_shift,borderline,false,false,false,false,false,none,no_match,true,false,1721,8.458,45.134,16384,1.000,1,1,true,0,6,0.055,0.003,218.311,30.650,0.703,52.589,302.381
picsum_108__saturation_boost_2.0x,picsum_108,saturation_boost_2.0x,saturation_boost,borderline,false,false,false,false,false,none,no_match,true,false,1749,7.143,40.499,16384,1.000,1,1,true,0,8,0.064,0.004,196.364,20.863,0.431,44.805,262.612
picsum_109__downscale_0.33x,picsum_109,downscale_0.33x,downscale,borderline,true,false,false,false,false,none,no_match,true,false,162,3.472,48.121,16135,0.985,1,1,true,0,28,0.020,0.003,152.743,10.431,0.571,29.086,192.918
picsum_109__jpeg_recompress_q50,picsum_109,jpeg_recompress_q50,jpeg_recompress,high,true,false,false,true,true,base,visual_match,true,true,1484,1.634,8.971,16384,1.000,1,1,true,0,10,0.039,0.003,229.045,22.768,0.444,50.640,303.013
picsum_10__brightness_minus10pct,picsum_10,brightness_minus10pct,brightness,borderline,true,false,false,true,true,base,visual_match,true,true,1733,1.277,6.356,16384,1.000,1,1,true,0,20,0.072,0.003,180.679,21.434,0.401,51.519,254.259
picsum_10__format_change_gif,picsum_10,format_change_gif,format_change,borderline,true,false,false,true,true,base,visual_match,true,true,1948,0.457,0.866,16384,1.000,1,1,true,0,0,0.504,0.002,153.272,26.993,0.456,56.225,237.884
picsum_10__p3_as_srgb_q70,picsum_10,p3_as_srgb_q70,p3_as_srgb,borderline,true,false,false,true,true,base,visual_match,true,true,1764,4.871,10.838,16384,1.000,1,1,true,0,8,0.056,0.003,184.660,21.957,0.393,60.824,267.976
picsum_110__content_overlay_15pct,picsum_110,content_overlay_15pct,content_overlay,high,false,false,false,false,false,none,no_match,true,false,1698,21.241,188.240,16384,1.000,1,1,true,0,28,0.089,0.003,198.282,27.187,0.427,48.785,274.887
picsum_110__heavy_crop_60pct,picsum_110,heavy_crop_60pct,heavy_crop,high,false,false,false,false,false,none,prefilter_empty,true,false,273,1.360,11.139,2500,0.153,0,0,false,-1,120,0.028,0.003,144.442,14.293,0.514,0.000,159.338
picsum_110__rotate_90,picsum_110,rotate_90,rotate_cardinal,borderline,true,false,false,true,true,base,visual_match,true,true,1803,3.614,30.758,16256,0.992,1,1,true,0,2,0.137,0.003,222.031,34.324,0.531,58.915,316.085
picsum_111__crop_border_5pct,picsum_111,crop_border_5pct,crop_border,borderline,true,false,false,false,false,none,prefilter_empty,true,true,1242,1.591,15.946,12996,0.793,0,0,false,-1,104,0.125,0.003,298.582,41.787,0.591,0.000,341.284
picsum_111__jpeg_recompress_q20,picsum_111,jpeg_recompress_q20,jpeg_recompress,high,true,false,false,true,true,base,visual_match,true,true,1580,3.583,17.193,16384,1.000,1,1,true,0,12,0.039,0.003,249.205,32.482,0.708,59.431,341.975
picsum_111__upscale_2.0x,picsum_111,upscale_2.0x,upscale,borderline,true,false,false,true,true,base,visual_match,true,true,816,1.870,19.172,16312,0.996,1,1,true,0,10,0.170,0.003,668.453,60.646,0.664,82.293,812.455
picsum_112__downscale_256px,picsum_112,downscale_256px,downscale,borderline,true,false,false,false,false,none,no_match,true,false,222,6.772,68.749,16217,0.990,3,3,true,0,20,0.024,0.003,186.134,16.682,0.505,73.613,277.028
picsum_112__noise_sigma10,picsum_112,noise_sigma10,noise_light,high,true,false,false,true,true,base,visual_match,true,true,1696,1.963,8.996,16384,1.000,1,1,true,0,12,0.180,0.004,259.450,34.664,0.459,73.087,368.111
picsum_113__color_invert,picsum_113,color_invert,color_invert,high,false,false,false,false,false,none,no_match,true,false,0,+Inf,+Inf,0,0.000,1,1,false,-1,108,0.058,0.003,229.280,16.975,0.339,32.267,278.975
picsum_113__heavy_crop_40pct,picsum_113,heavy_crop_40pct,heavy_crop,borderline,false,false,false,false,false,none,prefilter_empty,true,false,207,2.746,91.491,5653,0.345,0,0,false,-1,116,0.018,0.002,134.444,11.926,0.419,0.002,146.865
picsum_113__rotate_32deg,picsum_113,rotate_32deg,rotate_small,borderline,true,false,false,false,false,none,prefilter_empty,true,true,319,1.300,27.449,13448,0.821,0,0,false,-1,120,0.038,0.002,183.698,19.184,0.705,0.000,203.704
picsum_114__crop_border_15pct,picsum_114,crop_border_15pct,crop_border,borderline,true,false,false,false,false,none,prefilter_empty,true,false,14,32.690,95.781,15600,0.952,0,0,false,-1,108,0.050,0.004,184.292,18.787,0.524,0.001,203.720
picsum_114__hue_shift_60deg,picsum_114,hue_shift_60deg,hue_shift,borderline,false,false,false,false,false,none,no_match,true,false,11,39.350,138.078,12238,0.747,1,1,true,0,22,0.038,0.004,253.174,21.088,0.444,39.268,314.084
picsum_114__sharpen_light,picsum_114,sharpen_light,sharpen,high,true,false,false,false,false,none,no_match,true,false,16,0.483,2.836,16384,1.000,1,1,true,0,10,0.035,0.002,218.479,18.917,0.631,26.028,264.144
picsum_115__downscale_0.75x,picsum_115,downscale_0.75x,downscale,borderline,true,false,false,true,true,base,visual_match,true,true,663,2.146,15.247,16384,1.000,1,1,true,0,24,0.042,0.003,148.358,23.797,0.473,40.509,213.267
picsum_115__jpeg_recompress_q90,picsum_115,jpeg_recompress_q90,jpeg_recompress,high,true,false,false,true,true,base,visual_match,true,true,1895,0.521,1.962,16384,1.000,1,1,true,0,2,0.095,0.003,173.594,28.563,0.400,55.635,258.442
picsum_116__brightness_plus10pct,picsum_116,brightness_plus10pct,brightness,borderline,true,false,false,true,true,base,visual_match,true,true,1880,0.908,3.700,16384,1.000,2,2,true,0,2,0.121,0.003,241.473,29.712,0.619,63.376,335.391
picsum_116__format_change_tiff,picsum_116,format_change_tiff,format_change,borderline,true,false,false,true,true,base,visual_match,true,true,2000,0.447,0.866,16384,1.000,2,2,true,0,2,0.598,0.004,212.576,36.845,0.535,83.892,334.996
picsum_116__rotate_180,picsum_116,rotate_180,rotate_cardinal,borderline,true,false,false,false,false,none,no_match,true,false,1883,2.339,38.969,16337,0.997,2,2,true,0,0,0.111,0.005,249.545,33.049,0.625,95.396,378.873
picsum_117__content_overlay_30pct,picsum_117,content_overlay_30pct,content_overlay,high,false,false,false,false,false,none,no_match,true,false,997,32.086,190.711,16384,1.000,1,1,true,0,52,0.043,0.004,245.757,24.852,0.539,47.796,319.063
picsum_117__hue_shift_180deg,picsum_117,hue_shift_180deg,hue_shift,borderline,false,false,false,false,false,none,no_match,true,false,1006,21.435,71.496,16384,1.000,1,1,true,0,12,0.100,0.004,267.573,27.799,0.470,58.130,354.185
picsum_117__saturation_boost_2.0x,picsum_117,saturation_boost_2.0x,saturation_boost,borderline,false,false,false,false,false,none,no_match,true,false,856,8.564,41.172,16384,1.000,1,1,true,0,8,0.083,0.004,260.141,24.592,0.566,46.726,332.201
picsum_118__downscale_0.33x,picsum_118,downscale_0.33x,downscale,borderline,true,false,false,false,false,none,no_match,true,false,226,6.241,52.084,16129,0.984,2,2,true,0,26,0.018,0.003,159.237,14.772,0.577,60.513,235.174
picsum_118__jpeg_recompress_q50,picsum_118,jpeg_recompress_q50,jpeg_recompress,high,true,false,false,true,true,base,visual_match,true,true,1680,2.295,10.011,16384,1.000,1,1,true,0,16,0.062,0.004,259.900,33.179,0.539,56.364,350.149
picsum_119__brightness_minus10pct,picsum_119,brightness_minus10pct,brightness,borderline,true,false,false,true,true,base,visual_match,true,true,1660,0.384,2.987,16384,1.000,1,1,true,0,2,0.032,0.003,199.654,19.353,0.419,45.006,264.535
picsum_119__format_change_gif,picsum_119,format_change_gif,format_change,borderline,true,false,false,true,true,base,visual_match,true,true,1808,0.144,0.500,16384,1.000,1,1,true,0,0,0.176,0.005,148.077,20.695,0.433,43.782,213.372
picsum_119__p3_as_srgb_q70,picsum_119,p3_as_srgb_q70,p3_as_srgb,borderline,true,false,false,false,false,none,no_match,true,false,1683,9.749,11.692,16384,1.000,1,1,true,0,2,0.027,0.002,199.048,31.046,0.425,38.982,269.586
picsum_11__content_overlay_15pct,picsum_11,content_overlay_15pct,content_overlay,high,false,false,false,false,false,none,no_match,true,false,1251,24.065,176.338,16384,1.000,1,1,true,0,76,0.048,0.003,177.640,22.816,0.441,59.870,260.906
picsum_11__heavy_crop_60pct,picsum_11,heavy_crop_60pct,heavy_crop,high,false,false,false,false,false,none,prefilter_empty,true,false,8,83.302,217.378,12482,0.762,0,0,false,-1,118,0.013,0.002,115.515,8.025,0.350,0.000,123.945
picsum_11__rotate_90,picsum_11,rotate_90,rotate_cardinal,borderline,true,false,false,true,true,base,visual_match,true,true,1767,1.953,32.526,16232,0.991,2,2,true,0,0,0.083,0.003,176.139,20.867,0.494,43.707,241.399
picsum_120__crop_border_5pct,picsum_120,crop_border_5pct,crop_border,borderline,true,false,false,false,false,none,no_match,true,true,850,0.889,4.696,12996,0.793,1,1,false,-1,106,0.063,0.003,162.650,17.379,0.348,5.636,186.163
picsum_120__jpeg_recompress_q20,picsum_120,jpeg_recompress_q20,jpeg_recompress,high,true,false,false,true,true,base,visual_match,true,true,345,3.268,15.212,16384,1.000,1,1,true,0,54,0.018,0.002,184.978,18.800,0.377,35.154,239.394
picsum_120__upscale_2.0x,picsum_120,upscale_2.0x,upscale,borderline,true,false,false,true,true,base,visual_match,true,true,586,0.974,7.651,16384,1.000,1,1,true,0,28,0.124,0.003,494.399,42.955,0.485,64.702,602.810
picsum_121__downscale_256px,picsum_121,downscale_256px,downscale,borderline,true,false,false,false,false,none,no_match,true,false,126,3.536,211.300,15554,0.949,2,2,true,0,34,0.015,0.003,149.393,10.398,0.511,62.646,223.000
picsum_121__noise_sigma10,picsum_121,noise_sigma10,noise_light,high,true,false,false,true,true,base,visual_match,true,true,1489,2.183,8.114,16384,1.000,1,1,true,0,12,0.135,0.003,231.706,24.417,0.474,49.817,306.722
picsum_122__color_invert,picsum_122,color_invert,color_invert,high,false,false,false,false,false,none,prefilter_empty,true,false,5,49.008,280.699,16197,0.989,0,0,false,-1,130,0.054,0.005,228.158,25.661,0.389,0.000,254.342
picsum_122__heavy_crop_40pct,picsum_122,heavy_crop_40pct,heavy_crop,borderline,false,false,false,false,false,none,no_match,true,false,783,1.354,18.992,5776,0.353,1,1,false,-1,108,0.038,0.002,163.253,20.417,0.572,23.012,207.356
picsum_122__rotate_32deg,picsum_122,rotate_32deg,rotate_small,borderline,true,false,false,false,false,none,prefilter_empty,true,true,1005,1.198,23.876,13469,0.822,0,0,false,-1,122,0.071,0.003,241.586,27.472,0.562,0.001,269.839
picsum_123__crop_border_15pct,picsum_123,crop_border_15pct,crop_border,borderline,true,false,false,false,false,none,prefilter_empty,true,true,1098,1.125,6.204,7744,0.473,0,0,false,-1,114,0.035,0.002,189.321,19.000,0.466,0.000,208.876
picsum_123__hue_shift_60deg,picsum_123,hue_shift_60deg,hue_shift,borderline,false,false,false,true,true,base,visual_match,true,true,1672,5.611,18.020,16384,1.000,1,1,true,0,6,0.056,0.002,224.912,30.540,0.495,65.876,321.955
picsum_123__sharpen_light,picsum_123,sharpen_light,sharpen,high,true,false,false,true,true,base,visual_match,true,true,1647,1.084,14.001,16384,1.000,1,1,true,0,6,0.053,0.004,191.654,32.357,0.670,55.331,280.171
picsum_124__downscale_0.75x,picsum_124,downscale_0.75x,downscale,borderline,true,false,false,true,true,base,visual_match,true,true,303,1.907,17.394,16177,0.987,3,3,true,0,34,0.025,0.002,153.884,15.247,0.506,29.660,199.385
picsum_124__jpeg_recompress_q90,picsum_124,jpeg_recompress_q90,jpeg_recompress,high,true,false,false,true,true,base,visual_match,true,true,1072,0.541,6.921,16384,1.000,1,1,true,0,2,0.063,0.004,175.903,19.174,0.559,33.476,229.275
picsum_125__brightness_plus10pct,picsum_125,brightness_plus10pct,brightness,borderline,true,false,false,true,true,base,visual_match,true,true,1768,0.734,4.088,16384,1.000,2,2,true,0,6,0.089,0.003,195.365,38.325,0.430,55.398,289.746
picsum_125__format_change_tiff,picsum_125,format_change_tiff,format_change,borderline,true,false,false,true,true,base,visual_match,true,true,2000,0.402,0.866,16384,1.000,2,2,true,0,0,0.484,0.003,159.237,26.625,0.448,49.497,236.788
picsum_125__rotate_180,picsum_125,rotate_180,rotate_cardinal,borderline,true,false,false,false,false,none,no_match,true,false,1815,2.687,47.847,16252,0.992,4,4,true,0,2,0.090,0.004,178.434,28.057,0.457,144.352,351.521
picsum_126__content_overlay_30pct,picsum_126,content_overlay_30pct,content_overlay,high,false,false,false,false,false,none,no_match,true,false,1742,23.211,140.694,16384,1.000,1,1,true,0,42,0.059,0.003,181.590,23.766,0.441,48.357,254.338
picsum_126__hue_shift_180deg,picsum_126,hue_shift_180deg,hue_shift,borderline,false,false,false,false,false,none,no_match,true,false,1486,12.293,43.592,16384,1.000,1,1,true,0,6,0.064,0.003,178.150,27.196,0.600,46.823,252.930
picsum_126__saturation_boost_2.0x,picsum_126,saturation_boost_2.0x,saturation_boost,borderline,false,false,false,true,true,base,visual_match,true,true,1224,7.433,32.074,16384,1.000,1,1,true,0,14,1.509,0.004,239.627,33.902,0.494,61.324,336.989
picsum_127__downscale_0.33x,picsum_127,downscale_0.33x,downscale,borderline,true,false,false,false,false,none,no_match,true,false,245,9.432,72.912,16129,0.984,1,1,true,0,36,0.021,0.003,138.777,13.381,0.450,39.210,191.881
picsum_127__jpeg_recompress_q50,picsum_127,jpeg_recompress_q50,jpeg_recompress,high,true,false,false,true,true,base,visual_match,true,true,1624,2.667,13.376,16384,1.000,1,1,true,0,22,0.078,0.002,230.359,37.689,0.356,47.787,316.394
picsum_128__brightness_minus10pct,picsum_128,brightness_minus10pct,brightness,borderline,true,false,false,true,true,base,visual_match,true,true,1695,5.550,20.978,16384,1.000,2,2,true,0,14,0.104,0.003,225.358,29.282,0.517,50.570,305.943
picsum_128__format_change_gif,picsum_128,format_change_gif,format_change,borderline,true,false,false,true,true,base,visual_match,true,true,2000,0.443,0.866,16384,1.000,2,2,true,0,2,0.708,0.008,173.380,27.576,0.411,45.801,248.521
picsum_128__p3_as_srgb_q70,picsum_128,p3_as_srgb_q70,p3_as_srgb,borderline,true,false,false,true,true,base,visual_match,true,true,1811,5.315,12.640,16384,1.000,2,2,true,0,4,0.057,0.003,181.893,23.717,0.455,60.532,266.745
picsum_129__content_overlay_15pct,picsum_129,content_overlay_15pct,content_overlay,high,false,false,false,false,false,none,no_match,true,false,1679,20.996,142.951,16384,1.000,1,1,true,0,28,0.053,0.003,246.803,23.855,0.342,56.015,327.211
picsum_129__heavy_crop_60pct,picsum_129,heavy_crop_60pct,heavy_crop,high,false,false,false,false,false,none,prefilter_empty,true,false,282,1.084,22.711,2505,0.153,0,0,false,-1,114,0.031,0.005,173.643,13.207,0.510,0.001,187.478
picsum_129__rotate_90,picsum_129,rotate_90,rotate_cardinal,borderline,true,false,false,true,true,base,visual_match,true,true,1733,1.525,25.821,16226,0.990,1,1,true,0,0,0.064,0.002,248.622,33.251,0.573,71.102,353.704
picsum_12__crop_border_5pct,picsum_12,crop_border_5pct,crop_border,borderline,true,false,false,false,false,none,prefilter_empty,true,false,1120,2.438,57.732,13141,0.802,0,0,false,-1,102,0.071,0.003,235.353,27.502,0.576,0.001,263.608
picsum_12__jpeg_recompress_q20,picsum_12,jpeg_recompress_q20,jpeg_recompress,high,true,false,false,true,true,base,visual_match,true,true,1454,3.078,14.093,16384,1.000,1,1,true,0,26,0.023,0.003,185.388,22.866,0.410,45.540,254.297
picsum_12__upscale_2.0x,picsum_12,upscale_2.0x,upscale,borderline,true,false,false,true,true,base,visual_match,true,true,748,1.582,29.682,16258,0.992,1,1,true,0,10,0.110,0.004,519.349,54.601,0.608,77.316,652.110
picsum_130__downscale_256px,picsum_130,downscale_256px,downscale,borderline,true,false,false,false,false,none,no_match,true,false,21,3.315,46.971,15325,0.935,1,1,true,0,26,0.019,0.003,161.141,10.271,0.509,25.704,197.684
picsum_130__noise_sigma10,picsum_130,noise_sigma10,noise_light,high,true,false,false,false,false,none,no_match,true,false,101,2.801,49.895,15806,0.965,1,1,true,0,50,0.157,0.003,237.046,23.180,0.515,32.058,293.150
picsum_131__color_invert,picsum_131,color_invert,color_invert,high,false,false,false,false,false,none,no_match,true,false,0,+Inf,+Inf,0,0.000,1,1,false,-1,122,0.032,0.005,247.154,21.934,0.450,33.455,303.101
picsum_131__heavy_crop_40pct,picsum_131,heavy_crop_40pct,heavy_crop,borderline,false,false,false,false,false,none,orb_extract_failed,false,false,0,0.000,0.000,0,0.000,0,1,false,-1,122,0.017,0.003,178.380,2.913,0.000,0.000,181.476
picsum_131__rotate_32deg,picsum_131,rotate_32deg,rotate_small,borderline,true,false,false,false,false,none,prefilter_empty,true,true,94,1.349,33.017,14406,0.879,0,0,false,-1,120,0.036,0.002,291.624,33.920,0.637,0.001,326.293
picsum_132__crop_border_15pct,picsum_132,crop_border_15pct,crop_border,borderline,true,false,false,false,false,none,no_match,true,true,1062,2.164,15.305,7832,0.478,2,2,false,-1,118,0.105,0.003,211.209,25.082,0.354,77.071,313.959
picsum_132__hue_shift_60deg,picsum_132,hue_shift_60deg,hue_shift,borderline,false,false,false,false,false,none,no_match,true,false,1606,29.085,85.183,16384,1.000,1,1,true,0,12,0.219,0.004,253.804,37.710,0.534,61.852,354.339
picsum_132__sharpen_light,picsum_132,sharpen_light,sharpen,high,true,false,false,true,true,base,visual_match,true,true,1668,2.351,18.644,16384,1.000,1,1,true,0,12,0.148,0.002,244.076,41.476,0.400,59.081,345.297
picsum_133__downscale_0.75x,picsum_133,downscale_0.75x,downscale,borderline,true,false,false,true,true,base,visual_match,true,true,734,3.670,32.878,16203,0.989,1,1,true,0,24,0.054,0.003,222.079,27.790,0.630,54.541,305.180
picsum_133__jpeg_recompress_q90,picsum_133,jpeg_recompress_q90,jpeg_recompress,high,true,false,false,true,true,base,visual_match,true,true,1910,0.701,4.742,16384,1.000,1,1,true,0,0,0.131,0.003,266.971,34.522,0.515,63.732,366.077
picsum_134__brightness_plus10pct,picsum_134,brightness_plus10pct,brightness,borderline,true,false,false,true,true,base,visual_match,true,true,1778,2.923,17.378,16384,1.000,1,1,true,0,2,0.120,0.003,260.464,34.904,0.474,62.094,358.259
picsum_134__format_change_tiff,picsum_134,format_change_tiff,format_change,borderline,true,false,false,true,true,base,visual_match,true,true,2000,0.449,0.866,16384,1.000,1,1,true,0,0,0.717,0.003,185.032,26.045,0.395,49.243,261.978
picsum_134__rotate_180,picsum_134,rotate_180,rotate_cardinal,borderline,true,false,false,false,false,none,no_match,true,false,1781,4.493,43.335,16311,0.996,1,1,true,0,2,0.102,0.002,181.511,26.127,0.443,52.514,260.829
picsum_135__content_overlay_30pct,picsum_135,content_overlay_30pct,content_overlay,high,false,false,false,false,false,none,no_match,true,false,460,21.366,138.637,16384,1.000,2,2,true,0,60,0.042,0.002,184.734,18.432,0.461,52.534,256.291
picsum_135__hue_shift_180deg,picsum_135,hue_shift_180deg,hue_shift,borderline,false,false,false,false,false,none,no_match,true,false,369,25.562,47.709,16382,1.000,1,1,true,0,30,0.037,0.002,189.357,23.477,0.631,37.388,250.962
picsum_135__saturation_boost_2.0x,picsum_135,saturation_boost_2.0x,saturation_boost,borderline,false,false,false,false,false,none,no_match,true,false,201,15.693,29.734,16384,1.000,2,2,true,0,32,0.035,0.005,173.607,16.862,0.473,55.991,247.053
picsum_136__downscale_0.33x,picsum_136,downscale_0.33x,downscale,borderline,true,false,false,false,false,none,no_match,true,false,228,6.913,76.550,16129,0.984,1,1,true,0,30,0.014,0.003,116.051,9.642,0.335,31.978,158.056
picsum_136__jpeg_recompress_q50,picsum_136,jpeg_recompress_q50,jpeg_recompress,high,true,false,false,true,true,base,visual_match,true,true,1661,2.138,8.845,16384,1.000,2,2,true,0,16,0.077,0.002,181.193,24.345,0.324,45.531,251.560
picsum_137__brightness_minus10pct,picsum_137,brightness_minus10pct,brightness,borderline,true,false,false,true,true,base,visual_match,true,true,528,4.332,31.279,16320,0.996,3,3,true,0,14,0.038,0.003,182.143,18.346,0.511,36.379,237.490
picsum_137__format_change_gif,picsum_137,format_change_gif,format_change,borderline,true,false,false,true,true,base,visual_match,true,true,618,0.414,0.866,16384,1.000,3,3,true,0,2,0.266,0.003,155.065,20.801,0.506,30.538,207.533
picsum_137__p3_as_srgb_q70,picsum_137,p3_as_srgb_q70,p3_as_srgb,borderline,true,false,false,true,true,base,visual_match,true,true,500,5.532,14.953,16384,1.000,2,2,true,0,14,0.027,0.001,188.306,25.632,0.701,42.642,257.367
picsum_139__content_overlay_15pct,picsum_139,content_overlay_15pct,content_overlay,high,false,false,false,false,false,none,no_match,true,false,1215,24.880,192.586,16343,0.997,2,2,true,0,56,0.038,0.002,170.877,18.977,0.516,83.401,273.863
picsum_139__heavy_crop_60pct,picsum_139,heavy_crop_60pct,heavy_crop,high,false,false,false,false,false,none,prefilter_empty,true,false,667,1.272,9.155,2500,0.153,0,0,false,-1,120,0.019,0.005,140.534,10.167,0.498,0.000,151.272
picsum_139__rotate_90,picsum_139,rotate_90,rotate_cardinal,borderline,true,false,false,true,true,base,visual_match,true,true,1856,2.496,31.596,16336,0.997,1,1,true,0,2,0.053,0.003,184.368,22.025,0.517,48.794,255.848
picsum_13__crop_border_5pct,picsum_13,crop_border_5pct,crop_border,borderline,true,false,false,true,true,base,visual_match,true,true,1018,1.177,13.665,12996,0.793,2,2,true,0,94,0.097,0.003,217.836,29.351,0.474,47.000,294.863
picsum_13__jpeg_recompress_q20,picsum_13,jpeg_recompress_q20,jpeg_recompress,high,true,false,false,true,true,base,visual_match,true,true,1449,3.360,14.773,16384,1.000,2,2,true,0,20,0.034,0.003,182.252,27.086,0.294,58.021,267.755
picsum_13__upscale_2.0x,picsum_13,upscale_2.0x,upscale,borderline,true,false,false,true,true,base,visual_match,true,true,709,2.204,25.853,16180,0.988,1,1,true,0,18,0.213,0.004,656.829,67.141,0.492,81.162,806.112
picsum_140__downscale_256px,picsum_140,downscale_256px,downscale,borderline,true,false,false,false,false,none,no_match,true,false,177,6.925,54.730,16106,0.983,1,1,true,0,52,0.022,0.006,160.847,14.279,0.532,48.393,224.139
picsum_140__noise_sigma10,picsum_140,noise_sigma10,noise_light,high,true,false,false,true,true,base,visual_match,true,true,1692,1.845,6.678,16384,1.000,1,1,true,0,14,0.212,0.005,246.100,42.109,0.544,66.597,355.820
picsum_141__color_invert,picsum_141,color_invert,color_invert,high,false,false,false,false,false,none,prefilter_empty,true,false,0,+Inf,+Inf,0,0.000,0,0,false,-1,128,0.049,0.003,247.041,28.447,0.505,0.000,276.147
picsum_141__heavy_crop_40pct,picsum_141,heavy_crop_40pct,heavy_crop,borderline,false,false,false,false,false,none,no_match,true,false,27,1.995,27.787,6037,0.368,2,2,false,-1,118,0.022,0.003,189.768,13.402,0.453,32.386,236.072
picsum_141__rotate_32deg,picsum_141,rotate_32deg,rotate_small,borderline,true,false,false,false,false,none,no_match,true,true,422,0.595,16.739,13464,0.822,1,1,false,-1,122,0.055,0.002,252.171,21.473,0.397,37.998,312.159
picsum_142__crop_border_15pct,picsum_142,crop_border_15pct,crop_border,borderline,true,false,false,false,false,none,prefilter_empty,true,true,1257,1.271,19.552,7798,0.476,0,0,false,-1,124,0.053,0.003,199.161,22.217,0.374,0.000,221.870
picsum_142__hue_shift_60deg,picsum_142,hue_shift_60deg,hue_shift,borderline,false,false,false,false,false,none,no_match,true,false,1696,16.186,46.770,16384,1.000,1,1,true,0,10,0.069,0.002,198.904,24.826,0.464,52.061,276.407
picsum_142__sharpen_light,picsum_142,sharpen_light,sharpen,high,true,false,false,true,true,base,visual_match,true,true,1669,1.154,16.577,16384,1.000,1,1,true,0,10,0.085,0.003,372.798,38.477,0.577,75.453,487.509
picsum_143__downscale_0.75x,picsum_143,downscale_0.75x,downscale,borderline,true,false,false,true,true,base,visual_match,true,true,732,3.945,29.452,16384,1.000,1,1,true,0,32,0.072,0.003,232.982,32.388,0.410,44.806,310.765
picsum_143__jpeg_recompress_q90,picsum_143,jpeg_recompress_q90,jpeg_recompress,high,true,false,false,true,true,base,visual_match,true,true,1873,0.849,6.485,16384,1.000,2,2,true,0,4,0.207,0.002,233.578,38.153,0.590,56.256,328.972
picsum_144__brightness_plus10pct,picsum_144,brightness_plus10pct,brightness,borderline,true,false,false,true,true,base,visual_match,true,true,1834,1.329,19.467,16384,1.000,4,4,true,0,6,0.066,0.003,174.678,24.404,0.453,55.297,255.009
picsum_144__format_change_tiff,picsum_144,format_change_tiff,format_change,borderline,true,false,false,true,true,base,visual_match,true,true,2000,0.231,0.500,16384,1.000,2,2,true,0,0,0.481,0.003,223.657,36.633,0.655,53.178,315.003
picsum_144__rotate_180,picsum_144,rotate_180,rotate_cardinal,borderline,true,false,false,false,false,none,no_match,true,false,1686,2.352,62.464,16328,0.997,2,2,true,0,4,0.090,0.003,262.554,30.516,0.627,77.985,371.886
picsum_145__content_overlay_30pct,picsum_145,content_overlay_30pct,content_overlay,high,false,false,false,false,false,none,no_match,true,false,1479,28.126,178.595,16384,1.000,1,1,true,0,28,0.049,0.003,224.309,23.639,0.470,48.012,296.540
picsum_145__hue_shift_180deg,picsum_145,hue_shift_180deg,hue_shift,borderline,false,false,false,false,false,none,no_match,true,false,1197,42.741,77.030,16384,1.000,1,1,true,0,16,0.054,0.003,228.053,24.832,0.307,53.113,306.463
picsum_145__saturation_boost_2.0x,picsum_145,saturation_boost_2.0x,saturation_boost,borderline,false,false,false,false,false,none,no_match,true,false,1790,16.450,28.422,16384,1.000,1,1,true,0,2,0.055,0.003,223.934,21.969,0.292,44.950,291.287
picsum_146__downscale_0.33x,picsum_146,downscale_0.33x,downscale,borderline,true,false,false,false,false,none,no_match,true,false,199,6.430,77.777,16163,0.987,1,1,true,0,24,0.011,0.002,112.249,9.451,0.437,31.797,153.973
picsum_146__jpeg_recompress_q50,picsum_146,jpeg_recompress_q50,jpeg_recompress,high,true,false,false,true,true,base,visual_match,true,true,1708,1.673,10.014,16384,1.000,1,1,true,0,8,0.047,0.003,192.244,25.845,0.425,50.701,269.342
picsum_147__brightness_minus10pct,picsum_147,brightness_minus10pct,brightness,borderline,true,false,false,true,true,base,visual_match,true,true,1786,2.087,24.193,16384,1.000,1,1,true,0,6,0.089,0.002,183.727,29.558,0.426,50.384,264.267
picsum_147__format_change_gif,picsum_147,format_change_gif,format_change,borderline,true,false,false,true,true,base,visual_match,true,true,2000,0.448,0.866,16384,1.000,2,2,true,0,0,0.647,0.005,219.729,56.987,0.639,95.809,374.464
picsum_147__p3_as_srgb_q70,picsum_147,p3_as_srgb_q70,p3_as_srgb,borderline,true,false,false,true,true,base,visual_match,true,true,1846,5.443,11.632,16384,1.000,2,2,true,0,2,0.085,0.004,281.685,36.729,0.595,60.907,380.117
picsum_149__content_overlay_15pct,picsum_149,content_overlay_15pct,content_overlay,high,false,false,false,false,false,none,no_match,true,false,1539,25.330,174.043,16384,1.000,1,1,true,0,38,0.029,0.002,254.284,25.826,0.529,40.774,321.487
picsum_149__heavy_crop_60pct,picsum_149,heavy_crop_60pct,heavy_crop,high,false,false,false,false,false,none,orb_extract_failed,false,false,0,0.000,0.000,0,0.000,0,0,false,-1,116,0.013,0.004,149.974,1.410,0.000,0.000,151.458
picsum_149__rotate_90,picsum_149,rotate_90,rotate_cardinal,borderline,true,false,false,true,true,base,visual_match,true,true,1539,1.046,35.028,16374,0.999,1,1,true,0,0,0.030,0.001,175.439,18.612,0.285,38.605,233.038
picsum_14__crop_border_5pct,picsum_14,crop_border_5pct,crop_border,borderline,true,false,false,true,true,base,visual_match,true,true,1379,0.801,8.518,12996,0.793,1,1,true,0,92,0.078,0.003,167.544,20.513,0.340,44.667,233.256
picsum_14__jpeg_recompress_q20,picsum_14,jpeg_recompress_q20,jpeg_recompress,high,true,false,false,true,true,base,visual_match,true,true,1512,2.707,11.018,16384,1.000,1,1,true,0,22,0.038,0.005,224.304,33.022,0.671,53.062,311.190
picsum_14__upscale_2.0x,picsum_14,upscale_2.0x,upscale,borderline,true,false,false,true,true,base,visual_match,true,true,740,1.446,18.551,16366,0.999,1,1,true,0,14,0.213,0.004,536.516,46.693,0.485,68.160,652.258
picsum_151__downscale_256px,picsum_151,downscale_256px,downscale,borderline,true,false,false,false,false,none,no_match,true,false,71,2.361,93.333,16241,0.991,1,1,true,0,20,0.022,0.004,122.158,7.962,0.520,24.349,155.047
picsum_151__noise_sigma10,picsum_151,noise_sigma10,noise_light,high,true,false,false,true,true,base,visual_match,true,true,1013,2.196,20.972,16384,1.000,1,1,true,0,16,0.109,0.003,177.748,24.296,0.535,44.273,247.120
picsum_152__color_invert,picsum_152,color_invert,color_invert,high,false,false,false,false,false,none,no_match,true,false,4,77.650,194.671,8597,0.525,1,1,false,-1,114,0.042,0.002,176.416,20.480,0.308,44.922,242.229
picsum_152__heavy_crop_40pct,picsum_152,heavy_crop_40pct,heavy_crop,borderline,false,false,false,false,false,none,prefilter_empty,true,false,657,1.077,13.071,5776,0.353,0,0,false,-1,128,0.026,0.002,134.227,14.250,0.436,0.000,148.999
picsum_152__rotate_32deg,picsum_152,rotate_32deg,rotate_small,borderline,true,false,false,false,false,none,prefilter_empty,true,true,1095,1.024,14.849,13466,0.822,0,0,false,-1,122,0.053,0.002,179.864,20.924,0.368,0.000,201.292
picsum_153__crop_border_15pct,picsum_153,crop_border_15pct,crop_border,borderline,true,false,false,true,true,base,visual_match,true,true,1056,1.301,14.643,7911,0.483,1,1,true,0,96,0.034,0.003,146.179,13.737,0.336,34.831,195.201
picsum_153__hue_shift_60deg,picsum_153,hue_shift_60deg,hue_shift,borderline,false,false,false,false,false,none,no_match,true,false,1393,24.831,61.712,16384,1.000,1,1,true,0,12,0.042,0.002,178.876,23.061,0.505,60.504,263.053
picsum_153__sharpen_light,picsum_153,sharpen_light,sharpen,high,true,false,false,true,true,base,visual_match,true,true,1421,1.203,16.255,16384,1.000,1,1,true,0,4,0.095,0.003,281.980,27.867,0.503,64.951,375.493
picsum_154__downscale_0.75x,picsum_154,downscale_0.75x,downscale,borderline,true,false,false,true,true,base,visual_match,true,true,361,1.467,19.295,16324,0.996,2,2,true,0,16,0.035,0.004,199.755,17.331,0.539,32.753,250.503
picsum_154__jpeg_recompress_q90,picsum_154,jpeg_recompress_q90,jpeg_recompress,high,true,false,false,true,true,base,visual_match,true,true,1177,0.402,2.121,16384,1.000,2,2,true,0,2,0.056,0.003,245.029,26.289,0.489,44.986,316.923
picsum_155__brightness_plus10pct,picsum_155,brightness_plus10pct,brightness,borderline,true,false,false,true,true,base,visual_match,true,true,1855,2.002,11.167,16384,1.000,1,1,true,0,4,0.150,0.005,252.310,36.038,0.577,62.392,351.647
picsum_155__format_change_tiff,picsum_155,format_change_tiff,format_change,borderline,true,false,false,true,true,base,visual_match,true,true,2000,0.388,0.846,16384,1.000,1,1,true,0,2,0.854,0.004,277.451,46.668,0.498,65.131,391.518
picsum_155__rotate_180,picsum_155,rotate_180,rotate_cardinal,borderline,true,false,false,false,false,none,no_match,true,false,1690,3.795,130.381,16309,0.995,1,1,true,0,2,0.128,0.003,282.943,38.618,0.484,69.560,391.878
picsum_156__content_overlay_30pct,picsum_156,content_overlay_30pct,content_overlay,high,false,false,false,false,false,none,no_match,true,false,1827,23.514,151.497,16384,1.000,1,1,true,0,36,0.111,0.004,249.439,32.659,0.474,54.889,337.701
picsum_156__hue_shift_180deg,picsum_156,hue_shift_180deg,hue_shift,borderline,false,false,false,false,false,none,no_match,true,false,1443,23.024,53.240,16384,1.000,1,1,true,0,8,0.127,0.003,237.278,32.716,0.470,74.436,345.171
picsum_156__saturation_boost_2.0x,picsum_156,saturation_boost_2.0x,saturation_boost,borderline,false,false,false,false,false,none,no_match,true,false,1264,13.297,34.887,16384,1.000,1,1,true,0,10,0.091,0.002,194.224,36.404,0.485,57.476,288.786
picsum_157__downscale_0.33x,picsum_157,downscale_0.33x,downscale,borderline,true,false,false,false,false,none,no_match,true,false,224,4.306,66.319,16327,0.997,1,1,true,0,18,0.020,0.003,154.777,11.722,0.488,35.561,202.610
picsum_157__jpeg_recompress_q50,picsum_157,jpeg_recompress_q50,jpeg_recompress,high,true,false,false,true,true,base,visual_match,true,true,1714,1.400,14.837,16384,1.000,2,2,true,0,6,0.069,0.004,247.382,27.461,0.355,53.214,328.546
picsum_158__brightness_minus10pct,picsum_158,brightness_minus10pct,brightness,borderline,true,false,false,true,true,base,visual_match,true,true,1614,4.560,26.128,16384,1.000,1,1,true,0,8,0.062,0.004,228.791,25.359,0.527,56.965,311.824
picsum_158__format_change_gif,picsum_158,format_change_gif,format_change,borderline,true,false,false,true,true,base,visual_match,true,true,1994,0.425,0.866,16384,1.000,2,2,true,0,0,0.594,0.006,217.924,38.444,0.579,70.729,328.793
picsum_158__p3_as_srgb_q70,picsum_158,p3_as_srgb_q70,p3_as_srgb,borderline,true,false,false,true,true,base,visual_match,true,true,1750,6.750,12.896,16384,1.000,2,2,true,0,2,0.051,0.003,238.404,26.887,0.455,69.318,335.208
picsum_159__content_overlay_15pct,picsum_159,content_overlay_15pct,content_overlay,high,false,false,false,false,false,none,no_match,true,false,1286,23.176,182.219,16333,0.997,1,1,true,0,50,0.067,0.004,264.793,31.392,0.508,55.904,352.742
picsum_159__heavy_crop_60pct,picsum_159,heavy_crop_60pct,heavy_crop,high,false,false,false,false,false,none,no_match,true,false,423,1.433,12.158,2520,0.154,1,1,false,-1,120,0.020,0.003,187.866,21.163,0.897,20.101,230.089
picsum_159__rotate_90,picsum_159,rotate_90,rotate_cardinal,borderline,true,false,false,true,true,base,visual_match,true,true,1588,1.881,28.617,16352,0.998,1,1,true,0,4,0.161,0.006,275.353,33.904,0.489,75.437,385.457
picsum_15__crop_border_5pct,picsum_15,crop_border_5pct,crop_border,borderline,true,false,false,true,true,base,visual_match,true,true,1393,2.051,16.564,12996,0.793,1,1,true,0,78,0.176,0.003,223.251,30.376,0.514,51.031,305.527
picsum_15__jpeg_recompress_q20,picsum_15,jpeg_recompress_q20,jpeg_recompress,high,true,false,false,true,true,base,visual_match,true,true,1580,4.036,18.065,16384,1.000,2,2,true,0,16,0.038,0.002,174.391,28.494,0.461,45.272,248.714
picsum_15__upscale_2.0x,picsum_15,upscale_2.0x,upscale,borderline,true,false,false,true,true,base,visual_match,true,true,885,2.289,21.216,16302,0.995,3,3,true,0,10,0.175,0.002,397.381,60.894,0.457,60.372,519.435
picsum_160__downscale_256px,picsum_160,downscale_256px,downscale,borderline,true,false,false,false,false,none,no_match,true,false,23,19.779,195.563,12883,0.786,1,1,true,0,16,0.010,0.002,112.210,7.271,0.309,17.996,137.819
picsum_160__noise_sigma10,picsum_160,noise_sigma10,noise_light,high,true,false,false,false,false,none,no_match,true,false,220,14.070,188.249,13869,0.846,1,1,true,0,10,0.128,0.003,179.131,20.491,0.447,29.981,230.323
picsum_161__color_invert,picsum_161,color_invert,color_invert,high,false,false,false,false,false,none,prefilter_empty,true,false,0,+Inf,+Inf,0,0.000,0,0,false,-1,128,0.087,0.003,191.459,27.361,0.463,0.000,219.468
picsum_161__heavy_crop_40pct,picsum_161,heavy_crop_40pct,heavy_crop,borderline,false,false,false,false,false,none,prefilter_empty,true,false,809,1.628,11.709,5776,0.353,0,0,false,-1,112,0.043,0.003,131.325,17.728,0.401,0.002,149.565
picsum_161__rotate_32deg,picsum_161,rotate_32deg,rotate_small,borderline,true,false,false,false,false,none,prefilter_empty,true,true,1251,3.058,29.938,13453,0.821,0,0,false,-1,118,0.105,0.003,227.500,33.936,0.543,0.000,262.318
picsum_162__crop_border_15pct,picsum_162,crop_border_15pct,crop_border,borderline,true,false,false,false,false,none,prefilter_empty,true,true,378,1.341,15.070,7744,0.473,0,0,false,-1,114,0.060,0.003,195.253,24.486,0.396,0.000,220.350
picsum_162__hue_shift_60deg,picsum_162,hue_shift_60deg,hue_shift,borderline,false,false,false,false,false,none,no_match,true,false,1245,32.311,78.136,16384,1.000,1,1,true,0,10,0.150,0.004,254.388,35.063,0.534,67.688,358.207
picsum_162__sharpen_light,picsum_162,sharpen_light,sharpen,high,true,false,false,true,true,base,visual_match,true,true,1600,1.587,16.892,16384,1.000,2,2,true,0,12,0.133,0.003,264.072,36.713,0.582,53.329,354.955
picsum_163__downscale_0.75x,picsum_163,downscale_0.75x,downscale,borderline,true,false,false,true,true,base,visual_match,true,true,807,3.507,28.995,16338,0.997,1,1,true,0,4,0.047,0.003,211.579,27.400,0.539,51.160,290.803
picsum_163__jpeg_recompress_q90,picsum_163,jpeg_recompress_q90,jpeg_recompress,high,true,false,false,true,true,base,visual_match,true,true,1926,0.866,7.044,16384,1.000,1,1,true,0,0,0.107,0.003,250.978,38.629,0.552,57.916,348.354
picsum_164__brightness_plus10pct,picsum_164,brightness_plus10pct,brightness,borderline,true,false,false,true,true,base,visual_match,true,true,1551,2.682,23.358,16384,1.000,1,1,true,0,6,0.134,0.003,245.093,36.165,0.540,58.903,340.994
picsum_164__format_change_tiff,picsum_164,format_change_tiff,format_change,borderline,true,false,false,true,true,base,visual_match,true,true,2000,0.475,0.866,16384,1.000,1,1,true,0,0,0.957,0.003,231.108,45.482,0.552,64.286,343.233
picsum_164__rotate_180,picsum_164,rotate_180,rotate_cardinal,borderline,true,false,false,false,false,none,no_match,true,false,1502,4.945,49.812,16297,0.995,1,1,true,0,2,0.158,0.003,239.861,35.081,0.346,61.580,337.200
picsum_165__content_overlay_30pct,picsum_165,content_overlay_30pct,content_overlay,high,false,false,false,false,false,none,no_match,true,false,1565,23.671,138.636,16384,1.000,1,1,true,0,54,0.088,0.003,264.986,27.340,0.528,51.238,344.292
picsum_165__hue_shift_180deg,picsum_165,hue_shift_180deg,hue_shift,borderline,false,false,false,false,false,none,no_match,true,false,266,85.622,128.182,16325,0.996,1,1,true,0,48,0.079,0.003,240.752,26.741,0.477,50.808,318.962
picsum_165__saturation_boost_2.0x,picsum_165,saturation_boost_2.0x,saturation_boost,borderline,false,false,false,false,false,none,no_match,true,false,946,15.558,35.996,16384,1.000,2,2,true,0,36,0.077,0.004,241.080,28.490,0.510,108.098,378.377
picsum_166__downscale_0.33x,picsum_166,downscale_0.33x,downscale,borderline,true,false,false,false,false,none,no_match,true,false,222,4.001,62.302,16087,0.982,1,1,true,0,26,0.017,0.004,158.083,11.827,0.546,45.435,215.964
picsum_166__jpeg_recompress_q50,picsum_166,jpeg_recompress_q50,jpeg_recompress,high,true,false,false,true,true,base,visual_match,true,true,1594,1.276,11.761,16384,1.000,1,1,true,0,8,0.056,0.003,286.942,29.245,0.586,58.291,375.198
picsum_167__brightness_minus10pct,picsum_167,brightness_minus10pct,brightness,borderline,true,false,false,true,true,base,visual_match,true,true,1783,5.334,21.190,16384,1.000,1,1,true,0,4,0.067,0.003,242.334,28.329,0.537,57.072,328.440
picsum_167__format_change_gif,picsum_167,format_change_gif,format_change,borderline,true,false,false,true,true,base,visual_match,true,true,2000,0.466,0.866,16384,1.000,1,1,true,0,0,0.604,0.003,217.421,34.375,0.544,59.454,312.868
picsum_167__p3_as_srgb_q70,picsum_167,p3_as_srgb_q70,p3_as_srgb,borderline,true,false,false,true,true,base,visual_match,true,true,1790,7.238,14.550,16384,1.000,1,1,true,0,2,0.042,0.002,170.791,19.838,0.482,46.956,238.170
picsum_168__content_overlay_15pct,picsum_168,content_overlay_15pct,content_overlay,high,false,false,false,false,false,none,no_match,true,false,1792,20.555,181.099,16384,1.000,2,2,true,0,48,0.065,0.003,171.397,20.771,0.452,84.660,277.442
picsum_168__heavy_crop_60pct,picsum_168,heavy_crop_60pct,heavy_crop,high,false,false,false,false,false,none,prefilter_empty,true,false,106,1.429,30.478,2534,0.155,0,0,false,-1,112,0.013,0.002,116.179,8.979,0.320,0.000,125.518
picsum_168__rotate_90,picsum_168,rotate_90,rotate_cardinal,borderline,true,false,false,false,false,none,no_match,true,false,1798,2.621,56.641,16384,1.000,2,2,true,0,2,0.102,0.003,267.574,30.823,0.554,93.103,392.298
picsum_169__crop_border_5pct,picsum_169,crop_border_5pct,crop_border,borderline,true,false,false,true,true,base,visual_match,true,true,1399,2.048,21.448,12996,0.793,1,1,true,0,94,0.087,0.002,234.817,35.913,0.507,61.553,332.998
picsum_169__jpeg_recompress_q20,picsum_169,jpeg_recompress_q20,jpeg_recompress,high,true,false,false,true,true,base,visual_match,true,true,1587,4.253,19.578,16384,1.000,2,2,true,0,14,0.036,0.027,246.359,32.450,0.541,60.087,339.587
picsum_169__upscale_2.0x,picsum_169,upscale_2.0x,upscale,borderline,true,false,false,false,false,none,no_match,true,false,788,6.620,86.492,16171,0.987,1,1,true,0,8,0.157,0.002,424.325,43.218,0.426,57.611,525.919
picsum_16__downscale_256px,picsum_16,downscale_256px,downscale,borderline,true,false,false,false,false,none,no_match,true,false,141,4.848,78.780,16223,0.990,1,1,true,0,36,0.020,0.003,162.584,10.797,0.645,27.763,201.874
picsum_16__noise_sigma10,picsum_16,noise_sigma10,noise_light,high,true,false,false,true,true,base,visual_match,true,true,1666,1.883,11.854,16384,1.000,1,1,true,0,16,0.180,0.003,244.732,27.568,0.518,47.759,320.952
picsum_170__color_invert,picsum_170,color_invert,color_invert,high,false,false,false,false,false,none,no_match,true,false,4,83.799,189.055,15409,0.940,1,1,false,-1,120,0.088,0.003,240.832,27.586,0.516,27.516,296.628
picsum_170__heavy_crop_40pct,picsum_170,heavy_crop_40pct,heavy_crop,borderline,false,false,false,false,false,none,no_match,true,false,662,2.849,131.243,5701,0.348,1,1,false,-1,118,0.032,0.002,136.744,17.219,0.492,20.574,175.117
picsum_170__rotate_32deg,picsum_170,rotate_32deg,rotate_small,borderline,true,false,false,false,false,none,no_match,true,true,1193,1.799,34.541,13463,0.822,1,1,false,-1,112,0.075,0.003,180.748,24.270,0.483,10.470,216.159
picsum_171__crop_border_15pct,picsum_171,crop_border_15pct,crop_border,borderline,true,false,false,false,false,none,prefilter_empty,true,true,1085,1.146,8.908,7832,0.478,0,0,false,-1,112,0.042,0.004,177.904,18.976,0.451,0.000,197.447
picsum_171__hue_shift_60deg,picsum_171,hue_shift_60deg,hue_shift,borderline,false,false,false,false,false,none,no_match,true,false,1305,9.117,136.904,16384,1.000,1,1,true,0,10,0.054,0.003,220.218,27.776,0.525,56.641,305.286
picsum_171__sharpen_light,picsum_171,sharpen_light,sharpen,high,true,false,false,true,true,base,visual_match,true,true,1753,0.977,17.468,16384,1.000,1,1,true,0,8,0.109,0.003,227.793,30.086,0.415,50.471,308.954
picsum_172__downscale_0.75x,picsum_172,downscale_0.75x,downscale,borderline,true,false,false,true,true,base,visual_match,true,true,243,1.477,11.458,16140,0.985,1,1,true,0,18,0.021,0.004,206.859,15.645,0.589,29.081,252.278
picsum_172__jpeg_recompress_q90,picsum_172,jpeg_recompress_q90,jpeg_recompress,high,true,false,false,true,true,base,visual_match,true,true,606,0.268,2.816,16384,1.000,1,1,true,0,2,0.031,0.003,224.217,21.482,0.531,35.209,281.561
picsum_173__brightness_plus10pct,picsum_173,brightness_plus10pct,brightness,borderline,true,false,false,true,true,base,visual_match,true,true,1844,2.808,10.339,16384,1.000,2,2,true,0,6,0.041,0.003,217.443,25.118,1.268,59.510,303.456
picsum_173__format_change_tiff,picsum_173,format_change_tiff,format_change,borderline,true,false,false,true,true,base,visual_match,true,true,1967,0.343,0.866,16384,1.000,2,2,true,0,0,0.359,0.004,212.139,28.265,0.618,62.537,304.333
picsum_173__rotate_180,picsum_173,rotate_180,rotate_cardinal,borderline,true,false,false,true,true,base,visual_match,true,true,1746,1.319,36.550,16028,0.978,2,2,true,0,4,0.049,0.003,253.864,26.630,0.547,56.224,337.424
picsum_174__content_overlay_30pct,picsum_174,content_overlay_30pct,content_overlay,high,false,false,false,false,false,none,no_match,true,false,1642,28.617,188.733,16384,1.000,1,1,true,0,48,0.098,0.002,244.604,38.760,0.488,59.382,343.454
picsum_174__hue_shift_180deg,picsum_174,hue_shift_180deg,hue_shift,borderline,false,false,false,false,false,none,no_match,true,false,816,52.720,149.740,16384,1.000,2,2,true,0,22,0.116,0.003,237.753,37.742,0.491,86.166,362.394
picsum_174__saturation_boost_2.0x,picsum_174,saturation_boost_2.0x,saturation_boost,borderline,false,false,false,false,false,none,no_match,true,false,1532,17.739,61.564,16384,1.000,1,1,true,0,14,0.107,0.002,212.907,33.539,0.366,40.421,287.473
picsum_175__downscale_0.33x,picsum_175,downscale_0.33x,downscale,borderline,true,false,false,false,false,none,no_match,true,false,229,5.272,91.667,16129,0.984,1,1,true,0,20,0.027,0.006,122.439,9.770,0.546,50.632,183.469
picsum_175__jpeg_recompress_q50,picsum_175,jpeg_recompress_q50,jpeg_recompress,high,true,false,false,true,true,base,visual_match,true,true,1609,0.656,4.208,16384,1.000,1,1,true,0,6,0.040,0.003,175.098,23.397,0.436,44.321,243.383
picsum_176__brightness_minus10pct,picsum_176,brightness_minus10pct,brightness,borderline,true,false,false,true,true,base,visual_match,true,true,1830,1.979,23.909,16384,1.000,2,2,true,0,6,0.056,0.002,179.762,24.459,0.500,44.978,249.841
picsum_176__format_change_gif,picsum_176,format_change_gif,format_change,borderline,true,false,false,true,true,base,visual_match,true,true,2000,0.425,0.866,16384,1.000,1,1,true,0,0,0.380,0.003,150.479,25.282,0.414,47.390,224.416
picsum_176__p3_as_srgb_q70,picsum_176,p3_as_srgb_q70,p3_as_srgb,borderline,true,false,false,true,true,base,visual_match,true,true,1802,7.002,12.521,16384,1.000,1,1,true,0,2,0.048,0.003,188.812,26.255,0.436,58.173,273.838
picsum_177__content_overlay_15pct,picsum_177,content_overlay_15pct,content_overlay,high,false,false,false,false,false,none,no_match,true,false,1659,21.116,151.011,16384,1.000,2,2,true,0,50,0.054,0.004,265.643,29.376,0.529,87.360,383.056
picsum_177__heavy_crop_60pct,picsum_177,heavy_crop_60pct,heavy_crop,high,false,false,false,false,false,none,prefilter_empty,true,false,70,2.367,52.190,2675,0.163,0,0,false,-1,118,0.016,0.003,159.659,12.118,0.610,0.000,172.459
picsum_177__rotate_90,picsum_177,rotate_90,rotate_cardinal,borderline,true,false,false,false,false,none,no_match,true,false,1692,1.734,46.750,16284,0.994,1,1,true,0,2,0.083,0.003,223.779,28.990,0.343,52.071,305.365
picsum_178__crop_border_5pct,picsum_178,crop_border_5pct,crop_border,borderline,true,false,false,false,false,none,no_match,true,false,1147,1.368,40.567,13054,0.797,1,1,true,0,90,0.064,0.002,174.111,22.533,0.320,39.956,237.065
picsum_178__jpeg_recompress_q20,picsum_178,jpeg_recompress_q20,jpeg_recompress,high,true,false,false,true,true,base,visual_match,true,true,1332,2.823,12.804,16384,1.000,1,1,true,0,14,0.035,0.002,217.888,23.793,0.298,42.817,284.893
picsum_178__upscale_2.0x,picsum_178,upscale_2.0x,upscale,borderline,true,false,false,true,true,base,visual_match,true,true,792,1.400,18.305,16381,1.000,1,1,true,0,10,0.101,0.003,434.852,50.762,0.401,63.140,549.368
picsum_179__downscale_256px,picsum_179,downscale_256px,downscale,borderline,true,false,false,false,false,none,no_match,true,false,224,3.491,65.253,16306,0.995,2,2,true,0,20,0.016,0.005,179.075,12.895,0.386,69.495,261.910
picsum_179__noise_sigma10,picsum_179,noise_sigma10,noise_light,high,true,false,false,true,true,base,visual_match,true,true,1684,1.911,10.482,16384,1.000,2,2,true,0,14,0.118,0.003,184.578,28.426,0.536,54.704,268.541
picsum_17__color_invert,picsum_17,color_invert,color_invert,high,false,false,false,false,false,none,no_match,true,false,0,+Inf,+Inf,0,0.000,1,1,false,-1,118,0.190,0.003,246.135,35.429,0.485,35.185,317.643
picsum_17__heavy_crop_40pct,picsum_17,heavy_crop_40pct,heavy_crop,borderline,false,false,false,false,false,none,prefilter_empty,true,false,824,1.424,13.460,5776,0.353,0,0,false,-1,124,0.057,0.003,138.866,18.650,0.429,0.002,158.090
picsum_17__rotate_32deg,picsum_17,rotate_32deg,rotate_small,borderline,true,false,false,false,false,none,prefilter_empty,true,false,983,3.192,41.389,13423,0.819,0,0,false,-1,118,0.318,0.006,257.108,40.616,0.811,0.001,299.024
picsum_180__crop_border_15pct,picsum_180,crop_border_15pct,crop_border,borderline,true,false,false,false,false,none,prefilter_empty,true,true,543,1.185,11.064,7832,0.478,0,0,false,-1,104,0.060,0.003,205.164,22.629,0.332,0.000,228.274
picsum_180__hue_shift_60deg,picsum_180,hue_shift_60deg,hue_shift,borderline,false,false,false,false,false,none,no_match,true,false,1191,28.699,117.758,16384,1.000,3,3,true,0,18,0.077,0.002,262.858,32.608,0.389,163.612,459.634
picsum_180__sharpen_light,picsum_180,sharpen_light,sharpen,high,true,false,false,true,true,base,visual_match,true,true,1248,1.591,21.439,16384,1.000,3,3,true,0,12,0.081,0.003,212.533,27.913,0.488,54.866,296.003
picsum_181__downscale_0.75x,picsum_181,downscale_0.75x,downscale,borderline,true,false,false,true,true,base,visual_match,true,true,778,1.626,30.142,16248,0.992,1,1,true,0,6,0.023,0.007,185.017,20.656,0.536,54.303,260.604
picsum_181__jpeg_recompress_q90,picsum_181,jpeg_recompress_q90,jpeg_recompress,high,true,false,false,true,true,base,visual_match,true,true,1858,0.474,3.178,16384,1.000,1,1,true,0,0,0.045,0.003,229.163,28.701,0.385,57.609,315.978
picsum_182__brightness_plus10pct,picsum_182,brightness_plus10pct,brightness,borderline,true,false,false,true,true,base,visual_match,true,true,1604,2.152,21.345,16369,0.999,2,2,true,0,8,0.093,0.002,242.982,29.894,0.521,56.801,330.402
picsum_182__format_change_tiff,picsum_182,format_change_tiff,format_change,borderline,true,false,false,true,true,base,visual_match,true,true,2000,0.427,0.866,16384,1.000,2,2,true,0,2,0.445,0.003,155.048,22.594,0.437,40.482,219.491
picsum_182__rotate_180,picsum_182,rotate_180,rotate_cardinal,borderline,true,false,false,false,false,none,no_match,true,false,1639,3.904,112.674,16169,0.987,2,2,true,0,2,0.078,0.003,173.646,21.694,0.462,53.593,249.605
picsum_183__content_overlay_30pct,picsum_183,content_overlay_30pct,content_overlay,high,false,false,false,false,false,none,no_match,true,false,1707,24.974,153.774,16384,1.000,1,1,true,0,48,0.063,0.003,173.108,21.877,0.433,41.098,236.661
picsum_183__hue_shift_180deg,picsum_183,hue_shift_180deg,hue_shift,borderline,false,false,false,false,false,none,no_match,true,false,1744,8.006,46.802,16384,1.000,1,1,true,0,8,0.073,0.002,217.215,29.767,0.445,50.892,298.504
picsum_183__saturation_boost_2.0x,picsum_183,saturation_boost_2.0x,saturation_boost,borderline,false,false,false,true,true,base,visual_match,true,true,1682,5.807,31.087,16384,1.000,2,2,true,0,4,0.107,0.003,239.702,28.463,0.331,47.905,316.647
picsum_184__downscale_0.33x,picsum_184,downscale_0.33x,downscale,borderline,true,false,false,true,true,base,visual_match,true,true,52,2.684,36.804,16039,0.979,1,1,true,0,24,0.014,0.003,163.932,11.591,0.725,35.392,211.690
picsum_184__jpeg_recompress_q50,picsum_184,jpeg_recompress_q50,jpeg_recompress,high,true,false,false,true,true,base,visual_match,true,true,568,1.562,11.139,16384,1.000,1,1,true,0,6,0.030,0.005,260.766,26.362,0.616,43.329,331.161
picsum_185__brightness_minus10pct,picsum_185,brightness_minus10pct,brightness,borderline,true,false,false,true,true,base,visual_match,true,true,409,1.017,14.219,16200,0.989,2,2,true,0,16,0.045,0.004,242.021,22.006,0.565,34.383,299.109
picsum_185__format_change_gif,picsum_185,format_change_gif,format_change,borderline,true,false,false,true,true,base,visual_match,true,true,547,0.387,0.866,16384,1.000,3,3,true,0,6,0.225,0.002,166.313,20.827,0.456,30.741,218.739
picsum_185__p3_as_srgb_q70,picsum_185,p3_as_srgb_q70,p3_as_srgb,borderline,true,false,false,false,false,none,no_match,true,false,367,9.001,13.078,16384,1.000,1,1,true,0,16,0.031,0.002,194.922,17.563,0.534,25.644,238.744
picsum_186__content_overlay_15pct,picsum_186,content_overlay_15pct,content_overlay,high,false,false,false,false,false,none,no_match,true,false,889,17.637,142.536,16384,1.000,2,2,true,0,42,0.054,0.003,201.898,22.154,0.560,49.948,274.702
picsum_186__heavy_crop_60pct,picsum_186,heavy_crop_60pct,heavy_crop,high,false,false,false,false,false,none,prefilter_empty,true,false,50,6.453,68.939,2523,0.154,0,0,false,-1,108,0.019,0.003,130.017,9.485,0.428,0.000,139.994
picsum_186__rotate_90,picsum_186,rotate_90,rotate_cardinal,borderline,true,false,false,true,true,base,visual_match,true,true,1724,1.401,29.364,16346,0.998,1,1,true,0,2,0.061,0.003,187.003,23.487,0.511,50.110,261.304
picsum_187__crop_border_5pct,picsum_187,crop_border_5pct,crop_border,borderline,true,false,false,false,false,none,prefilter_empty,true,true,1121,1.094,11.542,12996,0.793,0,0,false,-1,100,0.109,0.003,173.265,23.212,0.451,0.000,197.157
picsum_187__jpeg_recompress_q20,picsum_187,jpeg_recompress_q20,jpeg_recompress,high,true,false,false,true,true,base,visual_match,true,true,1213,3.083,16.521,16384,1.000,1,1,true,0,24,0.041,0.006,226.690,30.680,0.468,47.773,305.719
picsum_187__upscale_2.0x,picsum_187,upscale_2.0x,upscale,borderline,true,false,false,true,true,base,visual_match,true,true,733,1.708,15.837,16384,1.000,1,1,true,0,26,0.234,0.003,687.666,80.215,0.560,114.093,883.005
picsum_188__downscale_256px,picsum_188,downscale_256px,downscale,borderline,true,false,false,false,false,none,no_match,true,false,205,7.076,65.459,16054,0.980,1,1,true,0,40,0.015,0.002,132.373,10.586,0.421,38.688,182.124
picsum_188__noise_sigma10,picsum_188,noise_sigma10,noise_light,high,true,false,false,true,true,base,visual_match,true,true,1797,1.976,13.848,16384,1.000,1,1,true,0,14,0.173,0.003,216.370,34.326,0.568,57.277,308.893
picsum_189__color_invert,picsum_189,color_invert,color_invert,high,false,false,false,false,false,none,prefilter_empty,true,false,0,+Inf,+Inf,0,0.000,0,0,false,-1,114,0.070,0.004,233.284,27.160,0.326,0.000,260.941
picsum_189__heavy_crop_40pct,picsum_189,heavy_crop_40pct,heavy_crop,borderline,false,false,false,false,false,none,prefilter_empty,true,false,986,1.067,10.688,5776,0.353,0,0,false,-1,102,0.065,0.003,180.164,19.636,0.590,0.000,200.564
picsum_189__rotate_32deg,picsum_189,rotate_32deg,rotate_small,borderline,true,false,false,false,false,none,prefilter_empty,true,true,1267,1.048,19.162,13464,0.822,0,0,false,-1,126,0.077,0.004,180.274,20.330,0.350,0.002,201.127
picsum_18__crop_border_15pct,picsum_18,crop_border_15pct,crop_border,borderline,true,false,false,false,false,none,prefilter_empty,true,true,443,1.597,19.804,7901,0.482,0,0,false,-1,114,0.038,0.003,156.562,17.681,0.438,0.001,174.804
picsum_18__hue_shift_60deg,picsum_18,hue_shift_60deg,hue_shift,borderline,false,false,false,false,false,none,no_match,true,false,730,32.474,128.475,16384,1.000,1,1,true,0,26,0.082,0.004,259.879,30.117,0.477,53.076,343.762
picsum_18__sharpen_light,picsum_18,sharpen_light,sharpen,high,true,false,false,true,true,base,visual_match,true,true,1127,1.272,16.098,16384,1.000,1,1,true,0,6,0.082,0.003,206.190,25.404,0.449,45.070,277.310
picsum_190__downscale_0.75x,picsum_190,downscale_0.75x,downscale,borderline,true,false,false,true,true,base,visual_match,true,true,708,2.442,24.991,16384,1.000,2,2,true,0,24,0.037,0.003,148.412,16.442,0.351,43.324,208.656
picsum_190__jpeg_recompress_q90,picsum_190,jpeg_recompress_q90,jpeg_recompress,high,true,false,false,true,true,base,visual_match,true,true,1866,0.678,2.937,16384,1.000,3,3,true,0,4,0.083,0.003,225.694,27.564,0.450,58.551,312.494
picsum_191__brightness_plus10pct,picsum_191,brightness_plus10pct,brightness,borderline,true,false,false,true,true,base,visual_match,true,true,1841,2.524,24.600,16384,1.000,1,1,true,0,8,0.137,0.004,257.388,36.181,0.483,56.471,350.801
picsum_191__format_change_tiff,picsum_191,format_change_tiff,format_change,borderline,true,false,false,true,true,base,visual_match,true,true,2000,0.422,0.847,16384,1.000,1,1,true,0,0,0.729,0.004,214.102,37.565,0.566,79.540,333.144
picsum_191__rotate_180,picsum_191,rotate_180,rotate_cardinal,borderline,true,false,false,true,true,base,visual_match,true,true,1770,2.372,30.197,16316,0.996,1,1,true,0,2,0.125,0.004,244.076,34.018,0.462,69.095,347.935
picsum_192__content_overlay_30pct,picsum_192,content_overlay_30pct,content_overlay,high,false,false,false,false,false,none,no_match,true,false,1228,27.769,161.864,16384,1.000,1,1,true,0,52,0.046,0.002,200.957,20.748,0.376,39.934,262.117
picsum_192__hue_shift_180deg,picsum_192,hue_shift_180deg,hue_shift,borderline,false,false,false,true,true,base,visual_match,true,true,1909,0.215,1.857,16384,1.000,1,1,true,0,2,0.050,0.002,185.943,24.025,0.494,55.285,265.899
picsum_192__saturation_boost_2.0x,picsum_192,saturation_boost_2.0x,saturation_boost,borderline,false,false,false,true,true,base,visual_match,true,true,1909,0.215,1.857,16384,1.000,1,1,true,0,2,0.070,0.007,203.345,24.833,0.486,47.435,276.274
picsum_193__downscale_0.33x,picsum_193,downscale_0.33x,downscale,borderline,true,false,false,false,false,none,no_match,true,false,236,5.266,46.433,16167,0.987,1,1,true,0,34,0.015,0.003,119.576,10.145,0.473,38.586,168.834
picsum_193__jpeg_recompress_q50,picsum_193,jpeg_recompress_q50,jpeg_recompress,high,true,false,false,true,true,base,visual_match,true,true,1631,1.947,9.012,16384,1.000,2,2,true,0,16,0.048,0.005,187.844,24.303,0.558,46.329,259.170
picsum_194__brightness_minus10pct,picsum_194,brightness_minus10pct,brightness,borderline,true,false,false,true,true,base,visual_match,true,true,1377,0.965,19.172,16384,1.000,1,1,true,0,16,0.037,0.002,177.695,17.906,0.330,40.599,236.637
picsum_194__format_change_gif,picsum_194,format_change_gif,format_change,borderline,true,false,false,true,true,base,visual_match,true,true,1758,0.279,0.866,16384,1.000,1,1,true,0,0,0.233,0.003,149.277,22.662,0.443,44.035,217.018
picsum_194__p3_as_srgb_q70,picsum_194,p3_as_srgb_q70,p3_as_srgb,borderline,true,false,false,true,true,base,visual_match,true,true,1535,7.068,10.462,16384,1.000,2,2,true,0,8,0.044,0.003,237.594,27.009,0.656,58.000,323.377
picsum_195__content_overlay_15pct,picsum_195,content_overlay_15pct,content_overlay,high,false,false,false,false,false,none,no_match,true,false,1422,24.216,177.948,16384,1.000,2,2,true,0,32,0.102,0.003,253.231,31.809,0.408,81.421,367.122
picsum_195__heavy_crop_60pct,picsum_195,heavy_crop_60pct,heavy_crop,high,false,false,false,false,false,none,prefilter_empty,true,false,292,1.952,10.932,2500,0.153,0,0,false,-1,120,0.030,0.003,166.088,19.804,0.560,0.000,186.530
picsum_195__rotate_90,picsum_195,rotate_90,rotate_cardinal,borderline,true,false,false,false,false,none,no_match,true,false,1917,4.100,67.262,16256,0.992,1,1,true,0,0,0.103,0.005,243.357,43.434,0.533,81.467,369.018
picsum_196__crop_border_5pct,picsum_196,crop_border_5pct,crop_border,borderline,true,false,false,true,true,base,visual_match,true,true,834,0.623,3.712,12996,0.793,1,1,true,0,84,0.051,0.003,211.354,18.651,0.477,32.517,263.125
picsum_196__jpeg_recompress_q20,picsum_196,jpeg_recompress_q20,jpeg_recompress,high,true,false,false,true,true,base,visual_match,true,true,553,2.564,8.228,16384,1.000,1,1,true,0,18,0.019,0.003,184.486,26.864,0.521,48.986,260.928
picsum_196__upscale_2.0x,picsum_196,upscale_2.0x,upscale,borderline,true,false,false,true,true,base,visual_match,true,true,422,1.156,27.508,16176,0.987,1,1,true,0,8,0.085,0.003,497.730,42.547,0.634,52.669,593.793
picsum_197__downscale_256px,picsum_197,downscale_256px,downscale,borderline,true,false,false,false,false,none,no_match,true,false,148,9.005,100.687,16128,0.984,2,2,true,0,54,0.019,0.003,177.682,13.259,0.506,78.067,269.577
picsum_197__noise_sigma10,picsum_197,noise_sigma10,noise_light,high,true,false,false,true,true,base,visual_match,true,true,1772,2.398,6.951,16384,1.000,1,1,true,0,10,0.196,0.003,248.410,38.595,0.491,57.828,345.754
picsum_198__color_invert,picsum_198,color_invert,color_invert,high,false,false,false,false,false,none,no_match,true,false,0,+Inf,+Inf,0,0.000,1,1,false,-1,124,0.062,0.003,262.038,21.502,0.457,46.080,330.216
picsum_198__heavy_crop_40pct,picsum_198,heavy_crop_40pct,heavy_crop,borderline,false,false,false,false,false,none,no_match,true,false,398,0.667,11.678,5776,0.353,1,1,false,-1,116,0.025,0.004,133.235,11.872,0.482,27.363,173.031
picsum_198__rotate_32deg,picsum_198,rotate_32deg,rotate_small,borderline,true,false,false,false,false,none,no_match,true,true,510,1.273,27.516,13377,0.816,2,2,false,-1,130,0.046,0.003,176.483,19.213,0.464,53.678,249.981
picsum_199__crop_border_15pct,picsum_199,crop_border_15pct,crop_border,borderline,true,false,false,false,false,none,no_match,true,false,66,5.530,51.902,7216,0.440,1,1,false,-1,120,0.041,0.002,185.314,19.079,0.431,3.761,208.686
picsum_199__hue_shift_60deg,picsum_199,hue_shift_60deg,hue_shift,borderline,false,false,false,false,false,none,no_match,true,false,1255,16.183,88.130,16384,1.000,1,1,true,0,18,0.066,0.006,225.681,24.040,0.536,63.853,314.249
picsum_199__sharpen_light,picsum_199,sharpen_light,sharpen,high,true,false,false,true,true,base,visual_match,true,true,1267,1.024,12.638,16384,1.000,1,1,true,0,10,0.070,0.003,239.114,26.561,0.564,55.934,322.345
picsum_19__downscale_0.75x,picsum_19,downscale_0.75x,downscale,borderline,true,false,false,true,true,base,visual_match,true,true,665,3.337,17.545,16384,1.000,1,1,true,0,18,0.061,0.003,216.057,31.352,0.524,54.799,302.881
picsum_19__jpeg_recompress_q90,picsum_19,jpeg_recompress_q90,jpeg_recompress,high,true,false,false,true,true,base,visual_match,true,true,1897,0.854,3.897,16384,1.000,1,1,true,0,2,0.129,0.005,238.735,42.394,0.649,62.957,345.010
picsum_1__brightness_plus10pct,picsum_1,brightness_plus10pct,brightness,borderline,true,false,false,true,true,base,visual_match,true,true,1798,1.198,21.837,16384,1.000,2,2,true,0,4,0.042,0.003,180.872,20.907,0.512,47.313,249.715
picsum_1__format_change_tiff,picsum_1,format_change_tiff,format_change,borderline,true,false,false,true,true,base,visual_match,true,true,2000,0.384,0.866,16384,1.000,3,3,true,0,2,0.322,0.005,165.958,21.152,0.391,50.920,239.142
picsum_1__rotate_180,picsum_1,rotate_180,rotate_cardinal,borderline,true,false,false,false,false,none,no_match,true,false,1684,3.221,82.949,16024,0.978,2,2,true,0,2,0.059,0.003,248.922,23.092,0.481,91.092,363.745
picsum_200__content_overlay_30pct,picsum_200,content_overlay_30pct,content_overlay,high,false,false,false,false,false,none,no_match,true,false,1812,26.380,148.784,16384,1.000,1,1,true,0,42,0.092,0.003,231.896,31.984,0.538,55.549,320.196
picsum_200__hue_shift_180deg,picsum_200,hue_shift_180deg,hue_shift,borderline,false,false,false,false,false,none,no_match,true,false,1228,28.287,99.240,16384,1.000,1,1,true,0,28,0.077,0.002,178.247,26.380,0.342,41.608,246.738
picsum_200__saturation_boost_2.0x,picsum_200,saturation_boost_2.0x,saturation_boost,borderline,false,false,false,false,false,none,no_match,true,false,1434,16.104,50.843,16223,0.990,1,1,true,0,14,0.094,0.002,173.017,24.761,0.516,55.024,253.509
picsum_201__downscale_0.33x,picsum_201,downscale_0.33x,downscale,borderline,true,false,false,false,false,none,no_match,true,false,114,5.599,174.285,16135,0.985,2,2,true,0,22,0.015,0.003,126.438,9.346,0.414,61.116,197.376
picsum_201__jpeg_recompress_q50,picsum_201,jpeg_recompress_q50,jpeg_recompress,high,true,false,false,true,true,base,visual_match,true,true,1099,1.500,10.384,16384,1.000,1,1,true,0,8,0.035,0.003,235.431,32.416,0.499,64.699,333.145
picsum_202__brightness_minus10pct,picsum_202,brightness_minus10pct,brightness,borderline,true,false,false,true,true,base,visual_match,true,true,1804,6.035,24.524,16384,1.000,3,3,true,0,14,0.096,0.004,238.072,25.273,0.477,54.431,318.476
picsum_202__format_change_gif,picsum_202,format_change_gif,format_change,borderline,true,false,false,true,true,base,visual_match,true,true,2000,0.452,0.866,16384,1.000,2,2,true,0,0,0.495,0.002,158.737,29.166,0.563,54.535,244.122
picsum_202__p3_as_srgb_q70,picsum_202,p3_as_srgb_q70,p3_as_srgb,borderline,true,false,false,true,true,base,visual_match,true,true,1849,2.907,12.778,16384,1.000,2,2,true,0,6,0.060,0.003,182.191,29.487,0.538,53.320,265.697
picsum_203__content_overlay_15pct,picsum_203,content_overlay_15pct,content_overlay,high,false,false,false,false,false,none,no_match,true,false,1640,21.698,153.065,16384,1.000,1,1,true,0,46,0.061,0.004,179.378,20.425,0.471,49.902,250.317
picsum_203__heavy_crop_60pct,picsum_203,heavy_crop_60pct,heavy_crop,high,false,false,false,false,false,none,prefilter_empty,true,false,511,1.087,6.792,2500,0.153,0,0,false,-1,120,0.017,0.003,132.798,12.198,0.508,0.000,145.566
picsum_203__rotate_90,picsum_203,rotate_90,rotate_cardinal,borderline,true,false,false,false,false,none,no_match,true,false,1510,2.100,67.139,16288,0.994,2,2,true,0,2,0.061,0.004,258.447,28.792,0.550,90.755,378.734
picsum_204__crop_border_5pct,picsum_204,crop_border_5pct,crop_border,borderline,true,false,false,true,true,base,visual_match,true,true,1130,1.651,24.107,12997,0.793,1,1,true,0,66,0.068,0.002,177.290,22.865,0.298,48.101,248.711
picsum_204__jpeg_recompress_q20,picsum_204,jpeg_recompress_q20,jpeg_recompress,high,true,false,false,true,true,base,visual_match,true,true,1445,3.223,17.345,16384,1.000,2,2,true,0,14,0.049,0.002,235.151,26.237,0.474,49.570,311.541
picsum_204__upscale_2.0x,picsum_204,upscale_2.0x,upscale,borderline,true,false,false,true,true,base,visual_match,true,true,815,2.012,21.255,16296,0.995,1,1,true,0,12,0.159,0.003,505.949,62.975,0.514,67.987,637.761
picsum_206__downscale_256px,picsum_206,downscale_256px,downscale,borderline,true,false,false,false,false,none,no_match,true,false,210,6.220,71.317,16159,0.986,1,1,true,0,46,0.022,0.003,125.214,9.137,0.505,33.780,168.697
picsum_206__noise_sigma10,picsum_206,noise_sigma10,noise_light,high,true,false,false,true,true,base,visual_match,true,true,1630,2.055,8.107,16384,1.000,1,1,true,0,12,0.141,0.003,197.135,28.510,0.525,50.611,277.098
picsum_208__color_invert,picsum_208,color_invert,color_invert,high,false,false,false,false,false,none,prefilter_empty,true,false,5,92.183,312.274,13553,0.827,0,0,false,-1,136,0.100,0.003,182.895,31.228,0.435,0.000,214.797
picsum_208__heavy_crop_40pct,picsum_208,heavy_crop_40pct,heavy_crop,borderline,false,false,false,false,false,none,prefilter_empty,true,false,707,2.346,14.328,5776,0.353,0,0,false,-1,110,0.084,0.006,134.296,19.307,0.313,0.000,154.098
picsum_208__rotate_32deg,picsum_208,rotate_32deg,rotate_small,borderline,true,false,false,false,false,none,prefilter_empty,true,true,1072,2.241,17.692,13467,0.822,0,0,false,-1,120,0.099,0.002,189.475,28.569,0.367,0.001,218.604
picsum_209__crop_border_15pct,picsum_209,crop_border_15pct,crop_border,borderline,true,false,false,false,false,none,no_match,true,true,1288,0.200,12.736,7900,0.482,2,2,false,-1,110,0.015,0.004,172.367,20.790,0.585,66.026,259.837
picsum_209__hue_shift_60deg,picsum_209,hue_shift_60deg,hue_shift,borderline,false,false,false,true,true,base,visual_match,true,true,1793,0.049,2.404,16384,1.000,6,6,true,0,2,0.032,0.003,246.250,25.807,0.539,56.720,329.449
picsum_209__sharpen_light,picsum_209,sharpen_light,sharpen,high,true,false,false,true,true,base,visual_match,true,true,1421,0.294,19.857,16384,1.000,3,3,true,0,12,0.036,0.003,252.974,27.342,0.663,58.995,340.089
picsum_20__downscale_0.75x,picsum_20,downscale_0.75x,downscale,borderline,true,false,false,true,true,base,visual_match,true,true,694,2.190,20.633,16384,1.000,1,1,true,0,16,0.039,0.003,192.414,22.640,0.415,53.746,269.323
picsum_20__jpeg_recompress_q90,picsum_20,jpeg_recompress_q90,jpeg_recompress,high,true,false,false,true,true,base,visual_match,true,true,1898,0.612,6.664,16384,1.000,1,1,true,0,2,0.088,0.004,265.700,29.771,0.482,63.511,359.707
picsum_210__brightness_plus10pct,picsum_210,brightness_plus10pct,brightness,borderline,true,false,false,true,true,base,visual_match,true,true,1832,0.877,4.305,16384,1.000,1,1,true,0,8,0.155,0.003,251.669,38.567,0.610,55.823,347.018
picsum_210__format_change_tiff,picsum_210,format_change_tiff,format_change,borderline,true,false,false,true,true,base,visual_match,true,true,2000,0.479,0.844,16384,1.000,1,1,true,0,0,1.071,0.004,224.208,40.299,0.394,63.465,330.299
picsum_210__rotate_180,picsum_210,rotate_180,rotate_cardinal,borderline,true,false,false,true,true,base,visual_match,true,true,1808,4.335,31.272,16229,0.991,1,1,true,0,8,0.232,0.003,258.169,36.817,0.399,54.524,350.338
picsum_211__content_overlay_30pct,picsum_211,content_overlay_30pct,content_overlay,high,false,false,false,false,false,none,no_match,true,false,1448,24.626,159.841,16384,1.000,2,2,true,0,46,0.135,0.003,247.969,35.792,0.488,132.895,417.452
picsum_211__hue_shift_180deg,picsum_211,hue_shift_180deg,hue_shift,borderline,false,false,false,false,false,none,no_match,true,false,1105,31.939,158.139,16384,1.000,1,1,true,0,18,0.166,0.003,306.353,55.545,0.511,57.357,420.160
picsum_211__saturation_boost_2.0x,picsum_211,saturation_boost_2.0x,saturation_boost,borderline,false,false,false,false,false,none,no_match,true,false,1096,15.760,48.455,16384,1.000,1,1,true,0,14,0.176,0.004,223.230,29.396,0.342,52.344,305.727
picsum_212__downscale_0.33x,picsum_212,downscale_0.33x,downscale,borderline,true,false,false,false,false,none,no_match,true,false,184,6.135,105.106,15977,0.975,1,1,true,0,24,0.016,0.006,152.705,11.250,0.490,32.548,197.050
picsum_212__jpeg_recompress_q50,picsum_212,jpeg_recompress_q50,jpeg_recompress,high,true,false,false,true,true,base,visual_match,true,true,1669,1.727,11.210,16384,1.000,1,1,true,0,8,0.059,0.003,218.881,28.171,0.486,53.676,301.362
picsum_213__brightness_minus10pct,picsum_213,brightness_minus10pct,brightness,borderline,true,false,false,true,true,base,visual_match,true,true,946,1.391,22.156,16092,0.982,1,1,true,0,2,0.049,0.002,224.536,19.553,0.335,34.635,279.175
picsum_213__format_change_gif,picsum_213,format_change_gif,format_change,borderline,true,false,false,true,true,base,visual_match,true,true,1148,0.412,0.866,16384,1.000,1,1,true,0,2,0.282,0.002,201.193,27.683,0.450,40.098,269.921
picsum_213__p3_as_srgb_q70,picsum_213,p3_as_srgb_q70,p3_as_srgb,borderline,true,false,false,true,true,base,visual_match,true,true,1004,7.501,13.125,16384,1.000,1,1,true,0,4,0.046,0.003,228.359,26.031,0.524,44.996,300.020
picsum_214__content_overlay_15pct,picsum_214,content_overlay_15pct,content_overlay,high,false,false,false,false,false,none,no_match,true,false,1773,19.152,137.657,16384,1.000,2,2,true,0,42,0.097,0.002,223.549,31.111,0.539,74.761,330.165
picsum_214__heavy_crop_60pct,picsum_214,heavy_crop_60pct,heavy_crop,high,false,false,false,false,false,none,prefilter_empty,true,false,63,2.665,40.092,2555,0.156,0,0,false,-1,114,0.023,0.003,162.147,15.534,0.495,0.001,178.274
picsum_214__rotate_90,picsum_214,rotate_90,rotate_cardinal,borderline,true,false,false,false,false,none,no_match,true,false,1739,4.360,42.509,16340,0.997,1,1,true,0,0,0.117,0.003,245.243,36.911,0.568,66.378,349.380
picsum_215__crop_border_5pct,picsum_215,crop_border_5pct,crop_border,borderline,true,false,false,true,true,base,visual_match,true,true,1139,0.750,35.547,13111,0.800,3,3,true,0,70,0.052,0.003,216.364,22.959,0.527,50.874,290.888
picsum_215__jpeg_recompress_q20,picsum_215,jpeg_recompress_q20,jpeg_recompress,high,true,false,false,true,true,base,visual_match,true,true,1415,2.812,27.111,16372,0.999,2,2,true,0,16,0.023,0.003,232.876,25.774,0.544,57.797,317.072
picsum_215__upscale_2.0x,picsum_215,upscale_2.0x,upscale,borderline,true,false,false,true,true,base,visual_match,true,true,841,1.142,20.154,16193,0.988,1,1,true,0,10,0.083,0.003,531.447,53.758,0.603,86.642,672.643
picsum_216__downscale_256px,picsum_216,downscale_256px,downscale,borderline,true,false,false,false,false,none,no_match,true,false,167,9.067,56.610,15996,0.976,3,3,true,0,46,0.023,0.003,148.322,15.609,0.647,93.169,257.820
picsum_216__noise_sigma10,picsum_216,noise_sigma10,noise_light,high,true,false,false,true,true,base,visual_match,true,true,1690,1.973,7.729,16384,1.000,1,1,true,0,18,0.169,0.004,180.508,31.876,0.437,48.378,261.612
picsum_217__color_invert,picsum_217,color_invert,color_invert,high,false,false,false,false,false,none,prefilter_empty,true,false,7,85.410,294.421,15949,0.973,0,0,false,-1,126,0.130,0.006,195.339,30.158,0.436,0.000,226.213
picsum_217__heavy_crop_40pct,picsum_217,heavy_crop_40pct,heavy_crop,borderline,false,false,false,false,false,none,prefilter_empty,true,false,499,2.018,11.845,5776,0.353,0,0,false,-1,124,0.049,0.003,146.738,17.428,0.407,0.000,164.696
picsum_217__rotate_32deg,picsum_217,rotate_32deg,rotate_small,borderline,true,false,false,false,false,none,no_match,true,true,1094,2.134,18.781,13468,0.822,1,1,false,-1,116,0.131,0.004,177.611,28.148,0.499,49.009,255.578
picsum_218__crop_border_15pct,picsum_218,crop_border_15pct,crop_border,borderline,true,false,false,false,false,none,prefilter_empty,true,false,26,2.679,186.225,7744,0.473,0,0,false,-1,110,0.020,0.003,137.881,13.456,0.528,0.000,151.934
picsum_218__hue_shift_60deg,picsum_218,hue_shift_60deg,hue_shift,borderline,false,false,false,false,false,none,no_match,true,false,1169,21.234,65.066,16384,1.000,2,2,true,0,6,0.040,0.003,178.031,18.275,0.396,73.018,269.825
picsum_218__sharpen_light,picsum_218,sharpen_light,sharpen,high,true,false,false,true,true,base,visual_match,true,true,1254,0.766,12.129,16384,1.000,2,2,true,0,8,0.042,0.002,185.556,21.338,0.431,39.425,246.872
picsum_219__downscale_0.75x,picsum_219,downscale_0.75x,downscale,borderline,true,false,false,true,true,base,visual_match,true,true,487,2.272,18.851,16179,0.987,2,2,true,0,40,0.054,0.003,143.772,16.979,0.316,41.351,202.553
picsum_219__jpeg_recompress_q90,picsum_219,jpeg_recompress_q90,jpeg_recompress,high,true,false,false,true,true,base,visual_match,true,true,1921,0.600,9.634,16384,1.000,1,1,true,0,2,0.070,0.002,178.054,24.318,0.434,54.294,257.256
picsum_21__brightness_plus10pct,picsum_21,brightness_plus10pct,brightness,borderline,true,false,false,true,true,base,visual_match,true,true,1434,3.751,26.061,16384,1.000,1,1,true,0,8,0.078,0.003,211.650,30.343,0.543,69.297,312.033
picsum_21__format_change_tiff,picsum_21,format_change_tiff,format_change,borderline,true,false,false,true,true,base,visual_match,true,true,1985,0.447,0.847,16384,1.000,1,1,true,0,0,0.919,0.007,257.745,44.326,0.679,68.810,373.296
picsum_21__rotate_180,picsum_21,rotate_180,rotate_cardinal,borderline,true,false,false,false,false,none,no_match,true,false,1779,3.306,47.921,16306,0.995,1,1,true,0,0,0.122,0.003,256.747,31.118,0.393,73.312,361.871
picsum_220__content_overlay_30pct,picsum_220,content_overlay_30pct,content_overlay,high,false,false,false,false,false,none,no_match,true,false,1106,23.468,138.959,16384,1.000,1,1,true,0,38,0.045,0.003,205.674,27.640,0.480,39.286,273.194
picsum_220__hue_shift_180deg,picsum_220,hue_shift_180deg,hue_shift,borderline,false,false,false,false,false,none,no_match,true,false,499,39.451,115.125,16384,1.000,2,2,true,0,34,0.045,0.003,192.408,21.537,0.623,101.168,315.849
picsum_220__saturation_boost_2.0x,picsum_220,saturation_boost_2.0x,saturation_boost,borderline,false,false,false,false,false,none,no_match,true,false,763,21.273,41.356,16384,1.000,1,1,true,0,18,0.055,0.003,239.540,24.610,0.617,50.846,315.766
picsum_221__downscale_0.33x,picsum_221,downscale_0.33x,downscale,borderline,true,false,false,false,false,none,no_match,true,false,209,5.915,55.186,16129,0.984,1,1,true,0,44,0.019,0.004,164.865,14.467,0.451,41.399,221.246
picsum_221__jpeg_recompress_q50,picsum_221,jpeg_recompress_q50,jpeg_recompress,high,true,false,false,true,true,base,visual_match,true,true,1631,2.057,8.933,16384,1.000,1,1,true,0,12,0.069,0.003,190.327,24.479,0.427,47.239,262.648
picsum_222__brightness_minus10pct,picsum_222,brightness_minus10pct,brightness,borderline,true,false,false,true,true,base,visual_match,true,true,1731,2.774,24.199,16384,1.000,2,2,true,0,2,0.050,0.003,226.272,26.698,0.514,52.869,306.511
picsum_222__format_change_gif,picsum_222,format_change_gif,format_change,borderline,true,false,false,true,true,base,visual_match,true,true,1908,0.425,0.866,16384,1.000,2,2,true,0,2,0.404,0.003,203.357,35.676,0.529,58.830,299.209
picsum_222__p3_as_srgb_q70,picsum_222,p3_as_srgb_q70,p3_as_srgb,borderline,true,false,false,true,true,base,visual_match,true,true,1614,7.718,13.239,16384,1.000,1,1,true,0,6,0.042,0.003,236.483,31.807,0.580,58.975,328.006
picsum_223__content_overlay_15pct,picsum_223,content_overlay_15pct,content_overlay,high,false,false,false,false,false,none,no_match,true,false,402,25.023,181.610,16384,1.000,2,2,true,0,28,0.047,0.002,238.209,21.228,0.486,44.757,304.836
picsum_223__heavy_crop_60pct,picsum_223,heavy_crop_60pct,heavy_crop,high,false,false,false,false,false,none,prefilter_empty,true,false,21,4.378,67.716,2635,0.161,0,0,false,-1,114,0.019,0.003,141.564,9.719,0.327,0.000,151.666
picsum_223__rotate_90,picsum_223,rotate_90,rotate_cardinal,borderline,true,false,false,false,false,none,no_match,true,false,432,3.247,95.506,16236,0.991,1,1,true,0,0,0.048,0.003,249.149,21.069,0.497,30.508,301.385
picsum_225__crop_border_5pct,picsum_225,crop_border_5pct,crop_border,borderline,true,false,false,true,true,base,visual_match,true,true,1310,1.040,9.764,12996,0.793,1,1,true,0,82,0.050,0.003,201.455,22.149,0.396,52.261,276.387
picsum_225__jpeg_recompress_q20,picsum_225,jpeg_recompress_q20,jpeg_recompress,high,true,false,false,true,true,base,visual_match,true,true,1350,3.116,20.220,16384,1.000,1,1,true,0,4,0.049,0.002,232.518,31.860,0.458,68.725,333.658
picsum_225__upscale_2.0x,picsum_225,upscale_2.0x,upscale,borderline,true,false,false,true,true,base,visual_match,true,true,993,1.154,18.469,16384,1.000,1,1,true,0,4,0.072,0.003,381.506,36.326,0.301,59.604,477.918
picsum_227__downscale_256px,picsum_227,downscale_256px,downscale,borderline,true,false,false,false,false,none,no_match,true,false,141,8.821,153.869,16256,0.992,1,1,true,0,50,0.015,0.003,111.238,9.846,0.552,27.145,148.841
picsum_227__noise_sigma10,picsum_227,noise_sigma10,noise_light,high,true,false,false,true,true,base,visual_match,true,true,1708,1.986,7.582,16384,1.000,1,1,true,0,20,0.142,0.003,177.827,28.306,0.421,44.515,251.415
picsum_228__color_invert,picsum_228,color_invert,color_invert,high,false,false,false,false,false,none,no_match,true,false,5,62.071,154.741,16122,0.984,2,2,false,-1,120,0.031,0.002,173.997,17.967,0.415,44.343,236.808
picsum_228__heavy_crop_40pct,picsum_228,heavy_crop_40pct,heavy_crop,borderline,false,false,false,false,false,none,prefilter_empty,true,false,127,0.515,5.412,5776,0.353,0,0,false,-1,108,0.019,0.002,161.824,12.716,0.427,0.000,175.029
picsum_228__rotate_32deg,picsum_228,rotate_32deg,rotate_small,borderline,true,false,false,false,false,none,prefilter_empty,true,true,178,0.569,19.530,13514,0.825,0,0,false,-1,114,0.055,0.002,256.442,19.952,0.356,0.000,276.855
picsum_229__crop_border_15pct,picsum_229,crop_border_15pct,crop_border,borderline,true,false,false,false,false,none,prefilter_empty,true,true,295,4.147,31.472,7729,0.472,0,0,false,-1,118,0.062,0.003,205.838,19.892,0.441,0.000,226.325
picsum_229__hue_shift_60deg,picsum_229,hue_shift_60deg,hue_shift,borderline,false,false,false,false,false,none,no_match,true,false,1642,13.459,45.643,16384,1.000,1,1,true,0,14,0.116,0.003,237.881,27.898,0.485,50.534,317.080
picsum_229__sharpen_light,picsum_229,sharpen_light,sharpen,high,true,false,false,true,true,base,visual_match,true,true,1531,1.374,13.126,16384,1.000,1,1,true,0,14,0.090,0.002,215.942,32.265,0.510,55.936,304.841
picsum_22__downscale_0.75x,picsum_22,downscale_0.75x,downscale,borderline,true,false,false,false,false,none,no_match,true,false,545,4.302,111.319,15777,0.963,1,1,true,0,32,0.048,0.002,215.071,21.662,0.674,57.108,294.641
picsum_22__jpeg_recompress_q90,picsum_22,jpeg_recompress_q90,jpeg_recompress,high,true,false,false,true,true,base,visual_match,true,true,1749,0.468,2.026,16384,1.000,1,1,true,0,6,0.145,0.003,237.601,32.084,0.800,52.074,322.861
picsum_230__brightness_plus10pct,picsum_230,brightness_plus10pct,brightness,borderline,true,false,false,true,true,base,visual_match,true,true,1690,3.994,14.862,16384,1.000,1,1,true,0,2,0.051,0.002,198.660,26.060,0.477,62.283,287.605
picsum_230__format_change_tiff,picsum_230,format_change_tiff,format_change,borderline,true,false,false,true,true,base,visual_match,true,true,1968,0.335,0.866,16384,1.000,1,1,true,0,0,0.465,0.005,246.922,35.312,0.590,64.465,348.236
picsum_230__rotate_180,picsum_230,rotate_180,rotate_cardinal,borderline,true,false,false,true,true,base,visual_match,true,true,1794,1.688,31.783,16256,0.992,1,1,true,0,0,0.071,0.003,250.916,30.072,0.620,46.866,328.627
picsum_231__content_overlay_30pct,picsum_231,content_overlay_30pct,content_overlay,high,false,false,false,false,false,none,no_match,true,false,1820,23.321,154.367,16384,1.000,1,1,true,0,50,0.083,0.005,228.715,39.244,0.549,54.698,323.413
picsum_231__hue_shift_180deg,picsum_231,hue_shift_180deg,hue_shift,borderline,false,false,false,false,false,none,no_match,true,false,419,28.266,127.929,16384,1.000,2,2,true,0,18,0.119,0.003,247.969,34.734,0.484,68.947,352.379
picsum_231__saturation_boost_2.0x,picsum_231,saturation_boost_2.0x,saturation_boost,borderline,false,false,false,false,false,none,no_match,true,false,1133,14.748,37.407,16289,0.994,2,2,true,0,22,0.138,0.004,283.014,47.851,0.554,78.703,410.486
picsum_232__downscale_0.33x,picsum_232,downscale_0.33x,downscale,borderline,true,false,false,false,false,none,no_match,true,false,243,3.512,65.908,16160,0.986,1,1,true,0,40,0.045,0.004,181.800,15.702,0.794,42.236,240.626
picsum_232__jpeg_recompress_q50,picsum_232,jpeg_recompress_q50,jpeg_recompress,high,true,false,false,true,true,base,visual_match,true,true,1732,1.478,17.692,16384,1.000,2,2,true,0,18,0.059,0.003,256.102,31.261,0.634,64.942,353.089
picsum_233__brightness_minus10pct,picsum_233,brightness_minus10pct,brightness,borderline,true,false,false,true,true,base,visual_match,true,true,1672,1.885,17.828,16384,1.000,1,1,true,0,8,0.132,0.003,194.874,30.331,0.379,46.670,272.582
picsum_233__format_change_gif,picsum_233,format_change_gif,format_change,borderline,true,false,false,true,true,base,visual_match,true,true,2000,0.479,0.863,16384,1.000,1,1,true,0,2,0.800,0.003,157.717,33.491,0.462,49.633,242.991
picsum_233__p3_as_srgb_q70,picsum_233,p3_as_srgb_q70,p3_as_srgb,borderline,true,false,false,true,true,base,visual_match,true,true,1784,5.918,11.922,16384,1.000,2,2,true,0,4,0.103,0.005,176.059,28.379,0.489,50.102,255.260
picsum_234__content_overlay_15pct,picsum_234,content_overlay_15pct,content_overlay,high,false,false,false,false,false,none,no_match,true,false,1821,21.117,149.240,16384,1.000,1,1,true,0,30,0.126,0.003,226.432,26.014,0.421,49.476,302.640
picsum_234__heavy_crop_60pct,picsum_234,heavy_crop_60pct,heavy_crop,high,false,false,false,false,false,none,prefilter_empty,true,false,145,2.765,33.564,2557,0.156,0,0,false,-1,110,0.026,0.002,131.372,11.646,0.450,0.000,143.560
picsum_234__rotate_90,picsum_234,rotate_90,rotate_cardinal,borderline,true,false,false,false,false,none,no_match,true,false,1702,4.736,66.305,16250,0.992,3,3,true,0,2,0.112,0.004,186.838,30.479,0.486,133.279,351.338
picsum_235__crop_border_5pct,picsum_235,crop_border_5pct,crop_border,borderline,true,false,false,true,true,base,visual_match,true,true,1460,0.887,13.386,12996,0.793,2,2,true,0,56,0.063,0.004,221.189,24.341,0.459,51.793,297.934
picsum_235__jpeg_recompress_q20,picsum_235,jpeg_recompress_q20,jpeg_recompress,high,true,false,false,true,true,base,visual_match,true,true,1529,2.482,11.408,16384,1.000,2,2,true,0,16,0.027,0.004,227.050,36.053,0.779,71.519,335.492
picsum_235__upscale_2.0x,picsum_235,upscale_2.0x,upscale,borderline,true,false,false,false,false,none,no_match,true,false,866,1.718,41.027,16152,0.986,1,1,true,0,10,0.108,0.003,522.312,53.786,0.631,72.712,649.690
picsum_236__downscale_256px,picsum_236,downscale_256px,downscale,borderline,true,false,false,false,false,none,no_match,true,false,194,5.630,102.853,16025,0.978,2,2,true,0,40,0.014,0.002,154.890,12.511,0.533,52.958,220.938
picsum_236__noise_sigma10,picsum_236,noise_sigma10,noise_light,high,true,false,false,true,true,base,visual_match,true,true,1734,1.988,11.781,16384,1.000,2,2,true,0,10,0.210,0.002,260.093,30.828,0.520,54.636,346.447
picsum_237__color_invert,picsum_237,color_invert,color_invert,high,false,false,false,false,false,none,no_match,true,false,0,+Inf,+Inf,0,0.000,1,1,false,-1,124,0.083,0.003,182.180,23.128,0.436,42.559,248.471
picsum_237__heavy_crop_40pct,picsum_237,heavy_crop_40pct,heavy_crop,borderline,false,false,false,false,false,none,prefilter_empty,true,false,561,0.985,15.794,5776,0.353,0,0,false,-1,116,0.029,0.003,131.848,13.272,0.273,0.000,145.483
picsum_237__rotate_32deg,picsum_237,rotate_32deg,rotate_small,borderline,true,false,false,false,false,none,prefilter_empty,true,true,1066,1.161,17.352,13469,0.822,0,0,false,-1,116,0.079,0.002,173.409,23.687,0.428,0.000,197.701
picsum_238__crop_border_15pct,picsum_238,crop_border_15pct,crop_border,borderline,true,false,false,false,false,none,prefilter_empty,true,true,720,1.728,20.011,7831,0.478,0,0,false,-1,118,0.073,0.003,160.855,21.060,0.399,0.000,182.503
picsum_238__hue_shift_60deg,picsum_238,hue_shift_60deg,hue_shift,borderline,false,false,false,true,true,base,visual_match,true,true,1839,2.361,6.102,16384,1.000,1,1,true,0,2,0.119,0.003,180.353,28.558,0.337,47.276,256.841
picsum_238__sharpen_light,picsum_238,sharpen_light,sharpen,high,true,false,false,true,true,base,visual_match,true,true,1346,2.569,21.552,16384,1.000,1,1,true,0,14,0.128,0.003,187.903,29.337,0.314,44.361,262.210
picsum_239__downscale_0.75x,picsum_239,downscale_0.75x,downscale,borderline,true,false,false,true,true,base,visual_match,true,true,789,1.939,17.045,16384,1.000,1,1,true,0,20,0.030,0.003,146.986,17.620,0.529,45.905,211.183
picsum_239__jpeg_recompress_q90,picsum_239,jpeg_recompress_q90,jpeg_recompress,high,true,false,false,true,true,base,visual_match,true,true,1899,0.576,3.532,16384,1.000,2,2,true,0,2,0.070,0.004,194.757,33.330,0.530,67.077,295.891
picsum_23__brightness_plus10pct,picsum_23,brightness_plus10pct,brightness,borderline,true,false,false,true,true,base,visual_match,true,true,648,1.713,21.430,16384,1.000,1,1,true,0,4,0.064,0.004,233.491,22.006,0.502,36.742,292.878
picsum_23__format_change_tiff,picsum_23,format_change_tiff,format_change,borderline,true,false,false,true,true,base,visual_match,true,true,833,0.342,0.866,16384,1.000,1,1,true,0,0,0.257,0.003,160.023,17.337,0.471,25.829,204.278
picsum_23__rotate_180,picsum_23,rotate_180,rotate_cardinal,borderline,true,false,false,false,false,none,no_match,true,false,709,3.564,98.336,16278,0.994,1,1,true,0,0,0.032,0.002,172.446,18.822,0.544,30.637,222.549
picsum_240__content_overlay_30pct,picsum_240,content_overlay_30pct,content_overlay,high,false,false,false,false,false,none,no_match,true,false,1308,24.441,181.990,16384,1.000,1,1,true,0,60,0.070,0.003,176.153,24.043,0.483,48.306,249.162
picsum_240__hue_shift_180deg,picsum_240,hue_shift_180deg,hue_shift,borderline,false,false,false,true,true,base,visual_match,true,true,1885,0.313,2.251,16384,1.000,1,1,true,0,2,0.081,0.002,220.597,25.729,0.344,52.782,299.610
picsum_240__saturation_boost_2.0x,picsum_240,saturation_boost_2.0x,saturation_boost,borderline,false,false,false,true,true,base,visual_match,true,true,1885,0.313,2.251,16384,1.000,1,1,true,0,2,0.093,0.004,238.504,28.265,0.386,53.279,320.633
picsum_241__downscale_0.33x,picsum_241,downscale_0.33x,downscale,borderline,true,false,false,false,false,none,no_match,true,false,212,4.522,53.333,16055,0.980,1,1,true,0,38,0.015,0.004,170.148,12.862,0.382,33.536,217.003
picsum_241__jpeg_recompress_q50,picsum_241,jpeg_recompress_q50,jpeg_recompress,high,true,false,false,true,true,base,visual_match,true,true,1618,0.576,5.267,16384,1.000,1,1,true,0,8,0.056,0.002,238.370,34.944,0.427,60.444,334.314
picsum_242__brightness_minus10pct,picsum_242,brightness_minus10pct,brightness,borderline,true,false,false,true,true,base,visual_match,true,true,1845,0.987,4.834,16384,1.000,2,2,true,0,2,0.110,0.006,225.785,29.421,0.481,55.468,311.409
picsum_242__format_change_gif,picsum_242,format_change_gif,format_change,borderline,true,false,false,true,true,base,visual_match,true,true,2000,0.417,0.866,16384,1.000,2,2,true,0,0,0.532,0.002,158.296,31.529,0.435,49.257,240.699
picsum_242__p3_as_srgb_q70,picsum_242,p3_as_srgb_q70,p3_as_srgb,borderline,true,false,false,true,true,base,visual_match,true,true,1791,6.845,12.788,16384,1.000,2,2,true,0,4,0.065,0.002,219.050,29.450,0.571,58.000,307.251
picsum_243__content_overlay_15pct,picsum_243,content_overlay_15pct,content_overlay,high,false,false,false,false,false,none,no_match,true,false,1696,20.344,175.731,16384,1.000,1,1,true,0,56,0.094,0.003,218.310,26.739,0.561,52.407,298.266
picsum_243__heavy_crop_60pct,picsum_243,heavy_crop_60pct,heavy_crop,high,false,false,false,false,false,none,prefilter_empty,true,false,216,2.118,27.540,2516,0.154,0,0,false,-1,122,0.028,0.004,134.661,10.612,0.400,0.000,145.776
picsum_243__rotate_90,picsum_243,rotate_90,rotate_cardinal,borderline,true,false,false,true,true,base,visual_match,true,true,1836,2.204,33.106,16246,0.992,2,2,true,0,2,0.090,0.002,177.875,23.778,0.445,46.894,249.178
picsum_244__crop_border_5pct,picsum_244,crop_border_5pct,crop_border,borderline,true,false,false,false,false,none,no_match,true,true,1477,0.892,9.348,12996,0.793,1,1,false,-1,98,0.056,0.002,161.083,20.630,0.324,16.631,198.805
picsum_244__jpeg_recompress_q20,picsum_244,jpeg_recompress_q20,jpeg_recompress,high,true,false,false,true,true,base,visual_match,true,true,1491,2.812,10.218,16384,1.000,2,2,true,0,10,0.041,0.002,174.268,21.032,0.429,46.070,241.882
picsum_244__upscale_2.0x,picsum_244,upscale_2.0x,upscale,borderline,true,false,false,true,true,base,visual_match,true,true,934,1.649,18.106,16384,1.000,1,1,true,0,8,0.124,0.002,508.441,48.405,0.721,80.642,638.482
picsum_247__downscale_256px,picsum_247,downscale_256px,downscale,borderline,true,false,false,false,false,none,no_match,true,false,190,5.815,49.264,16138,0.985,2,2,true,0,32,0.014,0.002,155.391,11.231,0.403,68.280,235.352
picsum_247__noise_sigma10,picsum_247,noise_sigma10,noise_light,high,true,false,false,true,true,base,visual_match,true,true,1639,1.868,6.370,16384,1.000,1,1,true,0,12,0.197,0.002,258.510,36.689,0.395,59.411,355.394
picsum_248__color_invert,picsum_248,color_invert,color_invert,high,false,false,false,false,false,none,prefilter_empty,true,false,5,63.715,196.634,15164,0.926,0,0,false,-1,128,0.053,0.003,251.115,31.637,0.483,0.000,283.362
picsum_248__heavy_crop_40pct,picsum_248,heavy_crop_40pct,heavy_crop,borderline,false,false,false,false,false,none,prefilter_empty,true,false,1377,1.263,8.892,5776,0.353,0,0,false,-1,116,0.042,0.002,199.528,21.083,0.441,0.000,221.148
picsum_248__rotate_32deg,picsum_248,rotate_32deg,rotate_small,borderline,true,false,false,false,false,none,prefilter_empty,true,true,1355,1.330,28.934,13477,0.823,0,0,false,-1,98,0.090,0.003,247.775,28.382,0.571,0.001,276.923
picsum_249__crop_border_15pct,picsum_249,crop_border_15pct,crop_border,borderline,true,false,false,true,true,base,visual_match,true,true,850,1.311,23.336,7847,0.479,1,1,true,0,96,0.042,0.002,172.294,15.670,0.333,36.082,224.512
picsum_249__hue_shift_60deg,picsum_249,hue_shift_60deg,hue_shift,borderline,false,false,false,false,false,none,no_match,true,false,1152,14.757,73.639,16384,1.000,4,4,true,0,16,0.048,0.003,171.777,23.257,0.657,143.843,339.650
picsum_249__sharpen_light,picsum_249,sharpen_light,sharpen,high,true,false,false,true,true,base,visual_match,true,true,1625,1.069,18.859,16384,1.000,4,4,true,0,10,0.080,0.003,173.156,22.962,0.464,48.792,245.536
picsum_24__downscale_0.75x,picsum_24,downscale_0.75x,downscale,borderline,true,false,false,true,true,base,visual_match,true,true,96,1.950,16.041,16185,0.988,2,2,true,0,16,0.019,0.003,184.871,17.062,0.729,31.806,234.547
picsum_24__jpeg_recompress_q90,picsum_24,jpeg_recompress_q90,jpeg_recompress,high,true,false,false,true,true,base,visual_match,true,true,320,0.489,12.599,16384,1.000,5,5,true,0,4,0.084,0.002,256.156,21.874,0.641,31.655,310.480
picsum_250__brightness_plus10pct,picsum_250,brightness_plus10pct,brightness,borderline,true,false,false,true,true,base,visual_match,true,true,1685,2.296,23.747,16384,1.000,1,1,true,0,10,0.059,0.007,248.056,31.320,0.599,58.142,338.266
picsum_250__format_change_tiff,picsum_250,format_change_tiff,format_change,borderline,true,false,false,true,true,base,visual_match,true,true,2000,0.367,0.866,16384,1.000,1,1,true,0,0,0.558,0.004,223.138,34.066,0.671,65.004,323.905
picsum_250__rotate_180,picsum_250,rotate_180,rotate_cardinal,borderline,true,false,false,false,false,none,no_match,true,false,1787,2.579,53.427,16361,0.999,2,2,true,0,2,0.088,0.004,232.820,28.914,0.524,73.669,336.094
picsum_251__content_overlay_30pct,picsum_251,content_overlay_30pct,content_overlay,high,false,false,false,false,false,none,no_match,true,false,1460,24.412,148.414,16384,1.000,1,1,true,0,32,0.075,0.003,273.469,27.394,0.378,72.388,373.798
picsum_251__hue_shift_180deg,picsum_251,hue_shift_180deg,hue_shift,borderline,false,false,false,false,false,none,no_match,true,false,671,22.350,83.481,16384,1.000,2,2,true,0,12,0.084,0.003,243.540,29.302,0.648,76.720,350.424
picsum_251__saturation_boost_2.0x,picsum_251,saturation_boost_2.0x,saturation_boost,borderline,false,false,false,false,false,none,no_match,true,false,1141,8.503,42.469,16384,1.000,2,2,true,0,8,0.077,0.003,266.170,30.307,0.518,99.729,396.933
picsum_252__downscale_0.33x,picsum_252,downscale_0.33x,downscale,borderline,true,false,false,false,false,none,no_match,true,false,190,6.180,109.958,16157,0.986,4,4,true,0,44,0.017,0.003,154.048,11.554,0.340,92.462,258.465
picsum_252__jpeg_recompress_q50,picsum_252,jpeg_recompress_q50,jpeg_recompress,high,true,false,false,true,true,base,visual_match,true,true,1658,0.578,7.688,16384,1.000,2,2,true,0,2,0.047,0.002,234.795,24.358,0.453,51.416,311.152
picsum_253__brightness_minus10pct,picsum_253,brightness_minus10pct,brightness,borderline,true,false,false,true,true,base,visual_match,true,true,1700,4.077,21.845,16384,1.000,1,1,true,0,6,0.173,0.002,234.414,42.048,0.448,59.152,336.409
picsum_253__format_change_gif,picsum_253,format_change_gif,format_change,borderline,true,false,false,true,true,base,visual_match,true,true,2000,0.477,0.847,16384,1.000,1,1,true,0,0,1.052,0.003,212.547,50.419,0.530,58.851,324.127
picsum_253__p3_as_srgb_q70,picsum_253,p3_as_srgb_q70,p3_as_srgb,borderline,true,false,false,true,true,base,visual_match,true,true,1840,4.839,13.391,16384,1.000,1,1,true,0,2,0.157,0.003,237.074,48.657,0.377,52.214,338.642
picsum_254__content_overlay_15pct,picsum_254,content_overlay_15pct,content_overlay,high,false,false,false,false,false,none,no_match,true,false,1704,26.245,192.134,16384,1.000,1,1,true,0,42,0.126,0.003,225.442,33.204,0.464,45.473,304.858
picsum_254__heavy_crop_60pct,picsum_254,heavy_crop_60pct,heavy_crop,high,false,false,false,false,false,none,prefilter_empty,true,false,198,2.953,36.987,2528,0.154,0,0,false,-1,120,0.031,0.002,115.758,12.019,0.310,0.000,128.165
picsum_254__rotate_90,picsum_254,rotate_90,rotate_cardinal,borderline,true,false,false,false,false,none,no_match,true,false,1922,3.889,50.333,16256,0.992,1,1,true,0,0,0.128,0.002,199.917,31.678,0.461,44.021,276.368
picsum_255__crop_border_5pct,picsum_255,crop_border_5pct,crop_border,borderline,true,false,false,true,true,base,visual_match,true,true,1385,0.948,8.340,12996,0.793,1,1,true,0,66,0.071,0.005,188.834,23.526,0.321,46.081,258.963
picsum_255__jpeg_recompress_q20,picsum_255,jpeg_recompress_q20,jpeg_recompress,high,true,false,false,true,true,base,visual_match,true,true,1439,3.114,14.417,16201,0.989,1,1,true,0,18,0.030,0.003,237.991,28.297,0.636,57.652,324.665
picsum_255__upscale_2.0x,picsum_255,upscale_2.0x,upscale,borderline,true,false,false,true,true,base,visual_match,true,true,789,1.593,15.261,16384,1.000,1,1,true,0,14,0.180,0.002,483.829,49.287,0.538,63.449,597.423
picsum_256__downscale_256px,picsum_256,downscale_256px,downscale,borderline,true,false,false,false,false,none,no_match,true,false,197,3.694,65.886,15920,0.972,1,1,true,0,36,0.017,0.003,142.282,11.075,0.510,35.501,189.425
picsum_256__noise_sigma10,picsum_256,noise_sigma10,noise_light,high,true,false,false,true,true,base,visual_match,true,true,1776,1.798,7.042,16384,1.000,1,1,true,0,14,0.171,0.003,240.065,30.121,0.463,50.444,321.415
picsum_257__color_invert,picsum_257,color_invert,color_invert,high,false,false,false,false,false,none,no_match,true,false,0,+Inf,+Inf,0,0.000,1,1,false,-1,118,0.072,0.002,231.411,28.389,0.527,26.187,286.683
picsum_257__heavy_crop_40pct,picsum_257,heavy_crop_40pct,heavy_crop,borderline,false,false,false,false,false,none,prefilter_empty,true,false,905,1.332,14.539,5776,0.353,0,0,false,-1,100,0.043,0.004,191.104,20.482,0.441,0.000,212.149
picsum_257__rotate_32deg,picsum_257,rotate_32deg,rotate_small,borderline,true,false,false,false,false,none,no_match,true,true,1200,1.352,18.851,13463,0.822,1,1,false,-1,124,0.114,0.003,192.937,29.398,0.540,44.439,267.531
picsum_258__crop_border_15pct,picsum_258,crop_border_15pct,crop_border,borderline,true,false,false,false,false,none,prefilter_empty,true,true,392,0.529,14.150,7854,0.479,0,0,false,-1,126,0.017,0.003,138.057,11.618,0.427,0.013,150.164
picsum_258__hue_shift_60deg,picsum_258,hue_shift_60deg,hue_shift,borderline,false,false,false,false,false,none,no_match,true,false,203,23.127,66.378,16384,1.000,1,1,true,0,36,0.055,0.003,174.189,18.215,0.428,40.436,233.383
picsum_258__sharpen_light,picsum_258,sharpen_light,sharpen,high,true,false,false,true,true,base,visual_match,true,true,881,0.379,10.205,16384,1.000,1,1,true,0,10,0.023,0.003,249.197,24.535,0.504,43.295,317.604
picsum_259__downscale_0.75x,picsum_259,downscale_0.75x,downscale,borderline,true,false,false,true,true,base,visual_match,true,true,842,2.414,19.911,16283,0.994,1,1,true,0,22,0.055,0.003,206.600,23.419,0.420,59.342,289.917
picsum_259__jpeg_recompress_q90,picsum_259,jpeg_recompress_q90,jpeg_recompress,high,true,false,false,true,true,base,visual_match,true,true,1926,0.572,3.101,16384,1.000,1,1,true,0,2,0.130,0.003,245.095,33.709,0.504,58.176,337.785
picsum_25__brightness_plus10pct,picsum_25,brightness_plus10pct,brightness,borderline,true,false,false,true,true,base,visual_match,true,true,1640,5.711,21.856,16384,1.000,3,3,true,0,10,0.125,0.003,201.353,27.582,0.280,40.297,269.780
picsum_25__format_change_tiff,picsum_25,format_change_tiff,format_change,borderline,true,false,false,true,true,base,visual_match,true,true,2000,0.409,0.866,16384,1.000,2,2,true,0,0,0.683,0.004,170.875,29.433,0.411,50.317,252.263
picsum_25__rotate_180,picsum_25,rotate_180,rotate_cardinal,borderline,true,false,false,false,false,none,no_match,true,false,1732,8.143,140.301,16251,0.992,2,2,true,0,4,0.123,0.005,178.610,29.414,0.425,68.940,277.695
picsum_260__content_overlay_30pct,picsum_260,content_overlay_30pct,content_overlay,high,false,false,false,false,false,none,no_match,true,false,1751,25.553,157.101,16384,1.000,2,2,true,0,42,0.077,0.002,219.953,32.406,0.460,77.990,331.141
picsum_260__hue_shift_180deg,picsum_260,hue_shift_180deg,hue_shift,borderline,false,false,false,true,true,base,visual_match,true,true,1856,5.310,24.781,16384,1.000,1,1,true,0,6,0.106,0.003,236.448,35.382,0.473,56.705,329.281
picsum_260__saturation_boost_2.0x,picsum_260,saturation_boost_2.0x,saturation_boost,borderline,false,false,false,true,true,base,visual_match,true,true,1834,3.347,20.601,16384,1.000,2,2,true,0,12,0.108,0.002,249.006,43.180,0.572,60.011,353.026
picsum_261__downscale_0.33x,picsum_261,downscale_0.33x,downscale,borderline,true,false,false,false,false,none,no_match,true,false,93,3.533,92.015,16254,0.992,2,2,true,0,36,0.018,0.003,151.348,10.260,0.506,35.763,197.929
picsum_261__jpeg_recompress_q50,picsum_261,jpeg_recompress_q50,jpeg_recompress,high,true,false,false,true,true,base,visual_match,true,true,1285,1.594,11.779,16384,1.000,1,1,true,0,14,0.053,0.003,206.932,22.246,0.329,47.384,277.018
picsum_263__brightness_minus10pct,picsum_263,brightness_minus10pct,brightness,borderline,true,false,false,true,true,base,visual_match,true,true,1650,3.212,26.134,16384,1.000,2,2,true,0,6,0.045,0.002,199.119,26.502,0.543,55.223,281.494
picsum_263__format_change_gif,picsum_263,format_change_gif,format_change,borderline,true,false,false,true,true,base,visual_match,true,true,1983,0.403,0.866,16384,1.000,1,1,true,0,0,0.658,0.004,224.258,32.829,0.549,65.504,324.374
picsum_263__p3_as_srgb_q70,picsum_263,p3_as_srgb_q70,p3_as_srgb,borderline,true,false,false,true,true,base,visual_match,true,true,1815,5.541,11.460,16384,1.000,1,1,true,0,2,0.050,0.003,239.141,26.192,0.482,56.760,322.703
picsum_264__content_overlay_15pct,picsum_264,content_overlay_15pct,content_overlay,high,false,false,false,false,false,none,no_match,true,false,1835,21.522,172.341,16384,1.000,1,1,true,0,46,0.065,0.003,238.125,29.693,0.437,57.222,325.640
picsum_264__heavy_crop_60pct,picsum_264,heavy_crop_60pct,heavy_crop,high,false,false,false,false,false,none,prefilter_empty,true,false,21,41.041,241.315,15920,0.972,0,0,false,-1,122,0.017,0.002,129.403,8.867,0.464,0.001,138.804
picsum_264__rotate_90,picsum_264,rotate_90,rotate_cardinal,borderline,true,false,false,false,false,none,no_match,true,false,1599,2.338,107.786,16378,1.000,1,1,true,0,4,0.052,0.002,245.029,30.918,0.400,57.394,333.883
picsum_265__crop_border_5pct,picsum_265,crop_border_5pct,crop_border,borderline,true,false,false,true,true,base,visual_match,true,true,879,1.324,15.686,12996,0.793,4,4,true,0,64,0.049,0.006,233.716,23.147,0.586,45.391,302.972
picsum_265__jpeg_recompress_q20,picsum_265,jpeg_recompress_q20,jpeg_recompress,high,true,false,false,true,true,base,visual_match,true,true,1144,3.320,15.785,16382,1.000,2,2,true,0,8,0.027,0.003,247.468,23.550,0.486,51.425,323.022
picsum_265__upscale_2.0x,picsum_265,upscale_2.0x,upscale,borderline,true,false,false,true,true,base,visual_match,true,true,695,1.302,14.954,16367,0.999,1,1,true,0,6,0.088,0.004,535.356,43.650,0.509,69.053,648.767
picsum_266__downscale_256px,picsum_266,downscale_256px,downscale,borderline,true,false,false,false,false,none,no_match,true,false,0,+Inf,+Inf,0,0.000,2,2,true,0,60,0.019,0.004,157.195,15.773,0.400,3.582,177.007
picsum_266__noise_sigma10,picsum_266,noise_sigma10,noise_light,high,true,false,false,true,true,base,visual_match,true,true,195,1.841,9.171,16384,1.000,1,1,true,0,64,0.141,0.003,245.354,28.198,0.722,34.848,309.399
picsum_267__color_invert,picsum_267,color_invert,color_invert,high,false,false,false,false,false,none,prefilter_empty,true,false,0,+Inf,+Inf,0,0.000,0,0,false,-1,118,0.062,0.003,242.353,25.844,0.544,0.006,268.926
picsum_267__heavy_crop_40pct,picsum_267,heavy_crop_40pct,heavy_crop,borderline,false,false,false,false,false,none,no_match,true,false,221,0.830,4.088,5776,0.353,3,3,false,-1,112,0.027,0.004,184.483,14.177,0.502,88.417,287.709
picsum_267__rotate_32deg,picsum_267,rotate_32deg,rotate_small,borderline,true,false,false,false,false,none,prefilter_empty,true,true,561,0.805,15.538,13466,0.822,0,0,false,-1,114,0.097,0.003,240.579,20.112,0.368,0.000,261.239
picsum_268__crop_border_15pct,picsum_268,crop_border_15pct,crop_border,borderline,true,false,false,false,false,none,prefilter_empty,true,true,896,1.443,21.022,7941,0.485,0,0,false,-1,124,0.048,0.002,154.577,18.199,0.359,0.000,173.267
picsum_268__hue_shift_60deg,picsum_268,hue_shift_60deg,hue_shift,borderline,false,false,false,false,false,none,no_match,true,false,1521,17.327,60.885,16384,1.000,2,2,true,0,10,0.090,0.004,220.576,38.183,0.383,113.030,372.399
picsum_268__sharpen_light,picsum_268,sharpen_light,sharpen,high,true,false,false,true,true,base,visual_match,true,true,1602,1.895,26.122,16384,1.000,1,1,true,0,12,0.124,0.002,255.049,33.902,0.505,60.293,350.014
picsum_269__downscale_0.75x,picsum_269,downscale_0.75x,downscale,borderline,true,false,false,true,true,base,visual_match,true,true,681,1.262,20.714,16141,0.985,1,1,true,0,22,0.041,0.003,193.776,24.587,0.430,55.388,274.286
picsum_269__jpeg_recompress_q90,picsum_269,jpeg_recompress_q90,jpeg_recompress,high,true,false,false,true,true,base,visual_match,true,true,1886,0.383,4.774,16384,1.000,2,2,true,0,4,0.050,0.004,181.951,25.225,0.519,47.297,255.152
picsum_26__brightness_plus10pct,picsum_26,brightness_plus10pct,brightness,borderline,true,false,false,true,true,base,visual_match,true,true,1783,0.786,10.917,16384,1.000,1,1,true,0,2,0.058,0.003,240.197,27.783,0.419,51.173,319.703
picsum_26__format_change_tiff,picsum_26,format_change_tiff,format_change,borderline,true,false,false,true,true,base,visual_match,true,true,1958,0.404,0.866,16384,1.000,1,1,true,0,2,0.458,0.002,222.501,41.054,0.427,66.978,331.812
picsum_26__rotate_180,picsum_26,rotate_180,rotate_cardinal,borderline,true,false,false,true,true,base,visual_match,true,true,1777,1.532,37.823,16212,0.990,1,1,true,0,2,0.093,0.005,275.813,33.449,0.768,57.969,368.233
picsum_270__content_overlay_30pct,picsum_270,content_overlay_30pct,content_overlay,high,false,false,false,false,false,none,no_match,true,false,944,27.916,180.990,16384,1.000,1,1,true,0,70,0.079,0.003,271.077,27.249,0.533,58.416,357.462
picsum_270__hue_shift_180deg,picsum_270,hue_shift_180deg,hue_shift,borderline,false,false,false,false,false,none,no_match,true,false,1477,45.351,99.483,16373,0.999,2,2,true,0,14,0.060,0.005,205.019,26.729,0.546,67.805,300.255
picsum_270__saturation_boost_2.0x,picsum_270,saturation_boost_2.0x,saturation_boost,borderline,false,false,false,false,false,none,no_match,true,false,1501,24.178,41.409,16384,1.000,1,1,true,0,6,0.096,0.003,183.125,29.149,0.516,47.689,260.681
picsum_271__downscale_0.33x,picsum_271,downscale_0.33x,downscale,borderline,true,false,false,false,false,none,no_match,true,false,195,4.496,50.496,16069,0.981,1,1,true,0,38,0.015,0.002,117.873,9.700,0.342,25.374,153.337
picsum_271__jpeg_recompress_q50,picsum_271,jpeg_recompress_q50,jpeg_recompress,high,true,false,false,true,true,base,visual_match,true,true,1574,2.088,13.524,16384,1.000,1,1,true,0,18,0.038,0.002,182.872,20.693,0.318,42.144,246.123
picsum_272__brightness_minus10pct,picsum_272,brightness_minus10pct,brightness,borderline,true,false,false,true,true,base,visual_match,true,true,1853,0.593,15.333,16384,1.000,1,1,true,0,6,0.050,0.003,237.855,33.629,0.539,67.931,340.101
picsum_272__format_change_gif,picsum_272,format_change_gif,format_change,borderline,true,false,false,true,true,base,visual_match,true,true,2000,0.223,0.500,16384,1.000,1,1,true,0,0,0.377,0.003,238.965,32.552,0.373,61.159,333.768
picsum_272__p3_as_srgb_q70,picsum_272,p3_as_srgb_q70,p3_as_srgb,borderline,true,false,false,true,true,base,visual_match,true,true,1791,5.928,11.927,16384,1.000,1,1,true,0,6,0.034,0.003,216.267,20.148,0.464,48.780,285.761
picsum_273__content_overlay_15pct,picsum_273,content_overlay_15pct,content_overlay,high,false,false,false,false,false,none,no_match,true,false,976,22.947,185.917,16384,1.000,1,1,true,0,64,0.047,0.002,178.303,19.866,0.372,37.984,236.644
picsum_273__heavy_crop_60pct,picsum_273,heavy_crop_60pct,heavy_crop,high,false,false,false,false,false,none,no_match,true,false,244,0.757,13.967,2501,0.153,1,1,false,-1,122,0.019,0.003,119.402,9.337,0.521,9.747,139.070
picsum_273__rotate_90,picsum_273,rotate_90,rotate_cardinal,borderline,true,false,false,true,true,base,visual_match,true,true,1817,1.526,36.285,16367,0.999,1,1,true,0,2,0.051,0.004,189.784,21.393,0.396,53.382,265.083
picsum_274__crop_border_5pct,picsum_274,crop_border_5pct,crop_border,borderline,true,false,false,true,true,base,visual_match,true,true,1202,1.266,9.976,12996,0.793,4,4,true,0,90,0.069,0.002,207.371,26.208,0.409,49.691,283.879
picsum_274__jpeg_recompress_q20,picsum_274,jpeg_recompress_q20,jpeg_recompress,high,true,false,false,true,true,base,visual_match,true,true,1536,4.264,27.016,16384,1.000,1,1,true,0,24,0.031,0.003,231.771,31.207,0.376,50.690,314.146
picsum_274__upscale_2.0x,picsum_274,upscale_2.0x,upscale,borderline,true,false,false,true,true,base,visual_match,true,true,916,1.278,16.825,16384,1.000,1,1,true,0,18,0.125,0.002,576.156,72.866,0.503,85.950,735.726
picsum_275__downscale_256px,picsum_275,downscale_256px,downscale,borderline,true,false,false,false,false,none,no_match,true,false,35,6.809,126.573,12039,0.735,2,2,true,0,34,0.012,0.002,111.387,7.369,0.535,38.026,157.356
picsum_275__noise_sigma10,picsum_275,noise_sigma10,noise_light,high,true,false,false,true,true,base,visual_match,true,true,387,2.328,22.043,15675,0.957,2,2,true,0,44,0.093,0.005,179.029,18.906,0.462,29.497,228.130
picsum_276__color_invert,picsum_276,color_invert,color_invert,high,false,false,false,false,false,none,prefilter_empty,true,false,7,88.994,249.629,10795,0.659,0,0,false,-1,126,0.091,0.003,205.195,27.106,0.446,0.002,232.966
picsum_276__heavy_crop_40pct,picsum_276,heavy_crop_40pct,heavy_crop,borderline,false,false,false,false,false,none,no_match,true,false,76,4.499,28.533,5890,0.359,1,1,false,-1,128,0.050,0.003,130.042,15.630,0.487,4.124,150.376
picsum_276__rotate_32deg,picsum_276,rotate_32deg,rotate_small,borderline,true,false,false,false,false,none,prefilter_empty,true,false,510,4.079,45.292,13326,0.813,0,0,false,-1,112,0.092,0.003,184.954,23.880,0.306,0.000,209.371
picsum_277__crop_border_15pct,picsum_277,crop_border_15pct,crop_border,borderline,true,false,false,false,false,none,prefilter_empty,true,true,474,2.423,25.283,7979,0.487,0,0,false,-1,120,0.027,0.002,145.945,14.315,0.414,0.000,160.748
picsum_277__hue_shift_60deg,picsum_277,hue_shift_60deg,hue_shift,borderline,false,false,false,false,false,none,no_match,true,false,1153,17.662,70.732,16384,1.000,1,1,true,0,10,0.071,0.002,220.262,25.559,0.503,58.994,305.444
picsum_277__sharpen_light,picsum_277,sharpen_light,sharpen,high,true,false,false,true,true,base,visual_match,true,true,1573,1.046,11.668,16384,1.000,1,1,true,0,8,0.077,0.004,245.820,30.634,0.615,62.697,340.017
picsum_278__downscale_0.75x,picsum_278,downscale_0.75x,downscale,borderline,true,false,false,true,true,base,visual_match,true,true,756,1.604,10.601,16384,1.000,3,3,true,0,24,0.030,0.002,214.165,19.339,0.519,49.795,283.920
picsum_278__jpeg_recompress_q90,picsum_278,jpeg_recompress_q90,jpeg_recompress,high,true,false,false,true,true,base,visual_match,true,true,1815,0.523,6.396,16384,1.000,2,2,true,0,6,0.067,0.004,217.444,26.901,0.536,49.662,294.697
picsum_279__brightness_plus10pct,picsum_279,brightness_plus10pct,brightness,borderline,true,false,false,true,true,base,visual_match,true,true,54,0.700,3.224,16384,1.000,2,2,true,0,12,0.066,0.007,228.912,20.159,0.492,30.818,280.522
picsum_279__format_change_tiff,picsum_279,format_change_tiff,format_change,borderline,true,false,false,true,true,base,visual_match,true,true,55,0.321,0.866,16384,1.000,3,3,true,0,6,0.269,0.002,217.013,20.042,0.517,32.046,270.120
picsum_279__rotate_180,picsum_279,rotate_180,rotate_cardinal,borderline,true,false,false,true,true,base,visual_match,true,true,46,0.434,8.084,16384,1.000,3,3,true,0,8,0.053,0.004,226.865,19.882,0.486,38.262,285.628
picsum_27__content_overlay_30pct,picsum_27,content_overlay_30pct,content_overlay,high,false,false,false,false,false,none,no_match,true,false,1480,26.085,165.358,16384,1.000,1,1,true,0,64,0.126,0.003,232.438,25.571,0.484,53.196,311.930
picsum_27__hue_shift_180deg,picsum_27,hue_shift_180deg,hue_shift,borderline,false,false,false,false,false,none,no_match,true,false,959,43.173,81.722,16384,1.000,2,2,true,0,18,0.083,0.002,231.991,25.366,0.477,72.026,330.060
picsum_27__saturation_boost_2.0x,picsum_27,saturation_boost_2.0x,saturation_boost,borderline,false,false,false,false,false,none,no_match,true,false,1002,25.384,39.889,16384,1.000,2,2,true,0,16,0.079,0.003,235.014,24.322,0.495,101.133,361.169
picsum_280__downscale_0.33x,picsum_280,downscale_0.33x,downscale,borderline,true,false,false,false,false,none,no_match,true,false,198,3.975,68.137,16193,0.988,1,1,true,0,50,0.019,0.003,152.999,11.086,0.532,38.602,203.279
picsum_280__jpeg_recompress_q50,picsum_280,jpeg_recompress_q50,jpeg_recompress,high,true,false,false,true,true,base,visual_match,true,true,1614,1.641,10.560,16384,1.000,2,2,true,0,18,0.046,0.003,226.468,27.807,0.397,54.722,309.527
picsum_281__brightness_minus10pct,picsum_281,brightness_minus10pct,brightness,borderline,true,false,false,true,true,base,visual_match,true,true,1819,1.413,14.453,16384,1.000,1,1,true,0,6,0.106,0.003,229.823,34.913,0.577,56.521,322.080
picsum_281__format_change_gif,picsum_281,format_change_gif,format_change,borderline,true,false,false,true,true,base,visual_match,true,true,2000,0.447,0.866,16384,1.000,1,1,true,0,0,0.928,0.003,215.307,38.513,0.418,65.576,321.328
picsum_281__p3_as_srgb_q70,picsum_281,p3_as_srgb_q70,p3_as_srgb,borderline,true,false,false,true,true,base,visual_match,true,true,1855,6.252,12.947,16384,1.000,1,1,true,0,2,0.089,0.004,282.851,32.414,0.613,61.550,377.634
picsum_282__content_overlay_15pct,picsum_282,content_overlay_15pct,content_overlay,high,false,false,false,false,false,none,no_match,true,false,1220,20.234,157.166,16384,1.000,3,3,true,0,60,0.055,0.003,238.759,27.883,0.378,131.617,398.795
picsum_282__heavy_crop_60pct,picsum_282,heavy_crop_60pct,heavy_crop,high,false,false,false,false,false,none,prefilter_empty,true,false,112,1.550,17.283,2525,0.154,0,0,false,-1,128,0.023,0.008,151.944,10.245,0.438,0.001,162.698
picsum_282__rotate_90,picsum_282,rotate_90,rotate_cardinal,borderline,true,false,false,true,true,base,visual_match,true,true,1492,1.249,24.231,16270,0.993,2,2,true,0,4,0.045,0.002,237.894,26.409,0.512,50.828,315.751
picsum_283__crop_border_5pct,picsum_283,crop_border_5pct,crop_border,borderline,true,false,false,true,true,base,visual_match,true,true,1244,1.514,16.554,12996,0.793,1,1,true,0,92,0.134,0.004,238.491,31.989,0.554,50.087,321.404
picsum_283__jpeg_recompress_q20,picsum_283,jpeg_recompress_q20,jpeg_recompress,high,true,false,false,true,true,base,visual_match,true,true,1496,3.419,14.785,16384,1.000,1,1,true,0,14,0.041,0.007,232.374,29.915,0.336,55.665,318.424
picsum_283__upscale_2.0x,picsum_283,upscale_2.0x,upscale,borderline,true,false,false,true,true,base,visual_match,true,true,857,1.513,14.668,16384,1.000,1,1,true,0,14,0.142,0.005,427.118,43.724,0.457,53.828,525.461
picsum_284__downscale_256px,picsum_284,downscale_256px,downscale,borderline,true,false,false,false,false,none,no_match,true,false,170,8.186,86.749,16209,0.989,1,1,true,0,26,0.022,0.003,122.159,9.779,0.313,30.804,163.128
picsum_284__noise_sigma10,picsum_284,noise_sigma10,noise_light,high,true,false,false,true,true,base,visual_match,true,true,1811,2.182,8.554,16384,1.000,1,1,true,0,6,0.168,0.004,205.781,28.704,0.440,47.838,283.144
picsum_287__color_invert,picsum_287,color_invert,color_invert,high,false,false,false,false,false,none,no_match,true,false,5,82.702,182.005,12929,0.789,1,1,false,-1,120,0.085,0.002,181.704,23.933,0.435,26.171,232.444
picsum_287__heavy_crop_40pct,picsum_287,heavy_crop_40pct,heavy_crop,borderline,false,false,false,false,false,none,prefilter_empty,true,false,913,1.343,6.803,5776,0.353,0,0,false,-1,122,0.050,0.002,181.163,19.500,0.425,0.000,201.204
picsum_287__rotate_32deg,picsum_287,rotate_32deg,rotate_small,borderline,true,false,false,false,false,none,no_match,true,true,1053,1.470,28.842,13444,0.821,1,1,false,-1,108,0.128,0.004,253.945,31.075,0.572,50.127,336.013
picsum_288__crop_border_15pct,picsum_288,crop_border_15pct,crop_border,borderline,true,false,false,false,false,none,no_match,true,true,574,1.655,21.377,7857,0.480,2,2,false,-1,130,0.062,0.003,193.509,26.986,0.589,124.204,345.436
picsum_288__hue_shift_60deg,picsum_288,hue_shift_60deg,hue_shift,borderline,false,false,false,false,false,none,no_match,true,false,1182,12.275,89.314,16384,1.000,1,1,true,0,22,0.096,0.006,315.150,49.433,0.387,75.496,440.709
picsum_288__sharpen_light,picsum_288,sharpen_light,sharpen,high,true,false,false,true,true,base,visual_match,true,true,1696,1.610,17.590,16384,1.000,2,2,true,0,4,0.092,0.002,217.259,37.509,0.474,55.792,311.216
picsum_289__downscale_0.75x,picsum_289,downscale_0.75x,downscale,borderline,true,false,false,true,true,base,visual_match,true,true,637,4.379,26.744,16363,0.999,1,1,true,0,22,0.071,0.007,226.113,36.074,0.557,58.888,321.825
picsum_289__jpeg_recompress_q90,picsum_289,jpeg_recompress_q90,jpeg_recompress,high,true,false,false,true,true,base,visual_match,true,true,1901,1.084,4.689,16384,1.000,2,2,true,0,2,0.162,0.002,249.497,40.736,0.416,69.082,360.038
picsum_28__brightness_plus10pct,picsum_28,brightness_plus10pct,brightness,borderline,true,false,false,true,true,base,visual_match,true,true,1788,1.253,25.184,16384,1.000,1,1,true,0,6,0.160,0.003,233.822,52.865,0.572,70.522,358.175
picsum_28__format_change_tiff,picsum_28,format_change_tiff,format_change,borderline,true,false,false,true,true,base,visual_match,true,true,2000,0.468,0.847,16384,1.000,1,1,true,0,0,1.128,0.004,235.533,46.760,0.490,67.741,352.658
picsum_28__rotate_180,picsum_28,rotate_180,rotate_cardinal,borderline,true,false,false,true,true,base,visual_match,true,true,1741,4.981,33.843,16256,0.992,1,1,true,0,6,0.220,0.004,290.319,44.533,0.463,72.804,408.596
picsum_290__content_overlay_30pct,picsum_290,content_overlay_30pct,content_overlay,high,false,false,false,false,false,none,no_match,true,false,1902,26.893,192.190,16384,1.000,2,2,true,0,44,0.060,0.004,258.489,28.028,0.660,108.164,395.485
picsum_290__hue_shift_180deg,picsum_290,hue_shift_180deg,hue_shift,borderline,false,false,false,false,false,none,no_match,true,false,1545,15.669,64.752,16384,1.000,1,1,true,0,6,0.063,0.003,243.358,29.660,0.567,64.579,338.296
picsum_290__saturation_boost_2.0x,picsum_290,saturation_boost_2.0x,saturation_boost,borderline,false,false,false,true,true,base,visual_match,true,true,1638,7.365,29.479,16384,1.000,1,1,true,0,6,0.066,0.005,251.949,29.905,0.644,58.924,341.693
picsum_291__downscale_0.33x,picsum_291,downscale_0.33x,downscale,borderline,true,false,false,false,false,none,no_match,true,false,14,3.259,91.451,15867,0.968,1,1,true,0,24,0.015,0.003,152.305,9.688,0.532,26.375,188.949
picsum_291__jpeg_recompress_q50,picsum_291,jpeg_recompress_q50,jpeg_recompress,high,true,false,false,true,true,base,visual_match,true,true,199,1.607,8.692,16384,1.000,1,1,true,0,14,0.034,0.006,215.333,19.125,0.470,27.273,262.355
picsum_292__brightness_minus10pct,picsum_292,brightness_minus10pct,brightness,borderline,true,false,false,true,true,base,visual_match,true,true,1729,2.450,26.305,16384,1.000,1,1,true,0,2,0.076,0.004,258.678,35.831,0.352,53.597,348.628
picsum_292__format_change_gif,picsum_292,format_change_gif,format_change,borderline,true,false,false,true,true,base,visual_match,true,true,2000,0.469,0.866,16384,1.000,1,1,true,0,0,0.633,0.004,220.964,37.718,0.483,65.507,326.003
picsum_292__p3_as_srgb_q70,picsum_292,p3_as_srgb_q70,p3_as_srgb,borderline,true,false,false,true,true,base,visual_match,true,true,1812,7.364,13.661,16384,1.000,1,1,true,0,2,0.057,0.004,242.296,28.257,0.482,56.813,328.015
picsum_293__content_overlay_15pct,picsum_293,content_overlay_15pct,content_overlay,high,false,false,false,false,false,none,no_match,true,false,1437,18.104,143.029,16384,1.000,1,1,true,0,34,0.047,0.003,285.519,28.853,0.357,50.834,365.694
picsum_293__heavy_crop_60pct,picsum_293,heavy_crop_60pct,heavy_crop,high,false,false,false,false,false,none,prefilter_empty,true,false,52,3.959,77.300,2703,0.165,0,0,false,-1,122,0.017,0.002,177.517,15.420,0.543,0.000,193.537
picsum_293__rotate_90,picsum_293,rotate_90,rotate_cardinal,borderline,true,false,false,false,false,none,no_match,true,false,1505,1.791,49.214,16331,0.997,2,2,true,0,2,0.055,0.004,239.966,26.996,0.543,73.553,341.187
picsum_294__crop_border_5pct,picsum_294,crop_border_5pct,crop_border,borderline,true,false,false,true,true,base,visual_match,true,true,1069,1.562,30.138,13232,0.808,2,2,true,0,74,0.061,0.003,243.835,41.105,0.654,67.237,352.988
picsum_294__jpeg_recompress_q20,picsum_294,jpeg_recompress_q20,jpeg_recompress,high,true,false,false,true,true,base,visual_match,true,true,1479,3.080,14.351,16384,1.000,2,2,true,0,8,0.026,0.003,234.882,26.887,0.368,52.766,315.016
picsum_294__upscale_2.0x,picsum_294,upscale_2.0x,upscale,borderline,true,false,false,false,false,none,no_match,true,false,750,2.488,40.473,16361,0.999,1,1,true,0,8,0.118,0.002,518.838,45.670,0.508,66.895,632.108
picsum_295__downscale_256px,picsum_295,downscale_256px,downscale,borderline,true,false,false,false,false,none,no_match,true,false,216,5.915,53.066,16134,0.985,2,2,true,0,44,0.016,0.002,164.395,13.748,0.558,58.266,237.029
picsum_295__noise_sigma10,picsum_295,noise_sigma10,noise_light,high,true,false,false,true,true,base,visual_match,true,true,1719,1.941,8.094,16384,1.000,1,1,true,0,18,0.195,0.003,253.581,34.512,0.486,57.483,346.502
picsum_296__color_invert,picsum_296,color_invert,color_invert,high,false,false,false,false,false,none,no_match,true,false,0,+Inf,+Inf,0,0.000,2,2,false,-1,122,0.071,0.004,239.686,28.972,0.478,89.218,358.502
picsum_296__heavy_crop_40pct,picsum_296,heavy_crop_40pct,heavy_crop,borderline,false,false,false,false,false,none,prefilter_empty,true,false,650,1.030,11.587,5776,0.353,0,0,false,-1,122,0.028,0.003,140.849,15.760,0.418,0.000,157.133
picsum_296__rotate_32deg,picsum_296,rotate_32deg,rotate_small,borderline,true,false,false,false,false,none,no_match,true,true,1218,0.996,17.264,13502,0.824,3,3,false,-1,116,0.106,0.004,243.204,29.285,0.548,113.723,386.967
picsum_297__crop_border_15pct,picsum_297,crop_border_15pct,crop_border,borderline,true,false,false,false,false,none,no_match,true,true,463,1.042,12.155,7832,0.478,1,1,false,-1,124,0.039,0.004,211.321,19.199,0.349,49.677,280.654
picsum_297__hue_shift_60deg,picsum_297,hue_shift_60deg,hue_shift,borderline,false,false,false,false,false,none,no_match,true,false,1683,16.587,53.069,16384,1.000,3,3,true,0,8,0.069,0.004,241.705,30.852,0.479,181.680,454.865
picsum_297__sharpen_light,picsum_297,sharpen_light,sharpen,high,true,false,false,true,true,base,visual_match,true,true,1718,1.278,17.215,16384,1.000,2,2,true,0,12,0.068,0.002,254.358,31.023,0.520,61.722,347.763
picsum_299__downscale_0.75x,picsum_299,downscale_0.75x,downscale,borderline,true,false,false,true,true,base,visual_match,true,true,683,3.325,21.669,16384,1.000,2,2,true,0,22,0.057,0.003,206.032,31.117,0.495,57.981,295.792
picsum_299__jpeg_recompress_q90,picsum_299,jpeg_recompress_q90,jpeg_recompress,high,true,false,false,true,true,base,visual_match,true,true,1893,0.766,4.630,16384,1.000,2,2,true,0,0,0.144,0.003,229.897,32.308,0.318,62.369,325.263
picsum_29__brightness_plus10pct,picsum_29,brightness_plus10pct,brightness,borderline,true,false,false,true,true,base,visual_match,true,true,1723,1.016,16.002,16384,1.000,1,1,true,0,4,0.179,0.003,266.489,47.254,0.529,69.524,384.230
picsum_29__format_change_tiff,picsum_29,format_change_tiff,format_change,borderline,true,false,false,true,true,base,visual_match,true,true,2000,0.451,0.866,16384,1.000,1,1,true,0,0,0.881,0.008,284.466,47.151,0.509,62.520,396.450
picsum_29__rotate_180,picsum_29,rotate_180,rotate_cardinal,borderline,true,false,false,false,false,none,no_match,true,false,1630,4.439,68.461,16149,0.986,1,1,true,0,2,0.210,0.003,264.012,43.131,0.548,61.512,369.566
picsum_2__content_overlay_30pct,picsum_2,content_overlay_30pct,content_overlay,high,false,false,false,false,false,none,no_match,true,false,1306,29.845,192.691,16384,1.000,1,1,true,0,52,0.052,0.002,242.785,26.448,0.526,64.176,334.118
picsum_2__hue_shift_180deg,picsum_2,hue_shift_180deg,hue_shift,borderline,false,false,false,false,false,none,no_match,true,false,1717,34.964,111.420,16384,1.000,1,1,true,0,14,0.083,0.005,269.152,31.070,0.437,64.241,365.072
picsum_2__saturation_boost_2.0x,picsum_2,saturation_boost_2.0x,saturation_boost,borderline,false,false,false,true,true,base,visual_match,true,true,1714,7.152,34.994,16384,1.000,1,1,true,0,8,0.095,0.004,259.587,28.364,0.605,65.211,353.983
picsum_300__downscale_0.33x,picsum_300,downscale_0.33x,downscale,borderline,true,false,false,false,false,none,no_match,true,false,45,2.215,100.200,16153,0.986,2,2,true,0,38,0.016,0.004,167.707,14.539,0.510,59.518,242.337
picsum_300__jpeg_recompress_q50,picsum_300,jpeg_recompress_q50,jpeg_recompress,high,true,false,false,true,true,base,visual_match,true,true,1224,0.225,6.465,16384,1.000,2,2,true,0,22,0.053,0.003,243.288,26.566,0.481,50.411,320.862
picsum_301__brightness_minus10pct,picsum_301,brightness_minus10pct,brightness,borderline,true,false,false,true,true,base,visual_match,true,true,1716,1.165,10.758,16384,1.000,1,1,true,0,4,0.111,0.004,214.677,31.884,0.468,63.376,310.677
picsum_301__format_change_gif,picsum_301,format_change_gif,format_change,borderline,true,false,false,true,true,base,visual_match,true,true,2000,0.473,0.847,16384,1.000,1,1,true,0,0,0.579,0.005,166.069,31.475,0.468,62.212,261.615
picsum_301__p3_as_srgb_q70,picsum_301,p3_as_srgb_q70,p3_as_srgb,borderline,true,false,false,false,false,none,no_match,true,false,1728,8.227,13.063,16384,1.000,1,1,true,0,4,0.066,0.002,241.250,33.036,0.320,57.651,332.431
picsum_302__content_overlay_15pct,picsum_302,content_overlay_15pct,content_overlay,high,false,false,false,false,false,none,no_match,true,false,452,21.872,147.201,16384,1.000,1,1,true,0,56,0.057,0.003,243.512,23.293,0.344,32.981,300.261
picsum_302__heavy_crop_60pct,picsum_302,heavy_crop_60pct,heavy_crop,high,false,false,false,false,false,none,no_match,true,false,101,3.703,55.271,1220,0.074,1,1,false,-1,126,0.016,0.003,165.919,11.900,0.496,42.722,221.096
picsum_302__rotate_90,picsum_302,rotate_90,rotate_cardinal,borderline,true,false,false,true,true,base,visual_match,true,true,442,0.498,24.714,16384,1.000,1,1,true,0,2,0.058,0.003,256.707,22.323,0.373,33.237,312.804
picsum_304__crop_border_5pct,picsum_304,crop_border_5pct,crop_border,borderline,true,false,false,true,true,base,visual_match,true,true,1002,1.108,32.592,12996,0.793,1,1,true,0,78,0.082,0.003,235.594,22.995,0.495,48.241,307.505
picsum_304__jpeg_recompress_q20,picsum_304,jpeg_recompress_q20,jpeg_recompress,high,true,false,false,true,true,base,visual_match,true,true,1051,2.984,20.274,16384,1.000,1,1,true,0,2,0.023,0.003,253.345,33.464,0.651,64.597,352.153
picsum_304__upscale_2.0x,picsum_304,upscale_2.0x,upscale,borderline,true,false,false,false,false,none,no_match,true,false,571,1.533,55.671,16199,0.989,2,2,true,0,0,0.083,0.005,597.229,39.227,0.494,133.561,770.727
picsum_305__downscale_256px,picsum_305,downscale_256px,downscale,borderline,true,false,false,false,false,none,no_match,true,false,225,7.171,78.047,16129,0.984,1,1,true,0,18,0.043,0.003,136.500,12.145,0.488,37.292,186.526
picsum_305__noise_sigma10,picsum_305,noise_sigma10,noise_light,high,true,false,false,true,true,base,visual_match,true,true,1769,1.902,8.679,16384,1.000,1,1,true,0,12,0.153,0.002,234.499,29.554,0.506,59.690,324.550
picsum_306__color_invert,picsum_306,color_invert,color_invert,high,false,false,false,false,false,none,prefilter_empty,true,false,0,+Inf,+Inf,0,0.000,0,0,false,-1,114,0.038,0.002,218.256,25.355,0.412,0.000,244.128
picsum_306__heavy_crop_40pct,picsum_306,heavy_crop_40pct,heavy_crop,borderline,false,false,false,false,false,none,no_match,true,false,677,0.943,10.273,5776,0.353,1,1,false,-1,106,0.031,0.003,167.309,15.306,0.466,40.716,223.899
picsum_306__rotate_32deg,picsum_306,rotate_32deg,rotate_small,borderline,true,false,false,false,false,none,no_match,true,true,953,0.885,19.784,13468,0.822,2,2,false,-1,118,0.063,0.004,238.097,26.562,0.518,83.286,348.652
picsum_307__crop_border_15pct,picsum_307,crop_border_15pct,crop_border,borderline,true,false,false,false,false,none,prefilter_empty,true,true,974,1.705,14.146,7832,0.478,0,0,false,-1,124,0.048,0.002,147.223,15.852,0.347,0.003,163.546
picsum_307__hue_shift_60deg,picsum_307,hue_shift_60deg,hue_shift,borderline,false,false,false,false,false,none,no_match,true,false,1092,44.275,75.154,16384,1.000,1,1,true,0,20,0.087,0.004,184.861,28.168,0.620,55.334,269.206
picsum_307__sharpen_light,picsum_307,sharpen_light,sharpen,high,true,false,false,true,true,base,visual_match,true,true,1648,1.565,11.028,16384,1.000,1,1,true,0,14,0.126,0.004,244.616,30.674,0.583,58.508,334.713
picsum_308__downscale_0.75x,picsum_308,downscale_0.75x,downscale,borderline,true,false,false,true,true,base,visual_match,true,true,801,2.885,24.129,16256,0.992,1,1,true,0,20,0.038,0.003,156.510,20.396,0.525,40.988,218.569
picsum_308__jpeg_recompress_q90,picsum_308,jpeg_recompress_q90,jpeg_recompress,high,true,false,false,true,true,base,visual_match,true,true,1921,0.690,3.615,16384,1.000,2,2,true,0,2,0.107,0.003,179.208,35.610,0.574,59.001,274.640
picsum_309__brightness_plus10pct,picsum_309,brightness_plus10pct,brightness,borderline,true,false,false,true,true,base,visual_match,true,true,1586,4.543,21.375,16384,1.000,1,1,true,0,10,0.049,0.003,182.163,24.468,0.443,51.486,258.734
picsum_309__format_change_tiff,picsum_309,format_change_tiff,format_change,borderline,true,false,false,true,true,base,visual_match,true,true,1986,0.440,0.866,16384,1.000,1,1,true,0,0,0.490,0.002,176.392,24.763,0.788,51.758,254.660
picsum_309__rotate_180,picsum_309,rotate_180,rotate_cardinal,borderline,true,false,false,true,true,base,visual_match,true,true,1846,2.168,32.127,16139,0.985,1,1,true,0,2,0.076,0.002,176.017,28.080,0.525,53.745,258.545
picsum_30__content_overlay_30pct,picsum_30,content_overlay_30pct,content_overlay,high,false,false,false,false,false,none,no_match,true,false,1267,25.087,150.793,16384,1.000,1,1,true,0,56,0.045,0.004,227.396,27.773,0.481,61.493,317.260
picsum_30__hue_shift_180deg,picsum_30,hue_shift_180deg,hue_shift,borderline,false,false,false,false,false,none,no_match,true,false,827,61.356,126.330,16193,0.988,2,2,true,0,24,0.073,0.003,240.684,27.620,0.435,114.623,383.527
picsum_30__saturation_boost_2.0x,picsum_30,saturation_boost_2.0x,saturation_boost,borderline,false,false,false,false,false,none,no_match,true,false,1206,27.446,44.734,16384,1.000,2,2,true,0,16,0.077,0.003,261.202,26.674,0.369,119.008,407.424
picsum_310__downscale_0.33x,picsum_310,downscale_0.33x,downscale,borderline,true,false,false,false,false,none,no_match,true,false,247,2.013,80.555,16259,0.992,5,5,true,0,24,0.047,0.005,150.717,11.208,0.582,60.849,223.441
picsum_310__jpeg_recompress_q50,picsum_310,jpeg_recompress_q50,jpeg_recompress,high,true,false,false,true,true,base,visual_match,true,true,1658,1.268,14.265,16384,1.000,2,2,true,0,6,0.027,0.029,257.823,26.594,0.687,69.150,354.368
picsum_311__brightness_minus10pct,picsum_311,brightness_minus10pct,brightness,borderline,true,false,false,true,true,base,visual_match,true,true,925,0.807,3.306,16384,1.000,1,1,true,0,4,0.051,0.003,235.502,24.535,0.519,40.773,301.502
picsum_311__format_change_gif,picsum_311,format_change_gif,format_change,borderline,true,false,false,true,true,base,visual_match,true,true,1075,0.407,0.866,16384,1.000,1,1,true,0,2,0.549,0.003,219.638,32.051,0.612,49.947,303.370
picsum_311__p3_as_srgb_q70,picsum_311,p3_as_srgb_q70,p3_as_srgb,borderline,true,false,false,true,true,base,visual_match,true,true,972,5.766,12.595,16384,1.000,1,1,true,0,6,0.044,0.003,223.812,25.161,0.539,35.093,284.764
picsum_312__content_overlay_15pct,picsum_312,content_overlay_15pct,content_overlay,high,false,false,false,false,false,none,no_match,true,false,616,23.895,189.792,16256,0.992,2,2,true,0,56,0.047,0.003,249.591,20.895,0.392,63.274,334.290
picsum_312__heavy_crop_60pct,picsum_312,heavy_crop_60pct,heavy_crop,high,false,false,false,false,false,none,no_match,true,false,101,5.952,183.914,2578,0.157,1,1,false,-1,114,0.018,0.004,163.578,11.681,0.387,31.244,206.943
picsum_312__rotate_90,picsum_312,rotate_90,rotate_cardinal,borderline,true,false,false,false,false,none,no_match,true,false,1344,1.450,54.709,16287,0.994,2,2,true,0,0,0.072,0.003,275.039,24.529,0.404,92.211,392.318
picsum_313__crop_border_5pct,picsum_313,crop_border_5pct,crop_border,borderline,true,false,false,true,true,base,visual_match,true,true,64,0.821,19.461,13004,0.794,4,4,true,0,74,0.055,0.003,195.165,17.263,0.506,26.141,239.188
picsum_313__jpeg_recompress_q20,picsum_313,jpeg_recompress_q20,jpeg_recompress,high,true,false,false,true,true,base,visual_match,true,true,45,2.903,16.528,16360,0.999,4,4,true,0,20,0.019,0.004,253.097,22.421,0.656,36.888,313.145
picsum_313__upscale_2.0x,picsum_313,upscale_2.0x,upscale,borderline,true,false,false,false,false,none,no_match,true,false,45,6.602,48.109,14259,0.870,4,4,true,0,4,0.059,0.004,536.443,49.498,0.604,116.291,703.011
picsum_314__downscale_256px,picsum_314,downscale_256px,downscale,borderline,true,false,false,false,false,none,no_match,true,false,181,4.036,51.070,16082,0.982,1,1,true,0,30,0.017,0.005,153.418,10.437,0.395,35.757,200.061
picsum_314__noise_sigma10,picsum_314,noise_sigma10,noise_light,high,true,false,false,true,true,base,visual_match,true,true,1531,1.958,10.973,16384,1.000,1,1,true,0,18,0.168,0.002,243.953,31.287,0.606,71.554,347.725
picsum_315__color_invert,picsum_315,color_invert,color_invert,high,false,false,false,false,false,none,prefilter_empty,true,false,6,69.065,329.000,15992,0.976,0,0,false,-1,124,0.109,0.003,234.225,29.251,0.446,0.000,264.233
picsum_315__heavy_crop_40pct,picsum_315,heavy_crop_40pct,heavy_crop,borderline,false,false,false,false,false,none,prefilter_empty,true,false,650,1.685,13.467,5776,0.353,0,0,false,-1,120,0.053,0.003,165.818,19.082,0.386,0.003,185.411
picsum_315__rotate_32deg,picsum_315,rotate_32deg,rotate_small,borderline,true,false,false,false,false,none,prefilter_empty,true,true,1062,1.612,15.357,13473,0.822,0,0,false,-1,114,0.105,0.002,206.849,25.454,0.492,0.002,232.994
picsum_316__crop_border_15pct,picsum_316,crop_border_15pct,crop_border,borderline,true,false,false,true,true,base,visual_match,true,true,979,1.576,12.193,7832,0.478,1,1,true,0,84,0.083,0.004,199.314,24.792,0.529,54.220,279.097
picsum_316__hue_shift_60deg,picsum_316,hue_shift_60deg,hue_shift,borderline,false,false,false,false,false,none,no_match,true,false,1683,11.237,54.531,16384,1.000,1,1,true,0,8,0.107,0.003,251.571,31.048,0.377,61.148,344.372
picsum_316__sharpen_light,picsum_316,sharpen_light,sharpen,high,true,false,false,true,true,base,visual_match,true,true,1641,1.890,14.988,16384,1.000,1,1,true,0,14,0.139,0.004,262.862,35.258,0.492,60.993,359.880
picsum_317__downscale_0.75x,picsum_317,downscale_0.75x,downscale,borderline,true,false,false,true,true,base,visual_match,true,true,615,2.253,16.345,16348,0.998,1,1,true,0,24,0.062,0.003,195.137,25.232,0.516,55.168,276.201
picsum_317__jpeg_recompress_q90,picsum_317,jpeg_recompress_q90,jpeg_recompress,high,true,false,false,true,true,base,visual_match,true,true,1925,0.562,2.915,16384,1.000,2,2,true,0,0,0.078,0.003,262.850,30.093,0.494,51.082,344.693
picsum_318__brightness_plus10pct,picsum_318,brightness_plus10pct,brightness,borderline,true,false,false,true,true,base,visual_match,true,true,1870,0.392,4.843,16384,1.000,3,3,true,0,4,0.051,0.003,230.674,25.951,0.392,46.094,303.233
picsum_318__format_change_tiff,picsum_318,format_change_tiff,format_change,borderline,true,false,false,true,true,base,visual_match,true,true,2000,0.227,0.500,16384,1.000,4,4,true,0,0,0.275,0.003,226.336,32.867,0.649,70.975,331.397
picsum_318__rotate_180,picsum_318,rotate_180,rotate_cardinal,borderline,true,false,false,false,false,none,no_match,true,false,1805,1.087,43.167,16114,0.984,3,3,true,0,0,0.055,0.004,238.576,28.161,0.644,89.041,356.559
picsum_319__content_overlay_30pct,picsum_319,content_overlay_30pct,content_overlay,high,false,false,false,false,false,none,no_match,true,false,1551,27.695,187.922,16384,1.000,2,2,true,0,64,0.051,0.003,219.519,20.684,0.502,84.919,325.795
picsum_319__hue_shift_180deg,picsum_319,hue_shift_180deg,hue_shift,borderline,false,false,false,false,false,none,no_match,true,false,1266,26.427,116.809,16384,1.000,2,2,true,0,18,0.044,0.003,177.277,19.834,0.485,90.053,287.797
picsum_319__saturation_boost_2.0x,picsum_319,saturation_boost_2.0x,saturation_boost,borderline,false,false,false,false,false,none,no_match,true,false,638,12.576,56.672,16353,0.998,1,1,true,0,18,0.044,0.005,177.310,18.473,0.295,43.541,239.727
picsum_31__downscale_0.33x,picsum_31,downscale_0.33x,downscale,borderline,true,false,false,false,false,none,no_match,true,false,106,1.988,67.743,16205,0.989,1,1,true,0,6,0.016,0.003,114.289,7.671,0.423,20.029,142.453
picsum_31__jpeg_recompress_q50,picsum_31,jpeg_recompress_q50,jpeg_recompress,high,true,false,false,true,true,base,visual_match,true,true,639,0.467,6.100,16384,1.000,2,2,true,0,4,0.020,0.003,172.107,19.256,0.525,30.550,222.507
picsum_320__brightness_minus10pct,picsum_320,brightness_minus10pct,brightness,borderline,true,false,false,true,true,base,visual_match,true,true,1745,7.337,20.915,16384,1.000,1,1,true,0,12,0.049,0.003,183.044,22.805,0.498,45.441,251.934
picsum_320__format_change_gif,picsum_320,format_change_gif,format_change,borderline,true,false,false,true,true,base,visual_match,true,true,2000,0.437,0.866,16384,1.000,1,1,true,0,2,0.462,0.002,157.949,27.972,0.330,49.075,236.143
picsum_320__p3_as_srgb_q70,picsum_320,p3_as_srgb_q70,p3_as_srgb,borderline,true,false,false,true,true,base,visual_match,true,true,1830,4.457,13.895,16384,1.000,1,1,true,0,6,0.057,0.002,183.104,29.821,0.560,61.760,275.366
picsum_321__content_overlay_15pct,picsum_321,content_overlay_15pct,content_overlay,high,false,false,false,false,false,none,no_match,true,false,1792,21.774,153.052,16384,1.000,3,3,true,0,64,0.044,0.003,172.393,20.694,0.438,103.825,297.479
picsum_321__heavy_crop_60pct,picsum_321,heavy_crop_60pct,heavy_crop,high,false,false,false,false,false,none,prefilter_empty,true,false,239,0.658,12.039,2502,0.153,0,0,false,-1,126,0.020,0.003,124.857,11.066,0.360,0.000,136.349
picsum_321__rotate_90,picsum_321,rotate_90,rotate_cardinal,borderline,true,false,false,true,true,base,visual_match,true,true,1842,1.256,29.300,16256,0.992,2,2,true,0,6,0.048,0.002,171.145,21.197,0.376,46.330,239.158
picsum_322__crop_border_5pct,picsum_322,crop_border_5pct,crop_border,borderline,true,false,false,true,true,base,visual_match,true,true,1232,1.648,25.185,13030,0.795,1,1,true,0,82,0.080,0.004,222.906,29.717,0.484,56.604,309.951
picsum_322__jpeg_recompress_q20,picsum_322,jpeg_recompress_q20,jpeg_recompress,high,true,false,false,true,true,base,visual_match,true,true,1509,3.665,14.990,16384,1.000,2,2,true,0,16,0.040,0.005,254.768,33.504,0.502,56.987,345.876
picsum_322__upscale_2.0x,picsum_322,upscale_2.0x,upscale,borderline,true,false,false,true,true,base,visual_match,true,true,734,1.512,12.791,16384,1.000,2,2,true,0,14,0.179,0.003,497.036,56.121,0.649,73.956,628.181
picsum_323__downscale_256px,picsum_323,downscale_256px,downscale,borderline,true,false,false,false,false,none,no_match,true,false,197,7.197,62.157,16224,0.990,3,3,true,0,48,0.029,0.003,155.172,12.556,0.510,121.315,289.698
picsum_323__noise_sigma10,picsum_323,noise_sigma10,noise_light,high,true,false,false,true,true,base,visual_match,true,true,1702,2.027,8.274,16384,1.000,2,2,true,0,12,0.191,0.005,260.694,40.595,0.456,55.664,357.795
picsum_324__color_invert,picsum_324,color_invert,color_invert,high,false,false,false,false,false,none,prefilter_empty,true,false,0,+Inf,+Inf,0,0.000,0,0,false,-1,126,0.162,0.003,247.842,38.692,0.479,0.004,287.333
picsum_324__heavy_crop_40pct,picsum_324,heavy_crop_40pct,heavy_crop,borderline,false,false,false,false,false,none,prefilter_empty,true,false,520,3.903,57.929,5776,0.353,0,0,false,-1,118,0.063,0.003,182.973,22.517,0.449,0.000,206.112
picsum_324__rotate_32deg,picsum_324,rotate_32deg,rotate_small,borderline,true,false,false,false,false,none,prefilter_empty,true,true,1137,2.209,17.605,13491,0.823,0,0,false,-1,126,0.129,0.002,182.068,26.615,0.393,0.000,209.345
picsum_325__crop_border_15pct,picsum_325,crop_border_15pct,crop_border,borderline,true,false,false,false,false,none,prefilter_empty,true,true,1028,1.610,10.303,7832,0.478,0,0,false,-1,112,0.051,0.002,149.320,22.301,0.511,0.000,172.255
picsum_325__hue_shift_60deg,picsum_325,hue_shift_60deg,hue_shift,borderline,false,false,false,false,false,none,no_match,true,false,1227,13.157,58.124,16384,1.000,1,1,true,0,12,0.095,0.002,202.015,37.014,0.586,58.715,298.564
picsum_325__sharpen_light,picsum_325,sharpen_light,sharpen,high,true,false,false,true,true,base,visual_match,true,true,1632,2.139,16.117,16384,1.000,2,2,true,0,10,0.153,0.002,267.372,34.252,0.412,50.841,353.200
picsum_326__downscale_0.75x,picsum_326,downscale_0.75x,downscale,borderline,true,false,false,true,true,base,visual_match,true,true,176,1.318,27.094,16152,0.986,2,2,true,0,6,0.020,0.003,195.135,17.998,0.635,30.836,244.676
picsum_326__jpeg_recompress_q90,picsum_326,jpeg_recompress_q90,jpeg_recompress,high,true,false,false,true,true,base,visual_match,true,true,477,0.444,19.232,16384,1.000,3,3,true,0,2,0.039,0.003,199.047,20.248,0.528,33.279,253.199
picsum_327__brightness_plus10pct,picsum_327,brightness_plus10pct,brightness,borderline,true,false,false,true,true,base,visual_match,true,true,1747,1.070,19.298,16384,1.000,1,1,true,0,8,0.057,0.002,174.914,24.478,0.527,58.204,258.283
picsum_327__format_change_tiff,picsum_327,format_change_tiff,format_change,borderline,true,false,false,true,true,base,visual_match,true,true,2000,0.390,0.866,16384,1.000,1,1,true,0,0,0.490,0.003,216.772,35.411,0.603,61.577,315.349
picsum_327__rotate_180,picsum_327,rotate_180,rotate_cardinal,borderline,true,false,false,false,false,none,no_match,true,false,1860,2.164,38.447,16265,0.993,1,1,true,0,2,0.084,0.003,257.580,31.528,0.627,60.542,350.456
picsum_328__content_overlay_30pct,picsum_328,content_overlay_30pct,content_overlay,high,false,false,false,false,false,none,no_match,true,false,1395,26.059,166.783,16384,1.000,3,3,true,0,50,0.115,0.004,247.978,29.517,0.566,170.030,448.317
picsum_328__hue_shift_180deg,picsum_328,hue_shift_180deg,hue_shift,borderline,false,false,false,false,false,none,no_match,true,false,1070,50.876,90.268,16186,0.988,4,4,true,0,36,0.060,0.005,259.589,29.402,0.693,166.472,456.297
picsum_328__saturation_boost_2.0x,picsum_328,saturation_boost_2.0x,saturation_boost,borderline,false,false,false,false,false,none,no_match,true,false,1464,11.687,25.259,16384,1.000,3,3,true,0,18,0.064,0.003,281.078,31.929,0.716,213.493,527.391
picsum_329__downscale_0.33x,picsum_329,downscale_0.33x,downscale,borderline,true,false,false,false,false,none,no_match,true,false,138,3.451,48.006,16089,0.982,1,1,true,0,36,0.017,0.003,154.300,12.049,0.596,39.206,206.205
picsum_329__jpeg_recompress_q50,picsum_329,jpeg_recompress_q50,jpeg_recompress,high,true,false,false,true,true,base,visual_match,true,true,1558,1.518,9.051,16384,1.000,2,2,true,0,12,0.046,0.004,254.866,30.048,0.508,56.957,342.496
picsum_32__brightness_minus10pct,picsum_32,brightness_minus10pct,brightness,borderline,true,false,false,true,true,base,visual_match,true,true,1837,0.686,20.068,16384,1.000,2,2,true,0,6,0.127,0.004,259.969,34.718,0.501,57.099,352.563
picsum_32__format_change_gif,picsum_32,format_change_gif,format_change,borderline,true,false,false,true,true,base,visual_match,true,true,2000,0.386,0.866,16384,1.000,2,2,true,0,2,0.851,0.004,240.352,39.992,0.491,67.451,349.909
picsum_32__p3_as_srgb_q70,picsum_32,p3_as_srgb_q70,p3_as_srgb,borderline,true,false,false,true,true,base,visual_match,true,true,1770,7.538,12.061,16384,1.000,2,2,true,0,4,0.112,0.003,293.693,32.697,0.528,61.832,389.014
picsum_330__content_overlay_15pct,picsum_330,content_overlay_15pct,content_overlay,high,false,false,false,false,false,none,no_match,true,false,742,22.685,157.801,16384,1.000,2,2,true,0,72,0.041,0.003,189.390,20.025,0.452,41.287,251.297
picsum_330__heavy_crop_60pct,picsum_330,heavy_crop_60pct,heavy_crop,high,false,false,false,false,false,none,prefilter_empty,true,false,194,1.122,18.555,2503,0.153,0,0,false,-1,126,0.019,0.003,115.251,9.663,0.338,0.002,125.323
picsum_330__rotate_90,picsum_330,rotate_90,rotate_cardinal,borderline,true,false,false,true,true,base,visual_match,true,true,1025,1.003,17.367,16356,0.998,2,2,true,0,2,0.045,0.003,191.166,23.707,0.630,40.199,255.829
picsum_331__crop_border_5pct,picsum_331,crop_border_5pct,crop_border,borderline,true,false,false,true,true,base,visual_match,true,true,1384,1.651,25.072,13027,0.795,3,3,true,0,84,0.081,0.003,183.263,21.315,0.411,47.221,252.396
picsum_331__jpeg_recompress_q20,picsum_331,jpeg_recompress_q20,jpeg_recompress,high,true,false,false,true,true,base,visual_match,true,true,1673,2.526,10.232,16384,1.000,1,1,true,0,8,0.031,0.005,177.973,22.247,0.330,60.519,261.166
picsum_331__upscale_2.0x,picsum_331,upscale_2.0x,upscale,borderline,true,false,false,true,true,base,visual_match,true,true,955,2.182,22.186,16384,1.000,1,1,true,0,8,0.108,0.006,420.557,44.836,0.481,64.430,530.568
picsum_334__downscale_256px,picsum_334,downscale_256px,downscale,borderline,true,false,false,false,false,none,no_match,true,false,40,2.189,147.036,15578,0.951,2,2,true,0,28,0.037,0.004,164.024,10.681,0.574,27.967,203.331
picsum_334__noise_sigma10,picsum_334,noise_sigma10,noise_light,high,true,false,false,true,true,base,visual_match,true,true,821,1.661,5.915,16384,1.000,2,2,true,0,20,0.206,0.004,250.691,24.120,0.388,37.610,313.198
picsum_335__color_invert,picsum_335,color_invert,color_invert,high,false,false,false,false,false,none,prefilter_empty,true,false,0,+Inf,+Inf,0,0.000,0,0,false,-1,130,0.172,0.004,234.225,37.329,0.370,0.001,272.381
picsum_335__heavy_crop_40pct,picsum_335,heavy_crop_40pct,heavy_crop,borderline,false,false,false,false,false,none,prefilter_empty,true,false,78,3.380,34.603,5780,0.353,0,0,false,-1,118,0.064,0.005,177.433,24.552,0.474,0.000,202.608
picsum_335__rotate_32deg,picsum_335,rotate_32deg,rotate_small,borderline,true,false,false,false,false,none,prefilter_empty,true,true,686,2.203,18.015,13463,0.822,0,0,false,-1,122,0.173,0.003,251.893,36.960,0.556,0.000,289.713
picsum_336__crop_border_15pct,picsum_336,crop_border_15pct,crop_border,borderline,true,false,false,false,false,none,no_match,true,true,894,1.599,20.054,7790,0.475,1,1,false,-1,126,0.053,0.003,216.871,25.766,0.446,56.784,300.089
picsum_336__hue_shift_60deg,picsum_336,hue_shift_60deg,hue_shift,borderline,false,false,false,false,false,none,no_match,true,false,840,15.033,110.862,16384,1.000,1,1,true,0,16,0.102,0.003,237.880,29.749,0.559,65.283,333.702
picsum_336__sharpen_light,picsum_336,sharpen_light,sharpen,high,true,false,false,true,true,base,visual_match,true,true,1655,1.547,18.333,16384,1.000,1,1,true,0,4,0.097,0.002,242.336,32.320,0.511,58.674,334.018
picsum_337__downscale_0.75x,picsum_337,downscale_0.75x,downscale,borderline,true,false,false,true,true,base,visual_match,true,true,718,2.464,14.331,16384,1.000,1,1,true,0,46,0.082,0.002,221.317,22.469,0.444,49.823,294.216
picsum_337__jpeg_recompress_q90,picsum_337,jpeg_recompress_q90,jpeg_recompress,high,true,false,false,true,true,base,visual_match,true,true,1874,0.673,4.466,16384,1.000,1,1,true,0,6,0.139,0.003,286.775,37.354,0.522,61.560,386.527
picsum_338__brightness_plus10pct,picsum_338,brightness_plus10pct,brightness,borderline,true,false,false,true,true,base,visual_match,true,true,1265,0.679,6.138,16384,1.000,3,3,true,0,4,0.064,0.003,248.280,27.016,0.607,44.105,320.167
picsum_338__format_change_tiff,picsum_338,format_change_tiff,format_change,borderline,true,false,false,true,true,base,visual_match,true,true,1413,0.374,0.866,16384,1.000,3,3,true,0,2,0.477,0.002,225.035,29.153,0.749,51.056,306.789
picsum_338__rotate_180,picsum_338,rotate_180,rotate_cardinal,borderline,true,false,false,true,true,base,visual_match,true,true,1253,1.001,16.768,16286,0.994,3,3,true,0,2,0.069,0.003,255.787,30.231,0.635,61.920,348.729
picsum_339__content_overlay_30pct,picsum_339,content_overlay_30pct,content_overlay,high,false,false,false,false,false,none,no_match,true,false,1600,31.179,185.691,16384,1.000,3,3,true,0,70,0.095,0.004,255.349,29.237,0.549,124.538,409.909
picsum_339__hue_shift_180deg,picsum_339,hue_shift_180deg,hue_shift,borderline,false,false,false,true,true,base,visual_match,true,true,1689,0.326,2.667,16384,1.000,1,1,true,0,2,0.075,0.003,282.524,27.010,0.555,50.802,361.109
picsum_339__saturation_boost_2.0x,picsum_339,saturation_boost_2.0x,saturation_boost,borderline,false,false,false,true,true,base,visual_match,true,true,1689,0.326,2.667,16384,1.000,1,1,true,0,2,0.070,0.002,255.912,28.090,0.566,59.390,344.107
picsum_33__downscale_0.33x,picsum_33,downscale_0.33x,downscale,borderline,true,false,false,false,false,none,no_match,true,false,228,3.686,55.428,16129,0.984,1,1,true,0,22,0.025,0.004,195.898,12.102,0.528,37.844,246.454
picsum_33__jpeg_recompress_q50,picsum_33,jpeg_recompress_q50,jpeg_recompress,high,true,false,false,true,true,base,visual_match,true,true,1681,1.642,9.051,16384,1.000,1,1,true,0,6,0.045,0.003,249.514,28.264,0.405,53.940,332.255
picsum_340__brightness_minus10pct,picsum_340,brightness_minus10pct,brightness,borderline,true,false,false,true,true,base,visual_match,true,true,1844,1.254,10.638,16384,1.000,1,1,true,0,0,0.092,0.003,255.739,41.139,0.583,68.736,366.393
picsum_340__format_change_gif,picsum_340,format_change_gif,format_change,borderline,true,false,false,true,true,base,visual_match,true,true,2000,0.464,0.866,16384,1.000,1,1,true,0,0,0.721,0.004,224.113,39.881,0.352,69.655,335.342
picsum_340__p3_as_srgb_q70,picsum_340,p3_as_srgb_q70,p3_as_srgb,borderline,true,false,false,true,true,base,visual_match,true,true,1832,3.929,12.496,16384,1.000,1,1,true,0,4,0.061,0.003,207.745,26.334,0.311,59.483,294.036
picsum_341__content_overlay_15pct,picsum_341,content_overlay_15pct,content_overlay,high,false,false,false,false,false,none,no_match,true,false,198,22.218,162.388,16384,1.000,1,1,true,0,46,0.029,0.004,173.029,18.015,0.424,25.682,217.226
picsum_341__heavy_crop_60pct,picsum_341,heavy_crop_60pct,heavy_crop,high,false,false,false,false,false,none,prefilter_empty,true,false,0,+Inf,+Inf,0,0.000,0,0,false,-1,118,0.025,0.003,156.116,10.426,0.457,0.000,167.090
picsum_341__rotate_90,picsum_341,rotate_90,rotate_cardinal,borderline,true,false,false,false,false,none,no_match,true,false,205,1.836,51.261,16205,0.989,1,1,true,0,0,0.044,0.003,245.925,22.354,0.553,34.101,303.048
picsum_342__crop_border_5pct,picsum_342,crop_border_5pct,crop_border,borderline,true,false,false,true,true,base,visual_match,true,true,1134,1.215,15.110,12996,0.793,1,1,true,0,72,0.063,0.003,229.278,24.713,0.350,54.718,309.201
picsum_342__jpeg_recompress_q20,picsum_342,jpeg_recompress_q20,jpeg_recompress,high,true,false,false,true,true,base,visual_match,true,true,1374,3.251,17.251,16384,1.000,1,1,true,0,4,0.028,0.003,243.691,26.815,0.575,57.104,328.288
picsum_342__upscale_2.0x,picsum_342,upscale_2.0x,upscale,borderline,true,false,false,true,true,base,visual_match,true,true,661,1.769,30.862,16158,0.986,1,1,true,0,4,0.095,0.003,524.187,49.100,0.465,81.414,655.368
picsum_343__downscale_256px,picsum_343,downscale_256px,downscale,borderline,true,false,false,false,false,none,no_match,true,false,193,9.791,68.105,16137,0.985,1,1,true,0,48,0.024,0.003,157.479,19.150,0.477,42.497,219.683
picsum_343__noise_sigma10,picsum_343,noise_sigma10,noise_light,high,true,false,false,true,true,base,visual_match,true,true,1748,1.976,8.038,16384,1.000,1,1,true,0,8,0.268,0.003,240.328,51.875,0.650,74.185,367.581
picsum_344__color_invert,picsum_344,color_invert,color_invert,high,false,false,false,false,false,none,prefilter_empty,true,false,0,+Inf,+Inf,0,0.000,0,0,false,-1,126,0.052,0.004,231.955,23.810,0.377,0.001,256.278
picsum_344__heavy_crop_40pct,picsum_344,heavy_crop_40pct,heavy_crop,borderline,false,false,false,false,false,none,no_match,true,false,65,3.265,27.298,5234,0.319,1,1,false,-1,120,0.039,0.002,149.215,11.227,0.410,4.884,165.803
picsum_344__rotate_32deg,picsum_344,rotate_32deg,rotate_small,borderline,true,false,false,false,false,none,no_match,true,true,235,1.455,28.811,13667,0.834,1,1,false,-1,116,0.043,0.003,172.498,17.272,0.417,12.783,203.118
picsum_345__crop_border_15pct,picsum_345,crop_border_15pct,crop_border,borderline,true,false,false,false,false,none,prefilter_empty,true,false,1460,2.607,48.535,7877,0.481,0,0,false,-1,118,0.040,0.002,193.975,14.867,0.481,0.000,209.422
picsum_345__hue_shift_60deg,picsum_345,hue_shift_60deg,hue_shift,borderline,false,false,false,true,true,base,visual_match,true,true,1786,5.871,14.826,16384,1.000,1,1,true,0,8,0.064,0.003,253.326,24.616,0.521,63.136,341.769
picsum_345__sharpen_light,picsum_345,sharpen_light,sharpen,high,true,false,false,true,true,base,visual_match,true,true,1627,1.560,24.568,16384,1.000,2,2,true,0,10,0.058,0.002,252.678,26.862,0.482,61.564,341.763
picsum_347__downscale_0.75x,picsum_347,downscale_0.75x,downscale,borderline,true,false,false,true,true,base,visual_match,true,true,515,2.318,29.594,16368,0.999,1,1,true,0,32,0.035,0.002,205.783,21.257,0.477,54.390,282.039
picsum_347__jpeg_recompress_q90,picsum_347,jpeg_recompress_q90,jpeg_recompress,high,true,false,false,true,true,base,visual_match,true,true,1808,0.510,6.783,16384,1.000,2,2,true,0,4,0.116,0.003,249.025,47.362,0.645,51.509,348.759
picsum_348__brightness_plus10pct,picsum_348,brightness_plus10pct,brightness,borderline,true,false,false,true,true,base,visual_match,true,true,1858,1.130,23.796,16384,1.000,2,2,true,0,4,0.138,0.004,261.260,39.373,0.502,69.619,371.019
picsum_348__format_change_tiff,picsum_348,format_change_tiff,format_change,borderline,true,false,false,true,true,base,visual_match,true,true,2000,0.472,0.847,16384,1.000,1,1,true,0,0,0.929,0.004,232.165,41.172,0.600,69.348,344.864
picsum_348__rotate_180,picsum_348,rotate_180,rotate_cardinal,borderline,true,false,false,false,false,none,no_match,true,false,1891,5.501,51.449,16258,0.992,1,1,true,0,2,0.168,0.003,269.065,34.268,0.337,48.436,352.454
picsum_349__content_overlay_30pct,picsum_349,content_overlay_30pct,content_overlay,high,false,false,false,false,false,none,no_match,true,false,843,24.859,140.254,16384,1.000,1,1,true,0,50,0.045,0.003,230.421,22.008,0.381,37.681,290.661
picsum_349__hue_shift_180deg,picsum_349,hue_shift_180deg,hue_shift,borderline,false,false,false,false,false,none,no_match,true,false,810,12.308,20.241,16384,1.000,1,1,true,0,2,0.037,0.003,240.904,27.648,0.581,46.843,316.075
picsum_349__saturation_boost_2.0x,picsum_349,saturation_boost_2.0x,saturation_boost,borderline,false,false,false,true,true,base,visual_match,true,true,829,6.532,13.767,16384,1.000,1,1,true,0,8,0.030,0.003,205.203,18.063,0.464,35.163,259.016
picsum_34__downscale_0.33x,picsum_34,downscale_0.33x,downscale,borderline,true,false,false,false,false,none,no_match,true,false,219,10.564,79.606,16129,0.984,2,2,true,0,30,0.021,0.003,127.296,10.931,0.373,51.992,190.671
picsum_34__jpeg_recompress_q50,picsum_34,jpeg_recompress_q50,jpeg_recompress,high,true,false,false,true,true,base,visual_match,true,true,1705,2.766,14.293,16384,1.000,2,2,true,0,10,0.085,0.003,187.878,31.716,0.443,42.870,263.094
picsum_350__brightness_minus10pct,picsum_350,brightness_minus10pct,brightness,borderline,true,false,false,true,true,base,visual_match,true,true,1592,2.515,19.126,16384,1.000,1,1,true,0,8,0.060,0.003,178.001,21.841,0.499,49.414,249.913
picsum_350__format_change_gif,picsum_350,format_change_gif,format_change,borderline,true,false,false,true,true,base,visual_match,true,true,1892,0.419,0.866,16384,1.000,2,2,true,0,0,0.391,0.003,151.054,24.007,0.503,46.617,223.020
picsum_350__p3_as_srgb_q70,picsum_350,p3_as_srgb_q70,p3_as_srgb,borderline,true,false,false,true,true,base,visual_match,true,true,1743,4.995,11.666,16384,1.000,2,2,true,0,2,0.043,0.005,168.449,20.547,0.541,48.503,238.156
picsum_351__content_overlay_15pct,picsum_351,content_overlay_15pct,content_overlay,high,false,false,false,false,false,none,no_match,true,false,1767,24.629,177.777,16384,1.000,2,2,true,0,32,0.087,0.003,248.790,32.158,0.616,80.004,361.804
picsum_351__heavy_crop_60pct,picsum_351,heavy_crop_60pct,heavy_crop,high,false,false,false,false,false,none,prefilter_empty,true,false,719,2.051,14.943,2500,0.153,0,0,false,-1,128,0.034,0.004,165.605,17.805,0.548,0.000,184.091
picsum_351__rotate_90,picsum_351,rotate_90,rotate_cardinal,borderline,true,false,false,false,false,none,no_match,true,false,1918,2.580,45.516,16256,0.992,2,2,true,0,0,0.106,0.003,242.307,31.173,0.498,82.513,356.745
picsum_352__crop_border_5pct,picsum_352,crop_border_5pct,crop_border,borderline,true,false,false,true,true,base,visual_match,true,true,974,1.455,10.350,12996,0.793,1,1,true,0,72,0.070,0.003,248.045,28.619,0.377,58.518,335.753
picsum_352__jpeg_recompress_q20,picsum_352,jpeg_recompress_q20,jpeg_recompress,high,true,false,false,true,true,base,visual_match,true,true,1079,3.949,19.067,16384,1.000,2,2,true,0,18,0.032,0.003,253.005,29.298,0.672,62.754,345.843
picsum_352__upscale_2.0x,picsum_352,upscale_2.0x,upscale,borderline,true,false,false,true,true,base,visual_match,true,true,639,1.377,11.216,16384,1.000,2,2,true,0,10,0.143,0.003,528.669,44.971,0.563,79.906,654.433
picsum_353__downscale_256px,picsum_353,downscale_256px,downscale,borderline,true,false,false,false,false,none,no_match,true,false,189,4.197,58.313,16187,0.988,2,2,true,0,36,0.013,0.003,154.281,10.646,0.508,62.061,227.546
picsum_353__noise_sigma10,picsum_353,noise_sigma10,noise_light,high,true,false,false,true,true,base,visual_match,true,true,1526,2.098,8.239,16384,1.000,1,1,true,0,22,0.158,0.002,245.631,31.241,0.558,65.133,342.897
picsum_354__color_invert,picsum_354,color_invert,color_invert,high,false,false,false,false,false,none,prefilter_empty,true,false,5,73.274,216.416,16005,0.977,0,0,false,-1,118,0.108,0.003,222.941,28.866,0.408,0.000,252.456
picsum_354__heavy_crop_40pct,picsum_354,heavy_crop_40pct,heavy_crop,borderline,false,false,false,false,false,none,no_match,true,false,510,1.438,12.295,5776,0.353,1,1,false,-1,110,0.036,0.002,153.274,21.075,0.571,34.267,209.272
picsum_354__rotate_32deg,picsum_354,rotate_32deg,rotate_small,borderline,true,false,false,false,false,none,prefilter_empty,true,true,1036,1.637,14.956,13467,0.822,0,0,false,-1,122,0.123,0.003,247.642,31.949,0.433,0.000,280.298
picsum_355__crop_border_15pct,picsum_355,crop_border_15pct,crop_border,borderline,true,false,false,false,false,none,prefilter_empty,true,true,1031,2.009,25.198,7857,0.480,0,0,false,-1,122,0.040,0.003,213.361,22.955,0.422,0.000,236.859
picsum_355__hue_shift_60deg,picsum_355,hue_shift_60deg,hue_shift,borderline,false,false,false,false,false,none,no_match,true,false,1723,9.058,49.235,16384,1.000,1,1,true,0,6,0.074,0.003,223.028,31.120,0.465,58.024,312.807
picsum_355__sharpen_light,picsum_355,sharpen_light,sharpen,high,true,false,false,true,true,base,visual_match,true,true,1613,1.644,20.218,16384,1.000,1,1,true,0,6,0.106,0.004,243.049,35.417,0.537,53.774,332.978
picsum_356__downscale_0.75x,picsum_356,downscale_0.75x,downscale,borderline,true,false,false,true,true,base,visual_match,true,true,647,0.882,27.800,16262,0.993,1,1,true,0,14,0.024,0.004,157.042,17.292,0.506,48.395,223.317
picsum_356__jpeg_recompress_q90,picsum_356,jpeg_recompress_q90,jpeg_recompress,high,true,false,false,true,true,base,visual_match,true,true,1869,0.230,2.770,16384,1.000,1,1,true,0,2,0.049,0.003,175.857,22.118,0.590,44.150,242.866
picsum_357__brightness_plus10pct,picsum_357,brightness_plus10pct,brightness,borderline,true,false,false,true,true,base,visual_match,true,true,1629,1.167,16.498,16384,1.000,1,1,true,0,8,0.152,0.002,178.825,26.518,0.504,52.512,258.601
picsum_357__format_change_tiff,picsum_357,format_change_tiff,format_change,borderline,true,false,false,true,true,base,visual_match,true,true,1974,0.263,0.866,16384,1.000,1,1,true,0,0,0.269,0.003,161.373,23.894,0.421,53.534,239.787
picsum_357__rotate_180,picsum_357,rotate_180,rotate_cardinal,borderline,true,false,false,false,false,none,no_match,true,false,1691,1.579,42.675,16236,0.991,1,1,true,0,2,0.041,0.002,177.569,23.533,0.459,47.087,248.769
picsum_358__content_overlay_30pct,picsum_358,content_overlay_30pct,content_overlay,high,false,false,false,false,false,none,no_match,true,false,1820,28.981,185.796,16384,1.000,2,2,true,0,60,0.068,0.002,178.797,31.664,0.424,74.669,285.712
picsum_358__hue_shift_180deg,picsum_358,hue_shift_180deg,hue_shift,borderline,false,false,false,true,true,base,visual_match,true,true,1920,0.269,2.197,16384,1.000,1,1,true,0,0,0.119,0.004,275.547,31.601,0.438,62.902,370.813
picsum_358__saturation_boost_2.0x,picsum_358,saturation_boost_2.0x,saturation_boost,borderline,false,false,false,true,true,base,visual_match,true,true,1920,0.269,2.197,16384,1.000,1,1,true,0,0,0.094,0.002,241.280,32.302,0.404,55.510,329.738
picsum_35__downscale_0.33x,picsum_35,downscale_0.33x,downscale,borderline,true,false,false,false,false,none,no_match,true,false,232,5.036,46.103,15986,0.976,2,2,true,0,18,0.021,0.003,180.481,12.637,0.482,43.465,237.127
picsum_35__jpeg_recompress_q50,picsum_35,jpeg_recompress_q50,jpeg_recompress,high,true,false,false,true,true,base,visual_match,true,true,1614,2.053,13.834,16384,1.000,1,1,true,0,12,0.040,0.003,232.145,26.952,0.473,53.891,313.567
picsum_360__brightness_minus10pct,picsum_360,brightness_minus10pct,brightness,borderline,true,false,false,true,true,base,visual_match,true,true,860,1.046,16.421,16384,1.000,1,1,true,0,8,0.057,0.003,228.957,23.737,0.500,40.276,293.620
picsum_360__format_change_gif,picsum_360,format_change_gif,format_change,borderline,true,false,false,true,true,base,visual_match,true,true,1051,0.429,0.866,16384,1.000,1,1,true,0,2,0.364,0.002,160.736,23.987,0.588,35.537,221.618
picsum_360__p3_as_srgb_q70,picsum_360,p3_as_srgb_q70,p3_as_srgb,borderline,true,false,false,true,true,base,visual_match,true,true,745,7.780,13.597,16384,1.000,1,1,true,0,8,0.033,0.003,187.866,19.141,0.438,32.345,239.901
picsum_361__content_overlay_15pct,picsum_361,content_overlay_15pct,content_overlay,high,false,false,false,false,false,none,no_match,true,false,1094,23.301,161.227,16384,1.000,1,1,true,0,34,0.133,0.003,180.235,28.237,0.409,47.380,256.544
picsum_361__heavy_crop_60pct,picsum_361,heavy_crop_60pct,heavy_crop,high,false,false,false,false,false,none,prefilter_empty,true,false,175,1.357,7.162,2500,0.153,0,0,false,-1,124,0.023,0.002,130.468,20.767,0.576,0.001,151.884
picsum_361__rotate_90,picsum_361,rotate_90,rotate_cardinal,borderline,true,false,false,false,false,none,no_match,true,false,1770,4.716,54.255,16356,0.998,1,1,true,0,4,0.171,0.003,241.622,35.560,0.412,61.404,339.346
picsum_362__crop_border_5pct,picsum_362,crop_border_5pct,crop_border,borderline,true,false,false,false,false,none,prefilter_empty,true,true,1305,1.109,20.995,13040,0.796,0,0,false,-1,98,0.054,0.002,202.509,21.164,0.415,0.000,224.266
picsum_362__jpeg_recompress_q20,picsum_362,jpeg_recompress_q20,jpeg_recompress,high,true,false,false,true,true,base,visual_match,true,true,1389,3.518,16.424,16384,1.000,1,1,true,0,10,0.024,0.003,191.269,19.522,0.445,43.938,255.252
picsum_362__upscale_2.0x,picsum_362,upscale_2.0x,upscale,borderline,true,false,false,true,true,base,visual_match,true,true,925,1.373,14.093,16384,1.000,1,1,true,0,6,0.098,0.003,378.714,42.513,0.480,68.510,490.442
picsum_363__downscale_256px,picsum_363,downscale_256px,downscale,borderline,true,false,false,false,false,none,no_match,true,false,185,7.419,69.862,16151,0.986,2,2,true,0,44,0.014,0.002,109.925,9.832,0.318,57.966,178.104
picsum_363__noise_sigma10,picsum_363,noise_sigma10,noise_light,high,true,false,false,true,true,base,visual_match,true,true,1800,1.860,8.147,16384,1.000,2,2,true,0,12,0.158,0.003,178.753,29.081,0.514,48.688,257.390
picsum_364__color_invert,picsum_364,color_invert,color_invert,high,false,false,false,false,false,none,prefilter_empty,true,false,4,80.816,242.525,14170,0.865,0,0,false,-1,128,0.081,0.003,194.730,30.442,0.476,0.000,225.840
picsum_364__heavy_crop_40pct,picsum_364,heavy_crop_40pct,heavy_crop,borderline,false,false,false,false,false,none,prefilter_empty,true,false,599,1.519,15.437,5776,0.353,0,0,false,-1,112,0.052,0.004,185.500,20.558,0.476,0.000,206.709
picsum_364__rotate_32deg,picsum_364,rotate_32deg,rotate_small,borderline,true,false,false,false,false,none,prefilter_empty,true,true,1035,2.159,26.934,13469,0.822,0,0,false,-1,110,0.134,0.004,274.298,32.361,0.566,0.000,307.555
picsum_365__crop_border_15pct,picsum_365,crop_border_15pct,crop_border,borderline,true,false,false,false,false,none,no_match,true,true,985,1.213,14.090,7832,0.478,1,1,false,-1,118,0.037,0.007,188.820,22.692,0.578,19.746,231.938
picsum_365__hue_shift_60deg,picsum_365,hue_shift_60deg,hue_shift,borderline,false,false,false,false,false,none,no_match,true,false,1160,20.218,113.352,16384,1.000,2,2,true,0,6,0.052,0.005,236.248,24.567,0.341,126.821,388.090
picsum_365__sharpen_light,picsum_365,sharpen_light,sharpen,high,true,false,false,true,true,base,visual_match,true,true,1470,1.037,21.085,16384,1.000,2,2,true,0,4,0.056,0.007,255.223,28.541,0.537,57.781,342.235
picsum_366__downscale_0.75x,picsum_366,downscale_0.75x,downscale,borderline,true,false,false,true,true,base,visual_match,true,true,480,1.144,24.776,16384,1.000,1,1,true,0,16,0.031,0.003,195.122,22.336,0.489,64.968,283.013
picsum_366__jpeg_recompress_q90,picsum_366,jpeg_recompress_q90,jpeg_recompress,high,true,false,false,true,true,base,visual_match,true,true,1873,0.215,1.457,16384,1.000,2,2,true,0,0,0.064,0.003,254.269,28.893,0.598,68.366,352.299
picsum_367__brightness_plus10pct,picsum_367,brightness_plus10pct,brightness,borderline,true,false,false,true,true,base,visual_match,true,true,1771,1.434,15.499,16384,1.000,1,1,true,0,4,0.073,0.003,254.593,38.074,0.504,76.984,370.374
picsum_367__format_change_tiff,picsum_367,format_change_tiff,format_change,borderline,true,false,false,true,true,base,visual_match,true,true,2000,0.436,0.843,16384,1.000,1,1,true,0,2,0.588,0.004,226.638,40.732,0.542,63.806,332.829
picsum_367__rotate_180,picsum_367,rotate_180,rotate_cardinal,borderline,true,false,false,false,false,none,no_match,true,false,1792,2.738,82.553,16125,0.984,1,1,true,0,6,0.076,0.003,198.768,23.066,0.434,44.726,267.205
picsum_368__content_overlay_30pct,picsum_368,content_overlay_30pct,content_overlay,high,false,false,false,false,false,none,no_match,true,false,1377,26.337,167.998,16384,1.000,1,1,true,0,94,0.051,0.003,238.611,30.796,0.494,61.779,331.818
picsum_368__hue_shift_180deg,picsum_368,hue_shift_180deg,hue_shift,borderline,false,false,false,false,false,none,no_match,true,false,1209,19.055,110.677,16215,0.990,1,1,true,0,12,0.058,0.002,258.633,34.007,0.517,52.982,346.274
picsum_368__saturation_boost_2.0x,picsum_368,saturation_boost_2.0x,saturation_boost,borderline,false,false,false,false,false,none,no_match,true,false,1349,12.889,44.681,16384,1.000,1,1,true,0,18,0.053,0.002,252.220,24.027,0.499,57.731,334.586
picsum_369__downscale_0.33x,picsum_369,downscale_0.33x,downscale,borderline,true,false,false,false,false,none,no_match,true,false,228,11.003,99.803,16130,0.984,1,1,true,0,28,0.021,0.003,145.221,15.435,0.438,35.972,197.164
picsum_369__jpeg_recompress_q50,picsum_369,jpeg_recompress_q50,jpeg_recompress,high,true,false,false,true,true,base,visual_match,true,true,1725,2.424,17.685,16384,1.000,1,1,true,0,8,0.068,0.002,176.772,27.026,0.434,44.035,248.418
picsum_36__brightness_minus10pct,picsum_36,brightness_minus10pct,brightness,borderline,true,false,false,true,true,base,visual_match,true,true,1811,0.718,5.148,16384,1.000,1,1,true,0,4,0.054,0.005,175.614,21.764,0.435,45.577,243.528
picsum_36__format_change_gif,picsum_36,format_change_gif,format_change,borderline,true,false,false,true,true,base,visual_match,true,true,2000,0.354,0.866,16384,1.000,1,1,true,0,2,0.403,0.003,162.163,29.170,0.489,52.343,245.099
picsum_36__p3_as_srgb_q70,picsum_36,p3_as_srgb_q70,p3_as_srgb,borderline,true,false,false,false,false,none,no_match,true,false,1808,8.555,13.184,16384,1.000,1,1,true,0,6,0.044,0.002,191.271,21.545,0.317,47.961,261.192
picsum_370__content_overlay_15pct,picsum_370,content_overlay_15pct,content_overlay,high,false,false,false,false,false,none,no_match,true,false,1618,19.691,164.419,16384,1.000,1,1,true,0,32,0.072,0.002,173.631,21.251,0.597,45.848,241.459
picsum_370__heavy_crop_60pct,picsum_370,heavy_crop_60pct,heavy_crop,high,false,false,false,false,false,none,prefilter_empty,true,false,790,1.217,8.267,2500,0.153,0,0,false,-1,120,0.020,0.005,116.839,11.248,0.415,0.000,128.596
picsum_370__rotate_90,picsum_370,rotate_90,rotate_cardinal,borderline,true,false,false,false,false,none,no_match,true,false,1815,2.027,41.379,16033,0.979,1,1,true,0,0,0.051,0.004,172.498,25.263,0.463,54.630,252.976
picsum_371__crop_border_5pct,picsum_371,crop_border_5pct,crop_border,borderline,true,false,false,true,true,base,visual_match,true,true,1422,1.533,18.143,12996,0.793,1,1,true,0,72,0.092,0.003,164.810,23.549,0.353,39.479,228.392
picsum_371__jpeg_recompress_q20,picsum_371,jpeg_recompress_q20,jpeg_recompress,high,true,false,false,true,true,base,visual_match,true,true,1548,3.636,19.296,16384,1.000,1,1,true,0,12,0.031,0.002,173.054,29.286,0.408,66.260,269.101
picsum_371__upscale_2.0x,picsum_371,upscale_2.0x,upscale,borderline,true,false,false,true,true,base,visual_match,true,true,802,2.080,33.367,16346,0.998,1,1,true,0,12,0.196,0.003,523.101,60.583,0.489,82.733,667.297
picsum_372__downscale_256px,picsum_372,downscale_256px,downscale,borderline,true,false,false,false,false,none,no_match,true,false,201,3.843,59.932,16072,0.981,1,1,true,0,52,0.013,0.003,161.506,11.218,0.509,33.722,207.008
picsum_372__noise_sigma10,picsum_372,noise_sigma10,noise_light,high,true,false,false,true,true,base,visual_match,true,true,1629,1.855,12.172,16365,0.999,2,2,true,0,22,0.145,0.002,245.176,40.660,0.550,54.332,341.041
picsum_373__color_invert,picsum_373,color_invert,color_invert,high,false,false,false,false,false,none,no_match,true,false,5,63.784,326.636,15960,0.974,1,1,false,-1,120,0.070,0.004,220.481,23.377,0.536,30.607,275.156
picsum_373__heavy_crop_40pct,picsum_373,heavy_crop_40pct,heavy_crop,borderline,false,false,false,false,false,none,no_match,true,false,1374,0.989,8.345,5776,0.353,1,1,false,-1,112,0.026,0.002,168.322,27.458,0.484,32.676,229.022
picsum_373__rotate_32deg,picsum_373,rotate_32deg,rotate_small,borderline,true,false,false,false,false,none,prefilter_empty,true,true,1286,1.125,23.614,13468,0.822,0,0,false,-1,120,0.053,0.003,241.721,27.683,0.624,0.000,270.154
picsum_374__crop_border_15pct,picsum_374,crop_border_15pct,crop_border,borderline,true,false,false,false,false,none,prefilter_empty,true,true,401,1.187,16.137,7904,0.482,0,0,false,-1,138,0.035,0.005,217.800,21.855,0.524,0.000,240.431
picsum_374__hue_shift_60deg,picsum_374,hue_shift_60deg,hue_shift,borderline,false,false,false,false,false,none,no_match,true,false,1048,23.692,86.439,16384,1.000,2,2,true,0,12,0.091,0.004,238.928,27.711,0.620,102.676,370.141
picsum_374__sharpen_light,picsum_374,sharpen_light,sharpen,high,true,false,false,true,true,base,visual_match,true,true,1405,1.055,21.934,16384,1.000,4,4,true,0,2,0.084,0.004,243.124,29.224,0.594,55.021,328.191
picsum_375__downscale_0.75x,picsum_375,downscale_0.75x,downscale,borderline,true,false,false,true,true,base,visual_match,true,true,776,1.710,20.259,16384,1.000,1,1,true,0,8,0.035,0.003,201.536,27.011,0.540,90.215,319.411
picsum_375__jpeg_recompress_q90,picsum_375,jpeg_recompress_q90,jpeg_recompress,high,true,false,false,true,true,base,visual_match,true,true,1892,0.492,3.000,16384,1.000,1,1,true,0,0,0.060,0.003,237.822,28.363,0.565,53.295,320.199
picsum_376__brightness_plus10pct,picsum_376,brightness_plus10pct,brightness,borderline,true,false,false,true,true,base,visual_match,true,true,1860,1.209,16.507,16384,1.000,2,2,true,0,6,0.144,0.005,265.815,36.841,0.504,62.703,366.192
picsum_376__format_change_tiff,picsum_376,format_change_tiff,format_change,borderline,true,false,false,true,true,base,visual_match,true,true,2000,0.460,0.866,16384,1.000,2,2,true,0,0,0.637,0.003,165.418,33.104,0.451,53.546,253.870
picsum_376__rotate_180,picsum_376,rotate_180,rotate_cardinal,borderline,true,false,false,false,false,none,no_match,true,false,1894,4.564,45.166,16256,0.992,2,2,true,0,2,0.101,0.002,184.010,23.650,0.308,76.962,285.127
picsum_377__content_overlay_30pct,picsum_377,content_overlay_30pct,content_overlay,high,false,false,false,false,false,none,no_match,true,false,1248,25.150,151.240,16384,1.000,2,2,true,0,44,0.036,0.003,188.538,29.758,0.511,78.338,297.273
picsum_377__hue_shift_180deg,picsum_377,hue_shift_180deg,hue_shift,borderline,false,false,false,false,false,none,no_match,true,false,1516,18.119,37.921,16373,0.999,3,3,true,0,14,0.048,0.003,247.705,28.637,0.625,99.569,376.663
picsum_377__saturation_boost_2.0x,picsum_377,saturation_boost_2.0x,saturation_boost,borderline,false,false,false,false,false,none,no_match,true,false,1378,14.460,23.911,16384,1.000,3,3,true,0,14,0.052,0.003,266.511,27.518,0.609,147.493,442.290
picsum_378__downscale_0.33x,picsum_378,downscale_0.33x,downscale,borderline,true,false,false,false,false,none,no_match,true,false,205,5.888,67.875,16150,0.986,1,1,true,0,24,0.023,0.005,172.077,13.433,0.526,45.293,231.392
picsum_378__jpeg_recompress_q50,picsum_378,jpeg_recompress_q50,jpeg_recompress,high,true,false,false,true,true,base,visual_match,true,true,1707,0.795,6.467,16384,1.000,1,1,true,0,12,0.055,0.002,252.544,28.960,0.516,56.452,338.584
picsum_379__brightness_minus10pct,picsum_379,brightness_minus10pct,brightness,borderline,true,false,false,true,true,base,visual_match,true,true,1457,0.655,7.086,16384,1.000,1,1,true,0,2,0.095,0.003,229.102,25.343,0.489,46.280,301.434
picsum_379__format_change_gif,picsum_379,format_change_gif,format_change,borderline,true,false,false,true,true,base,visual_match,true,true,1684,0.357,0.866,16384,1.000,1,1,true,0,0,0.597,0.002,202.539,32.659,0.774,61.580,298.679
picsum_379__p3_as_srgb_q70,picsum_379,p3_as_srgb_q70,p3_as_srgb,borderline,true,false,false,true,true,base,visual_match,true,true,1473,7.271,13.220,16384,1.000,1,1,true,0,2,0.070,0.002,267.918,28.627,0.455,67.627,364.785
picsum_37__content_overlay_15pct,picsum_37,content_overlay_15pct,content_overlay,high,false,false,false,false,false,none,no_match,true,false,1893,22.027,150.475,16384,1.000,1,1,true,0,42,0.080,0.004,266.183,31.795,0.492,58.175,356.816
picsum_37__heavy_crop_60pct,picsum_37,heavy_crop_60pct,heavy_crop,high,false,false,false,false,false,none,prefilter_empty,true,false,81,1.474,60.924,2605,0.159,0,0,false,-1,114,0.019,0.003,151.119,11.889,0.496,0.000,163.571
picsum_37__rotate_90,picsum_37,rotate_90,rotate_cardinal,borderline,true,false,false,true,true,base,visual_match,true,true,1677,2.245,34.600,16242,0.991,2,2,true,0,0,0.071,0.004,186.744,25.888,0.332,55.208,268.363
picsum_380__crop_border_5pct,picsum_380,crop_border_5pct,crop_border,borderline,true,false,false,true,true,base,visual_match,true,true,1343,1.012,12.225,12996,0.793,1,1,true,0,82,0.055,0.001,242.175,30.767,0.462,59.801,333.329
picsum_380__jpeg_recompress_q20,picsum_380,jpeg_recompress_q20,jpeg_recompress,high,true,false,false,true,true,base,visual_match,true,true,1576,2.830,24.750,16384,1.000,1,1,true,0,2,0.113,0.004,217.613,26.594,0.471,51.346,296.207
picsum_380__upscale_2.0x,picsum_380,upscale_2.0x,upscale,borderline,true,false,false,true,true,base,visual_match,true,true,872,1.340,21.386,16362,0.999,2,2,true,0,2,0.117,0.003,502.301,44.470,0.448,72.223,619.695
picsum_381__downscale_256px,picsum_381,downscale_256px,downscale,borderline,true,false,false,false,false,none,no_match,true,false,38,4.242,71.875,16201,0.989,1,1,true,0,18,0.014,0.002,140.904,9.228,0.611,26.165,176.966
picsum_381__noise_sigma10,picsum_381,noise_sigma10,noise_light,high,true,false,false,true,true,base,visual_match,true,true,762,1.985,8.129,16384,1.000,1,1,true,0,28,0.137,0.003,246.858,27.383,0.571,39.410,314.488
picsum_382__color_invert,picsum_382,color_invert,color_invert,high,false,false,false,false,false,none,no_match,true,false,4,76.530,308.001,15736,0.960,1,1,false,-1,122,0.096,0.003,244.544,33.104,0.581,9.594,288.032
picsum_382__heavy_crop_40pct,picsum_382,heavy_crop_40pct,heavy_crop,borderline,false,false,false,false,false,none,prefilter_empty,true,false,746,1.443,10.931,5776,0.353,0,0,false,-1,108,0.049,0.003,191.863,22.956,0.512,0.000,215.472
picsum_382__rotate_32deg,picsum_382,rotate_32deg,rotate_small,borderline,true,false,false,false,false,none,prefilter_empty,true,true,1259,1.515,21.924,13470,0.822,0,0,false,-1,118,0.105,0.002,289.274,36.857,0.479,0.000,326.814
picsum_383__crop_border_15pct,picsum_383,crop_border_15pct,crop_border,borderline,true,false,false,false,false,none,no_match,true,true,295,0.886,17.865,7889,0.482,2,2,false,-1,104,0.042,0.002,202.558,16.550,0.535,15.657,235.384
picsum_383__hue_shift_60deg,picsum_383,hue_shift_60deg,hue_shift,borderline,false,false,false,false,false,none,no_match,true,false,267,16.577,28.092,16164,0.987,1,1,true,0,24,0.030,0.003,237.258,20.068,0.596,31.269,289.291
picsum_383__sharpen_light,picsum_383,sharpen_light,sharpen,high,true,false,false,true,true,base,visual_match,true,true,316,0.855,14.402,16180,0.988,2,2,true,0,10,0.070,0.004,248.703,20.703,0.536,31.600,301.689
picsum_384__downscale_0.75x,picsum_384,downscale_0.75x,downscale,borderline,true,false,false,true,true,base,visual_match,true,true,583,3.093,33.357,16237,0.991,1,1,true,0,22,0.038,0.005,198.615,24.295,0.512,57.007,280.543
picsum_384__jpeg_recompress_q90,picsum_384,jpeg_recompress_q90,jpeg_recompress,high,true,false,false,true,true,base,visual_match,true,true,1831,0.645,2.511,16384,1.000,2,2,true,0,2,0.077,0.003,236.183,26.346,0.436,67.020,330.202
picsum_385__brightness_plus10pct,picsum_385,brightness_plus10pct,brightness,borderline,true,false,false,true,true,base,visual_match,true,true,1637,0.952,6.545,16384,1.000,1,1,true,0,4,0.057,0.002,251.587,25.737,0.369,54.287,332.106
picsum_385__format_change_tiff,picsum_385,format_change_tiff,format_change,borderline,true,false,false,true,true,base,visual_match,true,true,1858,0.420,0.866,16384,1.000,1,1,true,0,2,0.361,0.004,197.647,33.283,0.476,70.217,302.360
picsum_385__rotate_180,picsum_385,rotate_180,rotate_cardinal,borderline,true,false,false,false,false,none,no_match,true,false,1580,2.908,39.958,16050,0.980,1,1,true,0,4,0.103,0.003,248.156,25.981,0.479,53.676,328.483
picsum_386__content_overlay_30pct,picsum_386,content_overlay_30pct,content_overlay,high,false,false,false,false,false,none,no_match,true,false,1637,29.170,182.042,16384,1.000,2,2,true,0,86,0.063,0.003,255.664,26.707,0.475,109.535,392.547
picsum_386__hue_shift_180deg,picsum_386,hue_shift_180deg,hue_shift,borderline,false,false,false,false,false,none,no_match,true,false,1266,10.438,129.280,16384,1.000,1,1,true,0,20,0.068,0.005,271.341,33.070,0.533,56.196,361.334
picsum_386__saturation_boost_2.0x,picsum_386,saturation_boost_2.0x,saturation_boost,borderline,false,false,false,true,true,base,visual_match,true,true,1430,6.390,37.388,16384,1.000,2,2,true,0,16,0.083,0.003,190.193,20.801,0.483,46.434,258.084
picsum_387__downscale_0.33x,picsum_387,downscale_0.33x,downscale,borderline,true,false,false,false,false,none,no_match,true,false,27,12.386,118.435,9328,0.569,3,3,true,0,24,0.011,0.003,114.553,7.499,0.441,54.080,176.613
picsum_387__jpeg_recompress_q50,picsum_387,jpeg_recompress_q50,jpeg_recompress,high,true,false,false,true,true,base,visual_match,true,true,1013,1.321,8.704,16221,0.990,2,2,true,0,10,0.041,0.003,225.348,24.457,0.480,46.011,296.402
picsum_388__brightness_minus10pct,picsum_388,brightness_minus10pct,brightness,borderline,true,false,false,true,true,base,visual_match,true,true,1889,0.969,11.507,16384,1.000,1,1,true,0,4,0.102,0.003,247.628,35.287,0.495,61.914,345.568
picsum_388__format_change_gif,picsum_388,format_change_gif,format_change,borderline,true,false,false,true,true,base,visual_match,true,true,2000,0.470,0.847,16384,1.000,1,1,true,0,0,0.786,0.003,228.731,42.354,0.502,60.062,333.223
picsum_388__p3_as_srgb_q70,picsum_388,p3_as_srgb_q70,p3_as_srgb,borderline,true,false,false,true,true,base,visual_match,true,true,1840,5.587,13.073,16384,1.000,1,1,true,0,2,0.060,0.003,177.546,24.278,0.592,57.541,260.115
picsum_389__content_overlay_15pct,picsum_389,content_overlay_15pct,content_overlay,high,false,false,false,false,false,none,no_match,true,false,722,20.081,158.626,16384,1.000,1,1,true,0,26,0.041,0.003,172.807,19.832,0.441,34.969,228.148
picsum_389__heavy_crop_60pct,picsum_389,heavy_crop_60pct,heavy_crop,high,false,false,false,false,false,none,prefilter_empty,true,false,93,1.077,16.771,2507,0.153,0,0,false,-1,116,0.014,0.002,115.337,8.741,0.432,0.000,124.577
picsum_389__rotate_90,picsum_389,rotate_90,rotate_cardinal,borderline,true,false,false,true,true,base,visual_match,true,true,802,2.194,29.700,16384,1.000,1,1,true,0,2,0.054,0.003,210.060,23.942,0.488,35.657,270.287
picsum_38__crop_border_5pct,picsum_38,crop_border_5pct,crop_border,borderline,true,false,false,true,true,base,visual_match,true,true,1114,0.796,4.553,12996,0.793,1,1,true,0,68,0.054,0.002,214.440,22.698,0.455,45.844,283.616
picsum_38__jpeg_recompress_q20,picsum_38,jpeg_recompress_q20,jpeg_recompress,high,true,false,false,true,true,base,visual_match,true,true,986,2.882,12.848,16242,0.991,2,2,true,0,6,0.018,0.003,244.312,24.086,0.414,46.918,315.810
picsum_38__upscale_2.0x,picsum_38,upscale_2.0x,upscale,borderline,true,false,false,false,false,none,no_match,true,false,718,1.249,44.092,16172,0.987,2,2,true,0,8,0.082,0.002,532.109,44.534,0.453,99.118,676.402
picsum_390__downscale_256px,picsum_390,downscale_256px,downscale,borderline,true,false,false,false,false,none,no_match,true,false,201,5.000,67.783,16183,0.988,3,3,true,0,26,0.018,0.002,183.520,11.870,0.357,79.310,275.116
picsum_390__noise_sigma10,picsum_390,noise_sigma10,noise_light,high,true,false,false,true,true,base,visual_match,true,true,1765,1.930,7.231,16384,1.000,3,3,true,0,10,0.195,0.003,246.086,32.734,0.527,63.224,342.982
picsum_391__color_invert,picsum_391,color_invert,color_invert,high,false,false,false,false,false,none,no_match,true,false,0,+Inf,+Inf,0,0.000,1,1,false,-1,130,0.073,0.003,275.706,30.575,0.368,21.494,328.302
picsum_391__heavy_crop_40pct,picsum_391,heavy_crop_40pct,heavy_crop,borderline,false,false,false,false,false,none,prefilter_empty,true,false,447,0.785,5.539,5776,0.353,0,0,false,-1,122,0.032,0.003,188.566,21.509,0.370,0.000,210.563
picsum_391__rotate_32deg,picsum_391,rotate_32deg,rotate_small,borderline,true,false,false,false,false,none,prefilter_empty,true,true,1172,0.932,14.027,13459,0.821,0,0,false,-1,124,0.111,0.004,258.913,35.514,0.588,0.000,295.233
picsum_392__crop_border_15pct,picsum_392,crop_border_15pct,crop_border,borderline,true,false,false,false,false,none,no_match,true,true,925,1.242,12.262,7832,0.478,1,1,false,-1,118,0.047,0.006,203.541,20.556,0.502,22.386,247.093
picsum_392__hue_shift_60deg,picsum_392,hue_shift_60deg,hue_shift,borderline,false,false,false,false,false,none,no_match,true,false,1107,32.179,77.227,16384,1.000,1,1,true,0,8,0.072,0.002,248.924,30.176,0.336,56.329,335.942
picsum_392__sharpen_light,picsum_392,sharpen_light,sharpen,high,true,false,false,true,true,base,visual_match,true,true,1655,1.393,17.650,16384,1.000,1,1,true,0,14,0.075,0.003,246.998,29.492,0.582,64.940,342.184
picsum_393__downscale_0.75x,picsum_393,downscale_0.75x,downscale,borderline,true,false,false,true,true,base,visual_match,true,true,662,1.757,19.623,16357,0.998,2,2,true,0,18,0.037,0.003,207.466,22.063,0.615,63.995,294.246
picsum_393__jpeg_recompress_q90,picsum_393,jpeg_recompress_q90,jpeg_recompress,high,true,false,false,true,true,base,visual_match,true,true,1877,0.386,2.786,16384,1.000,2,2,true,0,2,0.077,0.003,189.209,21.627,0.487,44.448,255.964
picsum_395__brightness_plus10pct,picsum_395,brightness_plus10pct,brightness,borderline,true,false,false,true,true,base,visual_match,true,true,1774,1.712,27.081,16384,1.000,1,1,true,0,4,0.097,0.003,245.551,37.714,0.527,73.231,357.292
picsum_395__format_change_tiff,picsum_395,format_change_tiff,format_change,borderline,true,false,false,true,true,base,visual_match,true,true,2000,0.454,0.866,16384,1.000,1,1,true,0,2,0.772,0.003,208.362,37.920,0.483,56.582,304.792
picsum_395__rotate_180,picsum_395,rotate_180,rotate_cardinal,borderline,true,false,false,false,false,none,no_match,true,false,1721,4.055,55.014,16205,0.989,1,1,true,0,2,0.110,0.003,247.452,29.917,0.506,59.268,337.396
picsum_396__content_overlay_30pct,picsum_396,content_overlay_30pct,content_overlay,high,false,false,false,false,false,none,no_match,true,false,1206,28.379,185.440,16384,1.000,3,3,true,0,62,0.066,0.003,197.615,19.895,0.319,140.667,358.675
picsum_396__hue_shift_180deg,picsum_396,hue_shift_180deg,hue_shift,borderline,false,false,false,false,false,none,no_match,true,false,1291,38.828,99.119,16384,1.000,2,2,true,0,14,0.065,0.002,185.021,22.670,0.475,101.008,309.326
picsum_396__saturation_boost_2.0x,picsum_396,saturation_boost_2.0x,saturation_boost,borderline,false,false,false,false,false,none,no_match,true,false,1439,17.973,46.110,16384,1.000,1,1,true,0,14,0.068,0.003,186.474,26.926,0.457,51.959,265.989
picsum_397__downscale_0.33x,picsum_397,downscale_0.33x,downscale,borderline,true,false,false,false,false,none,no_match,true,false,238,5.863,56.874,16104,0.983,1,1,true,0,22,0.021,0.003,115.626,9.958,0.439,39.434,165.519
picsum_397__jpeg_recompress_q50,picsum_397,jpeg_recompress_q50,jpeg_recompress,high,true,false,false,true,true,base,visual_match,true,true,1696,2.253,15.554,16384,1.000,2,2,true,0,16,0.051,0.002,235.812,29.268,0.465,61.581,327.286
picsum_398__brightness_minus10pct,picsum_398,brightness_minus10pct,brightness,borderline,true,false,false,true,true,base,visual_match,true,true,1776,5.447,26.174,16384,1.000,1,1,true,0,8,0.105,0.003,245.718,29.084,0.609,71.276,346.941
picsum_398__format_change_gif,picsum_398,format_change_gif,format_change,borderline,true,false,false,true,true,base,visual_match,true,true,2000,0.451,0.866,16384,1.000,1,1,true,0,0,0.782,0.003,215.982,42.955,0.612,68.821,329.919
picsum_398__p3_as_srgb_q70,picsum_398,p3_as_srgb_q70,p3_as_srgb,borderline,true,false,false,true,true,base,visual_match,true,true,1874,5.644,13.340,16384,1.000,1,1,true,0,2,0.072,0.004,278.048,30.206,0.384,55.610,364.474
picsum_399__content_overlay_15pct,picsum_399,content_overlay_15pct,content_overlay,high,false,false,false,false,false,none,no_match,true,false,239,21.918,161.571,16274,0.993,2,2,true,0,78,0.032,0.004,259.081,19.256,0.349,30.869,309.651
picsum_399__heavy_crop_60pct,picsum_399,heavy_crop_60pct,heavy_crop,high,false,false,false,false,false,none,no_match,true,false,170,1.155,18.377,2512,0.153,1,1,false,-1,120,0.019,0.005,139.778,9.953,0.546,2.157,152.544
picsum_399__rotate_90,picsum_399,rotate_90,rotate_cardinal,borderline,true,false,false,true,true,base,visual_match,true,true,618,0.946,24.175,16183,0.988,2,2,true,0,0,0.030,0.003,240.539,27.533,0.495,41.147,309.831
picsum_39__crop_border_5pct,picsum_39,crop_border_5pct,crop_border,borderline,true,false,false,true,true,base,visual_match,true,true,451,1.641,27.373,13202,0.806,2,2,true,0,70,0.033,0.004,234.917,21.808,0.553,32.998,290.386
picsum_39__jpeg_recompress_q20,picsum_39,jpeg_recompress_q20,jpeg_recompress,high,true,false,false,true,true,base,visual_match,true,true,422,2.510,18.143,16189,0.988,1,1,true,0,4,0.023,0.003,238.494,22.506,0.583,33.190,294.849
picsum_39__upscale_2.0x,picsum_39,upscale_2.0x,upscale,borderline,true,false,false,true,true,base,visual_match,true,true,244,1.088,14.283,16227,0.990,1,1,true,0,4,0.110,0.003,496.728,37.307,0.577,45.858,580.666
picsum_3__downscale_256px,picsum_3,downscale_256px,downscale,borderline,true,false,false,false,false,none,no_match,true,false,225,4.904,76.887,16214,0.990,1,1,true,0,14,0.017,0.003,144.464,11.218,0.492,33.287,189.516
picsum_3__noise_sigma10,picsum_3,noise_sigma10,noise_light,high,true,false,false,true,true,base,visual_match,true,true,1420,2.129,11.084,16384,1.000,1,1,true,0,6,0.151,0.003,237.732,33.802,0.463,53.285,325.606
picsum_400__color_invert,picsum_400,color_invert,color_invert,high,false,false,false,false,false,none,no_match,true,false,5,73.798,187.019,16170,0.987,1,1,false,-1,128,0.057,0.004,245.280,24.676,0.482,47.076,317.688
picsum_400__heavy_crop_40pct,picsum_400,heavy_crop_40pct,heavy_crop,borderline,false,false,false,false,false,none,no_match,true,false,1037,1.276,7.103,5776,0.353,1,1,false,-1,108,0.046,0.004,190.633,18.026,0.487,48.196,257.447
picsum_400__rotate_32deg,picsum_400,rotate_32deg,rotate_small,borderline,true,false,false,false,false,none,prefilter_empty,true,true,1207,1.199,18.748,13467,0.822,0,0,false,-1,118,0.054,0.003,244.809,27.590,0.503,0.000,273.057
picsum_401__crop_border_15pct,picsum_401,crop_border_15pct,crop_border,borderline,true,false,false,false,false,none,no_match,true,true,221,1.101,26.177,8106,0.495,1,1,false,-1,124,0.028,0.002,179.035,14.228,0.454,40.018,233.816
picsum_401__hue_shift_60deg,picsum_401,hue_shift_60deg,hue_shift,borderline,false,false,false,false,false,none,no_match,true,false,1155,17.641,115.924,16384,1.000,2,2,true,0,24,0.038,0.002,171.216,22.236,0.501,79.879,273.928
picsum_401__sharpen_light,picsum_401,sharpen_light,sharpen,high,true,false,false,true,true,base,visual_match,true,true,1535,0.801,27.845,16384,1.000,2,2,true,0,10,0.044,0.004,177.327,22.322,0.462,41.019,241.263
picsum_402__downscale_0.75x,picsum_402,downscale_0.75x,downscale,borderline,true,false,false,true,true,base,visual_match,true,true,686,2.623,21.350,16272,0.993,2,2,true,0,32,0.042,0.003,167.787,16.373,0.356,47.297,231.928
picsum_402__jpeg_recompress_q90,picsum_402,jpeg_recompress_q90,jpeg_recompress,high,true,false,false,true,true,base,visual_match,true,true,1834,0.773,4.803,16384,1.000,1,1,true,0,4,0.105,0.004,195.654,40.187,0.682,51.030,287.834
picsum_403__brightness_plus10pct,picsum_403,brightness_plus10pct,brightness,borderline,true,false,false,true,true,base,visual_match,true,true,1866,0.818,3.570,16384,1.000,1,1,true,0,0,0.093,0.003,219.231,28.803,0.585,52.802,301.608
picsum_403__format_change_tiff,picsum_403,format_change_tiff,format_change,borderline,true,false,false,true,true,base,visual_match,true,true,2000,0.448,0.866,16384,1.000,1,1,true,0,0,0.620,0.004,200.250,31.219,0.569,49.916,283.226
picsum_403__rotate_180,picsum_403,rotate_180,rotate_cardinal,borderline,true,false,false,false,false,none,no_match,true,false,1874,3.628,39.459,16327,0.997,1,1,true,0,0,0.091,0.025,212.711,27.834,0.635,50.262,291.687
picsum_404__content_overlay_30pct,picsum_404,content_overlay_30pct,content_overlay,high,false,false,false,false,false,none,no_match,true,false,1344,22.983,134.563,16384,1.000,2,2,true,0,46,0.092,0.002,230.418,28.378,0.313,97.557,356.848
picsum_404__hue_shift_180deg,picsum_404,hue_shift_180deg,hue_shift,borderline,false,false,false,false,false,none,no_match,true,false,1693,11.707,42.348,16384,1.000,1,1,true,0,6,0.104,0.004,217.069,29.821,0.443,50.990,298.576
picsum_404__saturation_boost_2.0x,picsum_404,saturation_boost_2.0x,saturation_boost,borderline,false,false,false,true,true,base,visual_match,true,true,1572,7.885,35.870,16384,1.000,3,3,true,0,14,0.156,0.002,251.197,28.359,0.378,48.740,328.974
picsum_405__downscale_0.33x,picsum_405,downscale_0.33x,downscale,borderline,true,false,false,false,false,none,no_match,true,false,243,7.128,58.228,16130,0.984,1,1,true,0,32,0.019,0.003,149.675,12.314,0.421,35.863,198.339
picsum_405__jpeg_recompress_q50,picsum_405,jpeg_recompress_q50,jpeg_recompress,high,true,false,false,true,true,base,visual_match,true,true,1743,2.021,9.993,16384,1.000,1,1,true,0,14,0.072,0.003,215.593,30.192,0.513,46.159,292.626
picsum_406__brightness_minus10pct,picsum_406,brightness_minus10pct,brightness,borderline,true,false,false,true,true,base,visual_match,true,true,1673,1.864,20.140,16384,1.000,2,2,true,0,8,0.067,0.003,222.027,26.399,0.496,51.386,300.475
picsum_406__format_change_gif,picsum_406,format_change_gif,format_change,borderline,true,false,false,true,true,base,visual_match,true,true,1998,0.380,0.866,16384,1.000,1,1,true,0,0,0.418,0.003,156.605,24.306,0.308,49.788,231.950
picsum_406__p3_as_srgb_q70,picsum_406,p3_as_srgb_q70,p3_as_srgb,borderline,true,false,false,true,true,base,visual_match,true,true,1761,5.812,11.854,16384,1.000,1,1,true,0,4,0.050,0.003,175.714,28.100,0.515,55.579,260.048
picsum_407__content_overlay_15pct,picsum_407,content_overlay_15pct,content_overlay,high,false,false,false,false,false,none,no_match,true,false,1839,21.213,153.056,16384,1.000,2,2,true,0,26,0.043,0.002,220.203,27.403,0.511,113.413,361.643
picsum_407__heavy_crop_60pct,picsum_407,heavy_crop_60pct,heavy_crop,high,false,false,false,false,false,none,prefilter_empty,true,false,81,1.625,18.192,2533,0.155,0,0,false,-1,112,0.023,0.003,155.423,13.626,0.346,0.000,169.480
picsum_407__rotate_90,picsum_407,rotate_90,rotate_cardinal,borderline,true,false,false,false,false,none,no_match,true,false,1719,2.096,45.305,16266,0.993,2,2,true,0,2,0.055,0.004,291.230,28.225,0.406,118.915,438.909
picsum_408__crop_border_5pct,picsum_408,crop_border_5pct,crop_border,borderline,true,false,false,true,true,base,visual_match,true,true,1307,1.331,32.279,13050,0.797,2,2,true,0,64,0.062,0.007,212.364,25.789,0.491,63.651,302.456
picsum_408__jpeg_recompress_q20,picsum_408,jpeg_recompress_q20,jpeg_recompress,high,true,false,false,true,true,base,visual_match,true,true,1531,2.994,16.535,16384,1.000,2,2,true,0,14,0.026,0.005,229.100,26.826,0.589,57.852,314.459
picsum_408__upscale_2.0x,picsum_408,upscale_2.0x,upscale,borderline,true,false,false,true,true,base,visual_match,true,true,776,1.334,37.187,16384,1.000,1,1,true,0,4,0.098,0.003,570.458,56.329,0.481,67.294,694.825
picsum_409__downscale_256px,picsum_409,downscale_256px,downscale,borderline,true,false,false,false,false,none,no_match,true,false,150,4.418,44.953,16352,0.998,1,1,true,0,56,0.021,0.003,167.181,9.046,0.487,33.160,209.938
picsum_409__noise_sigma10,picsum_409,noise_sigma10,noise_light,high,true,false,false,true,true,base,visual_match,true,true,1465,2.031,8.390,16384,1.000,1,1,true,0,20,0.163,0.003,203.441,25.040,0.336,44.797,273.930
picsum_40__color_invert,picsum_40,color_invert,color_invert,high,false,false,false,false,false,none,no_match,true,false,0,+Inf,+Inf,0,0.000,1,1,false,-1,124,0.058,0.002,176.469,32.712,0.441,7.726,217.498
picsum_40__heavy_crop_40pct,picsum_40,heavy_crop_40pct,heavy_crop,borderline,false,false,false,false,false,none,no_match,true,false,998,2.084,25.707,5768,0.352,1,1,false,-1,122,0.080,0.003,178.700,19.299,0.521,56.101,254.776
picsum_40__rotate_32deg,picsum_40,rotate_32deg,rotate_small,borderline,true,false,false,false,false,none,no_match,true,true,932,1.546,24.299,13455,0.821,1,1,false,-1,122,0.132,0.003,246.966,30.371,0.535,35.204,313.343
picsum_410__crop_border_15pct,picsum_410,crop_border_15pct,crop_border,borderline,true,false,false,false,false,none,prefilter_empty,true,true,919,1.107,11.387,7832,0.478,0,0,false,-1,122,0.042,0.003,169.682,20.034,0.508,0.000,190.386
picsum_410__hue_shift_60deg,picsum_410,hue_shift_60deg,hue_shift,borderline,false,false,false,false,false,none,no_match,true,false,1359,17.104,54.583,16384,1.000,1,1,true,0,8,0.055,0.003,180.401,24.179,0.477,43.652,248.847
picsum_410__sharpen_light,picsum_410,sharpen_light,sharpen,high,true,false,false,true,true,base,visual_match,true,true,1688,1.113,17.484,16384,1.000,1,1,true,0,8,0.056,0.002,173.479,24.472,0.481,49.072,247.678
picsum_411__downscale_0.75x,picsum_411,downscale_0.75x,downscale,borderline,true,false,false,true,true,base,visual_match,true,true,698,2.527,19.045,16375,0.999,1,1,true,0,22,0.033,0.002,145.038,18.735,0.520,39.916,204.311
picsum_411__jpeg_recompress_q90,picsum_411,jpeg_recompress_q90,jpeg_recompress,high,true,false,false,true,true,base,visual_match,true,true,1894,0.678,5.000,16384,1.000,1,1,true,0,0,0.081,0.003,178.512,26.349,0.375,43.720,249.222
picsum_412__brightness_plus10pct,picsum_412,brightness_plus10pct,brightness,borderline,true,false,false,true,true,base,visual_match,true,true,1890,0.747,4.494,16384,1.000,1,1,true,0,4,0.092,0.003,182.594,27.258,0.468,50.418,260.954
picsum_412__format_change_tiff,picsum_412,format_change_tiff,format_change,borderline,true,false,false,true,true,base,visual_match,true,true,2000,0.397,0.847,16384,1.000,1,1,true,0,2,0.428,0.003,176.246,33.850,0.569,44.300,255.881
picsum_412__rotate_180,picsum_412,rotate_180,rotate_cardinal,borderline,true,false,false,false,false,none,no_match,true,false,1838,3.361,81.997,16169,0.987,2,2,true,0,4,0.076,0.002,178.675,27.578,0.499,73.027,280.008
picsum_413__content_overlay_30pct,picsum_413,content_overlay_30pct,content_overlay,high,false,false,false,false,false,none,no_match,true,false,1348,30.432,185.384,16384,1.000,1,1,true,0,66,0.070,0.006,183.741,28.971,0.402,56.488,269.785
picsum_413__hue_shift_180deg,picsum_413,hue_shift_180deg,hue_shift,borderline,false,false,false,false,false,none,no_match,true,false,690,68.457,151.114,16384,1.000,1,1,true,0,28,0.077,0.003,201.669,24.572,0.440,49.983,276.874
picsum_413__saturation_boost_2.0x,picsum_413,saturation_boost_2.0x,saturation_boost,borderline,false,false,false,false,false,none,no_match,true,false,1238,11.581,37.020,16384,1.000,1,1,true,0,14,0.075,0.003,186.468,25.041,0.414,53.293,265.392
picsum_415__downscale_0.33x,picsum_415,downscale_0.33x,downscale,borderline,true,false,false,false,false,none,no_match,true,false,156,2.961,58.721,15465,0.944,1,1,true,0,34,0.012,0.003,115.486,8.575,0.510,25.448,150.066
picsum_415__jpeg_recompress_q50,picsum_415,jpeg_recompress_q50,jpeg_recompress,high,true,false,false,true,true,base,visual_match,true,true,1454,0.824,8.731,16384,1.000,2,2,true,0,22,0.033,0.003,194.860,29.357,0.495,46.720,271.534
picsum_416__brightness_minus10pct,picsum_416,brightness_minus10pct,brightness,borderline,true,false,false,true,true,base,visual_match,true,true,1435,2.125,23.746,16384,1.000,1,1,true,0,10,0.052,0.012,183.521,22.422,0.514,46.335,252.971
picsum_416__format_change_gif,picsum_416,format_change_gif,format_change,borderline,true,false,false,true,true,base,visual_match,true,true,1694,0.435,0.866,16384,1.000,1,1,true,0,2,0.300,0.003,168.120,38.850,0.560,61.138,269.490
picsum_416__p3_as_srgb_q70,picsum_416,p3_as_srgb_q70,p3_as_srgb,borderline,true,false,false,true,true,base,visual_match,true,true,1543,6.459,13.184,16384,1.000,1,1,true,0,2,0.051,0.003,257.704,37.442,0.616,64.013,359.914
picsum_417__content_overlay_15pct,picsum_417,content_overlay_15pct,content_overlay,high,false,false,false,false,false,none,no_match,true,false,1833,22.703,171.822,16384,1.000,1,1,true,0,58,0.076,0.003,234.126,27.518,0.335,58.029,320.198
picsum_417__heavy_crop_60pct,picsum_417,heavy_crop_60pct,heavy_crop,high,false,false,false,false,false,none,no_match,true,false,95,1.573,21.293,2525,0.154,1,1,false,-1,120,0.028,0.004,155.231,12.753,0.485,38.238,206.814
picsum_417__rotate_90,picsum_417,rotate_90,rotate_cardinal,borderline,true,false,false,true,true,base,visual_match,true,true,1827,2.547,33.679,16313,0.996,1,1,true,0,4,0.088,0.003,233.755,33.553,0.536,79.264,347.401
picsum_418__crop_border_5pct,picsum_418,crop_border_5pct,crop_border,borderline,true,false,false,true,true,base,visual_match,true,true,1272,1.124,15.280,12996,0.793,2,2,true,0,78,0.065,0.003,204.679,24.070,0.458,62.867,292.229
picsum_418__jpeg_recompress_q20,picsum_418,jpeg_recompress_q20,jpeg_recompress,high,true,false,false,true,true,base,visual_match,true,true,1340,2.714,18.138,16384,1.000,1,1,true,0,4,0.025,0.002,224.738,36.932,0.590,57.499,319.830
picsum_418__upscale_2.0x,picsum_418,upscale_2.0x,upscale,borderline,true,false,false,true,true,base,visual_match,true,true,886,1.459,33.984,16300,0.995,1,1,true,0,2,0.122,0.003,543.811,42.745,0.473,69.542,656.919
picsum_419__downscale_256px,picsum_419,downscale_256px,downscale,borderline,true,false,false,false,false,none,no_match,true,false,200,6.933,63.386,16170,0.987,1,1,true,0,26,0.013,0.002,114.603,13.718,0.370,31.997,160.734
picsum_419__noise_sigma10,picsum_419,noise_sigma10,noise_light,high,true,false,false,true,true,base,visual_match,true,true,1809,2.086,7.963,16384,1.000,2,2,true,0,12,0.158,0.006,201.366,25.290,0.455,42.096,269.569
picsum_41__color_invert,picsum_41,color_invert,color_invert,high,false,false,false,false,false,none,prefilter_empty,true,false,0,+Inf,+Inf,0,0.000,0,0,false,-1,112,0.069,0.003,232.886,32.846,0.308,0.000,266.208
picsum_41__heavy_crop_40pct,picsum_41,heavy_crop_40pct,heavy_crop,borderline,false,false,false,false,false,none,prefilter_empty,true,false,644,2.291,22.495,5823,0.355,0,0,false,-1,120,0.031,0.007,176.005,16.587,0.419,0.000,193.120
picsum_41__rotate_32deg,picsum_41,rotate_32deg,rotate_small,borderline,true,false,false,false,false,none,no_match,true,true,1075,1.297,15.032,13485,0.823,1,1,false,-1,120,0.086,0.003,240.500,32.007,0.656,75.788,349.155
picsum_420__crop_border_15pct,picsum_420,crop_border_15pct,crop_border,borderline,true,false,false,false,false,none,no_match,true,false,607,1.477,43.966,7832,0.478,1,1,false,-1,112,0.048,0.003,187.890,20.009,0.373,58.696,267.084
picsum_420__hue_shift_60deg,picsum_420,hue_shift_60deg,hue_shift,borderline,false,false,false,false,false,none,no_match,true,false,1693,7.932,70.735,16384,1.000,1,1,true,0,8,0.134,0.002,269.863,32.896,0.471,58.154,361.626
picsum_420__sharpen_light,picsum_420,sharpen_light,sharpen,high,true,false,false,true,true,base,visual_match,true,true,1634,1.458,18.076,16384,1.000,2,2,true,0,10,0.104,0.004,251.821,33.490,0.475,61.994,348.025
picsum_421__downscale_0.75x,picsum_421,downscale_0.75x,downscale,borderline,true,false,false,true,true,base,visual_match,true,true,330,1.431,14.489,16359,0.998,1,1,true,0,26,0.031,0.003,201.500,17.714,0.440,32.941,252.682
picsum_421__jpeg_recompress_q90,picsum_421,jpeg_recompress_q90,jpeg_recompress,high,true,false,false,true,true,base,visual_match,true,true,1048,0.470,9.896,16384,1.000,2,2,true,0,2,0.078,0.002,232.340,28.650,0.456,35.629,297.233
picsum_423__brightness_plus10pct,picsum_423,brightness_plus10pct,brightness,borderline,true,false,false,true,true,base,visual_match,true,true,1749,2.884,24.518,16384,1.000,1,1,true,0,4,0.063,0.004,182.051,21.336,0.338,41.752,245.640
picsum_423__format_change_tiff,picsum_423,format_change_tiff,format_change,borderline,true,false,false,true,true,base,visual_match,true,true,2000,0.412,0.866,16384,1.000,1,1,true,0,0,0.493,0.002,158.168,24.965,0.397,42.945,227.359
picsum_423__rotate_180,picsum_423,rotate_180,rotate_cardinal,borderline,true,false,false,true,true,base,visual_match,true,true,1778,1.985,27.993,16308,0.995,1,1,true,0,2,0.084,0.002,171.943,24.354,0.412,46.024,242.901
picsum_424__content_overlay_30pct,picsum_424,content_overlay_30pct,content_overlay,high,false,false,false,false,false,none,no_match,true,false,1381,27.750,182.902,16384,1.000,1,1,true,0,54,0.074,0.014,232.431,30.276,0.544,81.929,345.362
picsum_424__hue_shift_180deg,picsum_424,hue_shift_180deg,hue_shift,borderline,false,false,false,false,false,none,no_match,true,false,1050,20.245,85.927,16384,1.000,1,1,true,0,18,0.123,0.003,276.138,39.825,0.709,66.535,383.458
picsum_424__saturation_boost_2.0x,picsum_424,saturation_boost_2.0x,saturation_boost,borderline,false,false,false,false,false,none,no_match,true,false,1534,9.878,44.950,16384,1.000,1,1,true,0,10,0.109,0.005,265.278,29.350,0.479,55.631,351.018
picsum_425__downscale_0.33x,picsum_425,downscale_0.33x,downscale,borderline,true,false,false,false,false,none,no_match,true,false,252,5.373,94.763,16107,0.983,1,1,true,0,10,0.017,0.002,157.277,12.546,0.538,43.963,214.380
picsum_425__jpeg_recompress_q50,picsum_425,jpeg_recompress_q50,jpeg_recompress,high,true,false,false,true,true,base,visual_match,true,true,1663,1.613,10.533,16384,1.000,2,2,true,0,2,0.044,0.002,247.066,32.819,0.525,68.207,348.742
picsum_426__brightness_minus10pct,picsum_426,brightness_minus10pct,brightness,borderline,true,false,false,true,true,base,visual_match,true,true,1748,1.901,17.468,16384,1.000,2,2,true,0,2,0.109,0.003,242.767,25.742,0.370,50.835,319.916
picsum_426__format_change_gif,picsum_426,format_change_gif,format_change,borderline,true,false,false,true,true,base,visual_match,true,true,1918,0.421,0.866,16384,1.000,2,2,true,0,0,0.380,0.004,216.648,52.226,0.663,82.573,352.826
picsum_426__p3_as_srgb_q70,picsum_426,p3_as_srgb_q70,p3_as_srgb,borderline,true,false,false,true,true,base,visual_match,true,true,1758,6.251,12.297,16384,1.000,2,2,true,0,4,0.049,0.003,256.839,31.974,0.582,64.964,354.516
picsum_427__content_overlay_15pct,picsum_427,content_overlay_15pct,content_overlay,high,false,false,false,false,false,none,no_match,true,false,1797,19.435,152.986,16380,1.000,3,3,true,0,56,0.035,0.004,237.329,24.450,0.527,103.493,365.889
picsum_427__heavy_crop_60pct,picsum_427,heavy_crop_60pct,heavy_crop,high,false,false,false,false,false,none,no_match,true,false,23,69.285,187.191,15753,0.961,2,2,false,-1,128,0.011,0.005,133.483,8.580,0.532,4.308,146.941
picsum_427__rotate_90,picsum_427,rotate_90,rotate_cardinal,borderline,true,false,false,false,false,none,no_match,true,false,1638,3.415,81.644,15037,0.918,1,1,true,0,2,0.029,0.003,219.297,24.157,0.438,53.970,297.949
picsum_428__crop_border_5pct,picsum_428,crop_border_5pct,crop_border,borderline,true,false,false,false,false,none,prefilter_empty,true,true,1025,2.414,33.356,13027,0.795,0,0,false,-1,96,0.116,0.005,232.764,39.369,0.497,0.000,272.931
picsum_428__jpeg_recompress_q20,picsum_428,jpeg_recompress_q20,jpeg_recompress,high,true,false,false,true,true,base,visual_match,true,true,1561,3.872,20.618,16384,1.000,1,1,true,0,16,0.050,0.003,241.164,37.578,0.698,70.939,350.560
picsum_428__upscale_2.0x,picsum_428,upscale_2.0x,upscale,borderline,true,false,false,true,true,base,visual_match,true,true,839,1.960,20.009,16384,1.000,1,1,true,0,12,0.235,0.003,530.094,55.090,0.449,65.371,651.438
picsum_429__downscale_256px,picsum_429,downscale_256px,downscale,borderline,true,false,false,false,false,none,no_match,true,false,175,4.536,52.870,16384,1.000,1,1,true,0,16,0.021,0.005,119.779,8.676,0.495,24.762,153.770
picsum_429__noise_sigma10,picsum_429,noise_sigma10,noise_light,high,true,false,false,true,true,base,visual_match,true,true,1531,2.160,15.523,16384,1.000,1,1,true,0,6,0.153,0.003,242.087,27.024,0.525,60.834,330.765
picsum_42__color_invert,picsum_42,color_invert,color_invert,high,false,false,false,false,false,none,prefilter_empty,true,false,7,53.298,248.699,12972,0.792,0,0,false,-1,118,0.055,0.006,173.260,22.823,0.464,0.000,196.713
picsum_42__heavy_crop_40pct,picsum_42,heavy_crop_40pct,heavy_crop,borderline,false,false,false,false,false,none,prefilter_empty,true,false,571,1.064,6.868,5776,0.353,0,0,false,-1,120,0.030,0.002,185.814,19.645,0.332,0.000,205.870
picsum_42__rotate_32deg,picsum_42,rotate_32deg,rotate_small,borderline,true,false,false,false,false,none,prefilter_empty,true,true,1138,1.349,36.133,13419,0.819,0,0,false,-1,116,0.073,0.003,200.575,25.663,0.460,0.000,226.864
picsum_430__crop_border_15pct,picsum_430,crop_border_15pct,crop_border,borderline,true,false,false,false,false,none,prefilter_empty,true,false,146,2.290,74.111,8096,0.494,0,0,false,-1,124,0.032,0.003,218.691,16.877,0.453,0.001,236.116
picsum_430__hue_shift_60deg,picsum_430,hue_shift_60deg,hue_shift,borderline,false,false,false,false,false,none,no_match,true,false,1292,11.032,69.696,16384,1.000,1,1,true,0,8,0.063,0.003,247.732,25.718,0.346,64.410,338.352
picsum_430__sharpen_light,picsum_430,sharpen_light,sharpen,high,true,false,false,true,true,base,visual_match,true,true,1559,1.014,14.527,16384,1.000,1,1,true,0,6,0.067,0.003,219.039,26.091,0.452,53.017,298.769
picsum_431__downscale_0.75x,picsum_431,downscale_0.75x,downscale,borderline,true,false,false,true,true,base,visual_match,true,true,788,2.047,23.023,16256,0.992,1,1,true,0,6,0.034,0.003,180.197,20.676,0.523,48.143,249.744
picsum_431__jpeg_recompress_q90,picsum_431,jpeg_recompress_q90,jpeg_recompress,high,true,false,false,true,true,base,visual_match,true,true,1851,0.619,4.080,16384,1.000,1,1,true,0,2,0.085,0.006,254.355,27.722,0.497,55.735,338.511
picsum_432__brightness_plus10pct,picsum_432,brightness_plus10pct,brightness,borderline,true,false,false,true,true,base,visual_match,true,true,1514,2.550,23.410,16384,1.000,2,2,true,0,6,0.050,0.003,186.291,22.068,0.558,50.586,259.640
picsum_432__format_change_tiff,picsum_432,format_change_tiff,format_change,borderline,true,false,false,true,true,base,visual_match,true,true,1676,0.392,0.866,16384,1.000,2,2,true,0,0,0.263,0.003,194.967,36.805,0.582,56.154,289.134
picsum_432__rotate_180,picsum_432,rotate_180,rotate_cardinal,borderline,true,false,false,true,true,base,visual_match,true,true,1516,0.943,17.293,16340,0.997,2,2,true,0,2,0.050,0.003,242.530,29.165,0.611,59.631,332.066
picsum_433__content_overlay_30pct,picsum_433,content_overlay_30pct,content_overlay,high,false,false,false,false,false,none,no_match,true,false,1429,25.556,152.481,16384,1.000,1,1,true,0,50,0.087,0.003,245.748,33.643,0.449,55.788,335.871
picsum_433__hue_shift_180deg,picsum_433,hue_shift_180deg,hue_shift,borderline,false,false,false,false,false,none,no_match,true,false,1441,15.830,60.084,16384,1.000,1,1,true,0,6,0.105,0.003,260.137,29.863,0.477,55.895,346.614
picsum_433__saturation_boost_2.0x,picsum_433,saturation_boost_2.0x,saturation_boost,borderline,false,false,false,false,false,none,no_match,true,false,1402,9.698,36.318,16384,1.000,2,2,true,0,8,0.085,0.002,236.317,29.074,0.462,80.058,346.067
picsum_434__downscale_0.33x,picsum_434,downscale_0.33x,downscale,borderline,true,false,false,false,false,none,no_match,true,false,204,6.056,67.969,16199,0.989,1,1,true,0,32,0.016,0.002,167.090,12.303,0.451,46.388,226.290
picsum_434__jpeg_recompress_q50,picsum_434,jpeg_recompress_q50,jpeg_recompress,high,true,false,false,true,true,base,visual_match,true,true,1599,1.761,10.265,16384,1.000,1,1,true,0,12,0.071,0.002,242.013,33.333,0.444,84.453,360.390
picsum_435__brightness_minus10pct,picsum_435,brightness_minus10pct,brightness,borderline,true,false,false,true,true,base,visual_match,true,true,1828,3.897,12.106,16384,1.000,2,2,true,0,2,0.121,0.002,273.962,26.634,0.438,58.278,359.524
picsum_435__format_change_gif,picsum_435,format_change_gif,format_change,borderline,true,false,false,true,true,base,visual_match,true,true,2000,0.326,0.866,16384,1.000,2,2,true,0,0,0.431,0.003,235.379,39.312,0.686,77.517,353.841
picsum_435__p3_as_srgb_q70,picsum_435,p3_as_srgb_q70,p3_as_srgb,borderline,true,false,false,true,true,base,visual_match,true,true,1847,2.772,12.497,16384,1.000,2,2,true,0,0,0.046,0.003,241.026,28.368,0.453,54.263,324.242
picsum_436__content_overlay_15pct,picsum_436,content_overlay_15pct,content_overlay,high,false,false,false,false,false,none,no_match,true,false,1533,22.295,153.358,16384,1.000,1,1,true,0,50,0.057,0.002,243.474,35.925,0.568,58.548,338.641
picsum_436__heavy_crop_60pct,picsum_436,heavy_crop_60pct,heavy_crop,high,false,false,false,false,false,none,no_match,true,false,77,1.566,39.683,2461,0.150,2,2,false,-1,112,0.019,0.003,167.736,15.212,0.568,8.675,192.272
picsum_436__rotate_90,picsum_436,rotate_90,rotate_cardinal,borderline,true,false,false,false,false,none,no_match,true,false,1864,1.748,38.111,16179,0.987,2,2,true,0,2,0.067,0.003,237.313,32.449,0.550,64.100,334.641
picsum_437__crop_border_5pct,picsum_437,crop_border_5pct,crop_border,borderline,true,false,false,false,false,none,prefilter_empty,true,true,1307,1.684,13.240,12996,0.793,0,0,false,-1,122,0.131,0.004,227.239,31.825,0.435,0.000,259.788
picsum_437__jpeg_recompress_q20,picsum_437,jpeg_recompress_q20,jpeg_recompress,high,true,false,false,true,true,base,visual_match,true,true,1581,3.862,24.925,16384,1.000,1,1,true,0,14,0.046,0.003,244.832,35.483,0.436,60.699,341.583
picsum_437__upscale_2.0x,picsum_437,upscale_2.0x,upscale,borderline,true,false,false,true,true,base,visual_match,true,true,706,2.544,28.045,16384,1.000,1,1,true,0,14,0.168,0.002,400.794,45.644,0.459,56.966,504.201
picsum_439__downscale_256px,picsum_439,downscale_256px,downscale,borderline,true,false,false,true,true,base,visual_match,true,true,117,2.560,35.789,16355,0.998,3,3,true,0,44,0.016,0.003,147.511,10.341,0.549,27.875,186.333
picsum_439__noise_sigma10,picsum_439,noise_sigma10,noise_light,high,true,false,false,true,true,base,visual_match,true,true,1491,1.927,10.514,16242,0.991,2,2,true,0,30,0.190,0.003,248.896,26.934,0.347,53.671,330.240
picsum_43__color_invert,picsum_43,color_invert,color_invert,high,false,false,false,false,false,none,prefilter_empty,true,false,5,37.702,216.842,16356,0.998,0,0,false,-1,118,0.147,0.004,241.594,29.375,0.392,0.000,271.625
picsum_43__heavy_crop_40pct,picsum_43,heavy_crop_40pct,heavy_crop,borderline,false,false,false,false,false,none,no_match,true,false,649,0.823,10.229,5776,0.353,1,1,false,-1,114,0.050,0.004,183.796,20.643,0.588,55.456,260.602
picsum_43__rotate_32deg,picsum_43,rotate_32deg,rotate_small,borderline,true,false,false,false,false,none,no_match,true,true,1087,0.850,13.519,13468,0.822,1,1,false,-1,110,0.108,0.003,226.243,29.419,0.451,10.171,266.535
picsum_440__crop_border_15pct,picsum_440,crop_border_15pct,crop_border,borderline,true,false,false,false,false,none,prefilter_empty,true,true,416,0.976,14.454,7877,0.481,0,0,false,-1,120,0.038,0.003,187.106,17.230,0.437,0.000,204.887
picsum_440__hue_shift_60deg,picsum_440,hue_shift_60deg,hue_shift,borderline,false,false,false,false,false,none,no_match,true,false,1316,14.625,56.399,16384,1.000,2,2,true,0,4,0.060,0.003,281.581,27.481,0.552,116.394,426.219
picsum_440__sharpen_light,picsum_440,sharpen_light,sharpen,high,true,false,false,true,true,base,visual_match,true,true,1439,0.976,18.637,16384,1.000,1,1,true,0,12,0.066,0.002,210.749,23.671,0.465,46.116,281.144
picsum_441__downscale_0.75x,picsum_441,downscale_0.75x,downscale,borderline,true,false,false,true,true,base,visual_match,true,true,764,2.849,20.323,16361,0.999,2,2,true,0,16,0.050,0.003,201.062,29.549,0.485,48.264,279.579
picsum_441__jpeg_recompress_q90,picsum_441,jpeg_recompress_q90,jpeg_recompress,high,true,false,false,true,true,base,visual_match,true,true,1906,0.703,5.970,16384,1.000,2,2,true,0,2,0.128,0.002,225.535,39.328,0.422,56.275,321.847
picsum_442__brightness_plus10pct,picsum_442,brightness_plus10pct,brightness,borderline,true,false,false,true,true,base,visual_match,true,true,750,0.767,6.529,16384,1.000,2,2,true,0,2,0.044,0.003,215.751,18.969,0.408,30.627,265.867
picsum_442__format_change_tiff,picsum_442,format_change_tiff,format_change,borderline,true,false,false,true,true,base,visual_match,true,true,788,0.417,0.866,16384,1.000,1,1,true,0,2,0.467,0.003,196.039,22.939,0.403,36.180,256.473
picsum_442__rotate_180,picsum_442,rotate_180,rotate_cardinal,borderline,true,false,false,false,false,none,no_match,true,false,694,1.299,43.372,16238,0.991,2,2,true,0,0,0.094,0.005,247.038,25.086,0.671,82.184,355.169
picsum_443__content_overlay_30pct,picsum_443,content_overlay_30pct,content_overlay,high,false,false,false,false,false,none,no_match,true,false,1569,22.829,152.285,16384,1.000,1,1,true,0,52,0.053,0.004,247.952,25.310,0.560,57.994,331.996
picsum_443__hue_shift_180deg,picsum_443,hue_shift_180deg,hue_shift,borderline,false,false,false,false,false,none,no_match,true,false,1586,9.479,58.361,16384,1.000,1,1,true,0,6,0.061,0.003,255.376,29.444,0.594,56.617,342.185
picsum_443__saturation_boost_2.0x,picsum_443,saturation_boost_2.0x,saturation_boost,borderline,false,false,false,false,false,none,no_match,true,false,1495,6.913,45.848,16384,1.000,1,1,true,0,10,0.093,0.003,242.272,24.885,0.404,56.761,324.491
picsum_444__downscale_0.33x,picsum_444,downscale_0.33x,downscale,borderline,true,false,false,false,false,none,no_match,true,false,212,8.974,72.797,16175,0.987,1,1,true,0,28,0.020,0.002,145.496,11.633,0.336,36.945,194.474
picsum_444__jpeg_recompress_q50,picsum_444,jpeg_recompress_q50,jpeg_recompress,high,true,false,false,true,true,base,visual_match,true,true,1766,1.917,14.431,16384,1.000,1,1,true,0,8,0.062,0.006,235.881,38.177,0.356,62.673,337.309
picsum_445__brightness_minus10pct,picsum_445,brightness_minus10pct,brightness,borderline,true,false,false,true,true,base,visual_match,true,true,1787,0.941,7.521,16384,1.000,1,1,true,0,2,0.060,0.002,223.840,27.602,0.531,52.974,305.109
picsum_445__format_change_gif,picsum_445,format_change_gif,format_change,borderline,true,false,false,true,true,base,visual_match,true,true,1965,0.433,0.863,16384,1.000,1,1,true,0,2,0.509,0.002,229.868,34.061,0.849,61.938,327.654
picsum_445__p3_as_srgb_q70,picsum_445,p3_as_srgb_q70,p3_as_srgb,borderline,true,false,false,true,true,base,visual_match,true,true,1799,7.366,12.168,16384,1.000,1,1,true,0,6,0.056,0.003,249.501,27.287,0.606,56.032,333.564
picsum_446__content_overlay_15pct,picsum_446,content_overlay_15pct,content_overlay,high,false,false,false,false,false,none,no_match,true,false,1339,22.846,153.095,16384,1.000,1,1,true,0,42,0.070,0.006,238.409,26.251,0.512,50.833,316.182
picsum_446__heavy_crop_60pct,picsum_446,heavy_crop_60pct,heavy_crop,high,false,false,false,false,false,none,prefilter_empty,true,false,277,0.854,3.810,2500,0.153,0,0,false,-1,126,0.024,0.006,122.809,9.140,0.430,0.000,132.493
picsum_446__rotate_90,picsum_446,rotate_90,rotate_cardinal,borderline,true,false,false,true,true,base,visual_match,true,true,1572,0.931,20.684,16256,0.992,1,1,true,0,2,0.061,0.003,218.938,27.871,0.434,42.062,289.465
picsum_447__crop_border_5pct,picsum_447,crop_border_5pct,crop_border,borderline,true,false,false,true,true,base,visual_match,true,true,1045,1.016,10.565,12996,0.793,2,2,true,0,60,0.059,0.002,205.760,20.253,0.354,50.202,276.704
picsum_447__jpeg_recompress_q20,picsum_447,jpeg_recompress_q20,jpeg_recompress,high,true,false,false,true,true,base,visual_match,true,true,1073,2.925,16.963,16384,1.000,2,2,true,0,14,0.023,0.002,242.189,25.713,0.539,53.971,322.481
picsum_447__upscale_2.0x,picsum_447,upscale_2.0x,upscale,borderline,true,false,false,true,true,base,visual_match,true,true,663,1.309,20.891,16270,0.993,1,1,true,0,14,0.112,0.003,557.080,48.233,0.588,70.598,676.774
picsum_448__downscale_256px,picsum_448,downscale_256px,downscale,borderline,true,false,false,false,false,none,no_match,true,false,216,7.533,61.410,16129,0.984,2,2,true,0,32,0.021,0.003,129.728,13.756,0.415,70.026,214.011
picsum_448__noise_sigma10,picsum_448,noise_sigma10,noise_light,high,true,false,false,true,true,base,visual_match,true,true,1773,1.941,7.142,16384,1.000,1,1,true,0,12,0.133,0.002,225.553,40.565,0.393,47.449,314.234
picsum_449__color_invert,picsum_449,color_invert,color_invert,high,false,false,false,false,false,none,no_match,true,false,0,+Inf,+Inf,0,0.000,1,1,false,-1,120,0.051,0.004,196.175,31.078,0.487,58.153,286.039
picsum_449__heavy_crop_40pct,picsum_449,heavy_crop_40pct,heavy_crop,borderline,false,false,false,false,false,none,prefilter_empty,true,false,718,1.643,30.589,5712,0.349,0,0,false,-1,110,0.031,0.003,133.058,14.182,0.448,0.000,147.777
picsum_449__rotate_32deg,picsum_449,rotate_32deg,rotate_small,borderline,true,false,false,false,false,none,prefilter_empty,true,true,1184,1.116,16.142,13473,0.822,0,0,false,-1,106,0.069,0.005,188.094,22.775,0.505,0.002,211.563
picsum_44__crop_border_15pct,picsum_44,crop_border_15pct,crop_border,borderline,true,false,false,false,false,none,prefilter_empty,true,true,83,0.515,13.361,7807,0.477,0,0,false,-1,128,0.022,0.003,212.867,17.814,0.472,0.000,231.222
picsum_44__hue_shift_60deg,picsum_44,hue_shift_60deg,hue_shift,borderline,false,false,false,true,true,base,visual_match,true,true,1459,2.708,6.004,16384,1.000,2,2,true,0,4,0.056,0.004,280.010,34.921,0.688,67.323,383.096
picsum_44__sharpen_light,picsum_44,sharpen_light,sharpen,high,true,false,false,true,true,base,visual_match,true,true,1309,0.569,11.439,16384,1.000,1,1,true,0,8,0.052,0.003,299.021,28.426,0.342,60.307,388.212
picsum_450__downscale_0.75x,picsum_450,downscale_0.75x,downscale,borderline,true,false,false,true,true,base,visual_match,true,true,645,1.501,20.061,16384,1.000,1,1,true,0,14,0.033,0.003,187.616,21.126,0.594,40.434,249.869
picsum_450__jpeg_recompress_q90,picsum_450,jpeg_recompress_q90,jpeg_recompress,high,true,false,false,true,true,base,visual_match,true,true,1583,0.489,3.271,16384,1.000,1,1,true,0,2,0.068,0.003,245.671,36.586,0.657,49.012,332.087
picsum_451__brightness_plus10pct,picsum_451,brightness_plus10pct,brightness,borderline,true,false,false,true,true,base,visual_match,true,true,1651,0.926,20.233,16384,1.000,1,1,true,0,6,0.136,0.004,251.363,28.190,0.590,56.302,336.680
picsum_451__format_change_tiff,picsum_451,format_change_tiff,format_change,borderline,true,false,false,true,true,base,visual_match,true,true,2000,0.403,0.863,16384,1.000,1,1,true,0,2,0.592,0.003,222.525,35.813,0.678,66.007,326.087
picsum_451__rotate_180,picsum_451,rotate_180,rotate_cardinal,borderline,true,false,false,false,false,none,no_match,true,false,1772,1.509,60.424,16123,0.984,1,1,true,0,2,0.063,0.003,181.265,22.973,0.488,55.418,260.316
picsum_452__content_overlay_30pct,picsum_452,content_overlay_30pct,content_overlay,high,false,false,false,false,false,none,no_match,true,false,1335,24.020,158.019,16384,1.000,1,1,true,0,50,0.065,0.002,182.131,20.863,0.442,42.783,246.336
picsum_452__hue_shift_180deg,picsum_452,hue_shift_180deg,hue_shift,borderline,false,false,false,false,false,none,no_match,true,false,1015,21.864,96.448,16384,1.000,1,1,true,0,18,0.036,0.003,202.300,20.907,0.430,40.828,264.604
picsum_452__saturation_boost_2.0x,picsum_452,saturation_boost_2.0x,saturation_boost,borderline,false,false,false,false,false,none,no_match,true,false,996,11.992,52.111,16384,1.000,2,2,true,0,20,0.035,0.003,172.507,19.252,0.309,62.695,254.873
picsum_453__downscale_0.33x,picsum_453,downscale_0.33x,downscale,borderline,true,false,false,false,false,none,no_match,true,false,230,3.420,100.286,16202,0.989,1,1,true,0,20,0.020,0.003,140.000,11.936,0.476,41.205,193.697
picsum_453__jpeg_recompress_q50,picsum_453,jpeg_recompress_q50,jpeg_recompress,high,true,false,false,true,true,base,visual_match,true,true,1754,0.508,4.800,16384,1.000,1,1,true,0,10,0.036,0.003,202.512,21.049,0.318,43.304,267.289
picsum_454__brightness_minus10pct,picsum_454,brightness_minus10pct,brightness,borderline,true,false,false,true,true,base,visual_match,true,true,1595,2.718,17.944,16384,1.000,1,1,true,0,2,0.048,0.003,180.676,23.707,0.459,50.545,255.567
picsum_454__format_change_gif,picsum_454,format_change_gif,format_change,borderline,true,false,false,true,true,base,visual_match,true,true,1997,0.426,0.847,16384,1.000,1,1,true,0,0,0.722,0.002,223.832,32.935,0.357,64.084,322.551
picsum_454__p3_as_srgb_q70,picsum_454,p3_as_srgb_q70,p3_as_srgb,borderline,true,false,false,true,true,base,visual_match,true,true,1834,5.109,10.634,16384,1.000,1,1,true,0,4,0.053,0.002,247.809,27.574,0.377,77.658,353.559
picsum_455__content_overlay_15pct,picsum_455,content_overlay_15pct,content_overlay,high,false,false,false,false,false,none,no_match,true,false,1841,20.436,138.336,16384,1.000,1,1,true,0,34,0.100,0.003,252.876,38.905,0.503,62.499,355.023
picsum_455__heavy_crop_60pct,picsum_455,heavy_crop_60pct,heavy_crop,high,false,false,false,false,false,none,prefilter_empty,true,false,415,1.335,12.099,2500,0.153,0,0,false,-1,124,0.030,0.003,163.127,17.555,0.515,0.000,181.281
picsum_455__rotate_90,picsum_455,rotate_90,rotate_cardinal,borderline,true,false,false,false,false,none,no_match,true,false,1723,2.712,42.179,16234,0.991,1,1,true,0,4,0.086,0.003,228.733,35.107,0.576,71.243,335.845
picsum_456__crop_border_5pct,picsum_456,crop_border_5pct,crop_border,borderline,true,false,false,false,false,none,prefilter_empty,true,true,986,1.304,10.765,12996,0.793,0,0,false,-1,86,0.082,0.003,223.663,37.765,0.650,0.003,262.263
picsum_456__jpeg_recompress_q20,picsum_456,jpeg_recompress_q20,jpeg_recompress,high,true,false,false,true,false,other,visual_match,true,true,1371,3.623,15.709,16384,1.000,2,2,true,1,20,0.032,0.003,242.232,28.328,0.456,54.326,325.437
picsum_456__upscale_2.0x,picsum_456,upscale_2.0x,upscale,borderline,true,false,false,false,false,none,no_match,true,false,796,2.039,58.960,16175,0.987,3,3,true,1,12,0.145,0.004,539.220,59.763,0.527,186.088,785.904
picsum_457__downscale_256px,picsum_457,downscale_256px,downscale,borderline,true,false,false,false,false,none,orb_extract_failed,false,false,0,0.000,0.000,0,0.000,0,2,true,0,36,0.010,0.002,131.390,1.178,0.000,0.000,132.648
picsum_457__noise_sigma10,picsum_457,noise_sigma10,noise_light,high,true,false,false,true,true,base,visual_match,true,true,116,1.620,14.874,15713,0.959,1,1,true,0,54,0.102,0.001,175.800,18.353,0.405,26.645,221.437
picsum_458__color_invert,picsum_458,color_invert,color_invert,high,false,false,false,false,false,none,prefilter_empty,true,false,0,+Inf,+Inf,0,0.000,0,0,false,-1,110,0.076,0.003,183.225,24.852,0.443,0.000,208.709
picsum_458__heavy_crop_40pct,picsum_458,heavy_crop_40pct,heavy_crop,borderline,false,false,false,false,false,none,no_match,true,false,32,3.285,76.608,4951,0.302,3,3,false,-1,126,0.021,0.003,128.706,13.101,0.424,23.852,166.177
picsum_458__rotate_32deg,picsum_458,rotate_32deg,rotate_small,borderline,true,false,false,false,false,none,no_match,true,true,811,0.955,35.035,13403,0.818,1,1,false,-1,124,0.066,0.002,192.385,24.267,0.444,7.565,224.819
picsum_459__crop_border_15pct,picsum_459,crop_border_15pct,crop_border,borderline,true,false,false,false,false,none,prefilter_empty,true,true,488,1.039,21.539,7851,0.479,0,0,false,-1,120,0.037,0.003,188.122,15.284,0.368,0.001,203.878
picsum_459__hue_shift_60deg,picsum_459,hue_shift_60deg,hue_shift,borderline,false,false,false,false,false,none,no_match,true,false,1146,14.719,64.908,16384,1.000,2,2,true,0,14,0.047,0.004,222.946,27.711,0.443,114.452,365.683
picsum_459__sharpen_light,picsum_459,sharpen_light,sharpen,high,true,false,false,true,true,base,visual_match,true,true,1533,0.884,20.436,16359,0.998,2,2,true,0,4,0.046,0.002,218.624,24.631,0.488,54.085,297.946
picsum_45__downscale_0.75x,picsum_45,downscale_0.75x,downscale,borderline,true,false,false,true,true,base,visual_match,true,true,739,2.175,11.984,16353,0.998,3,3,true,0,10,0.038,0.003,193.446,19.054,0.535,47.623,260.763
picsum_45__jpeg_recompress_q90,picsum_45,jpeg_recompress_q90,jpeg_recompress,high,true,false,false,true,true,base,visual_match,true,true,1865,0.654,3.300,16384,1.000,1,1,true,0,2,0.081,0.002,224.347,26.555,0.515,55.247,306.853
picsum_460__brightness_plus10pct,picsum_460,brightness_plus10pct,brightness,borderline,true,false,false,true,true,base,visual_match,true,true,1016,0.998,15.468,16342,0.997,2,2,true,0,8,0.036,0.005,225.705,23.772,0.622,41.803,292.000
picsum_460__format_change_tiff,picsum_460,format_change_tiff,format_change,borderline,true,false,false,true,true,base,visual_match,true,true,1364,0.215,0.866,16384,1.000,2,2,true,0,0,0.215,0.003,170.093,18.234,0.424,33.672,222.895
picsum_460__rotate_180,picsum_460,rotate_180,rotate_cardinal,borderline,true,false,false,true,true,base,visual_match,true,true,1232,1.112,34.100,16256,0.992,2,2,true,0,2,0.047,0.003,231.588,24.050,0.548,57.034,313.386
picsum_461__content_overlay_30pct,picsum_461,content_overlay_30pct,content_overlay,high,false,false,false,false,false,none,no_match,true,false,1342,24.199,189.033,16384,1.000,1,1,true,0,70,0.045,0.003,243.402,29.933,0.542,45.053,319.048
picsum_461__hue_shift_180deg,picsum_461,hue_shift_180deg,hue_shift,borderline,false,false,false,false,false,none,no_match,true,false,1075,10.544,46.152,16384,1.000,1,1,true,0,14,0.054,0.003,234.406,23.808,0.422,49.154,307.922
picsum_461__saturation_boost_2.0x,picsum_461,saturation_boost_2.0x,saturation_boost,borderline,false,false,false,true,true,base,visual_match,true,true,1106,7.486,34.600,16384,1.000,1,1,true,0,28,0.058,0.002,293.621,27.112,0.543,56.931,378.366
picsum_464__downscale_0.33x,picsum_464,downscale_0.33x,downscale,borderline,true,false,false,false,false,none,no_match,true,false,228,5.972,63.006,16256,0.992,3,3,true,0,22,0.036,0.003,156.059,11.990,0.602,58.884,227.628
picsum_464__jpeg_recompress_q50,picsum_464,jpeg_recompress_q50,jpeg_recompress,high,true,false,false,true,true,base,visual_match,true,true,1675,2.016,13.162,16384,1.000,1,1,true,0,6,0.057,0.003,202.720,25.032,0.555,62.758,291.249
picsum_465__brightness_minus10pct,picsum_465,brightness_minus10pct,brightness,borderline,true,false,false,true,true,base,visual_match,true,true,1494,0.500,2.892,16384,1.000,4,4,true,0,2,0.026,0.004,174.697,17.302,0.393,37.513,229.995
picsum_465__format_change_gif,picsum_465,format_change_gif,format_change,borderline,true,false,false,true,true,base,visual_match,true,true,1661,0.195,0.866,16384,1.000,3,3,true,0,2,0.190,0.003,214.254,28.019,0.405,52.932,295.995
picsum_465__p3_as_srgb_q70,picsum_465,p3_as_srgb_q70,p3_as_srgb,borderline,true,false,false,false,false,none,no_match,true,false,1440,8.514,12.216,16384,1.000,5,5,true,0,4,0.027,0.003,255.486,25.834,0.670,215.090,497.159
picsum_466__content_overlay_15pct,picsum_466,content_overlay_15pct,content_overlay,high,false,false,false,false,false,none,no_match,true,false,1628,23.379,161.837,16384,1.000,1,1,true,0,28,0.151,0.004,251.520,34.264,0.438,65.630,352.147
picsum_466__heavy_crop_60pct,picsum_466,heavy_crop_60pct,heavy_crop,high,false,false,false,false,false,none,prefilter_empty,true,false,13,2.875,63.287,2555,0.156,0,0,false,-1,126,0.026,0.002,158.808,14.810,0.314,0.000,173.996
picsum_466__rotate_90,picsum_466,rotate_90,rotate_cardinal,borderline,true,false,false,false,false,none,no_match,true,false,1921,4.034,41.061,16357,0.998,1,1,true,0,2,0.169,0.004,236.700,34.209,0.411,63.439,335.031
picsum_467__crop_border_5pct,picsum_467,crop_border_5pct,crop_border,borderline,true,false,false,false,false,none,prefilter_empty,true,true,524,0.261,2.583,12996,0.793,0,0,false,-1,102,0.049,0.003,225.365,19.043,0.379,0.000,244.918
picsum_467__jpeg_recompress_q20,picsum_467,jpeg_recompress_q20,jpeg_recompress,high,true,false,false,true,true,base,visual_match,true,true,119,0.938,12.353,16208,0.989,2,2,true,0,42,0.021,0.003,242.083,23.830,0.470,36.509,302.960
picsum_467__upscale_2.0x,picsum_467,upscale_2.0x,upscale,borderline,true,false,false,true,true,base,visual_match,true,true,82,0.459,15.567,16317,0.996,2,2,true,0,22,0.109,0.002,550.022,48.961,0.444,50.349,649.984
picsum_468__downscale_256px,picsum_468,downscale_256px,downscale,borderline,true,false,false,true,true,base,visual_match,true,true,152,3.996,31.128,16168,0.987,2,2,true,0,26,0.016,0.004,160.066,11.181,0.482,34.982,206.774
picsum_468__noise_sigma10,picsum_468,noise_sigma10,noise_light,high,true,false,false,true,true,base,visual_match,true,true,1449,1.806,11.708,16384,1.000,1,1,true,0,22,0.181,0.003,193.825,33.593,0.498,50.827,279.139
picsum_469__color_invert,picsum_469,color_invert,color_invert,high,false,false,false,false,false,none,no_match,true,false,6,87.831,320.217,8302,0.507,1,1,false,-1,126,0.035,0.003,177.634,20.735,0.533,6.789,205.804
picsum_469__heavy_crop_40pct,picsum_469,heavy_crop_40pct,heavy_crop,borderline,false,false,false,false,false,none,no_match,true,false,627,0.822,6.035,5776,0.353,2,2,false,-1,110,0.040,0.004,169.902,16.227,0.543,56.506,243.291
picsum_469__rotate_32deg,picsum_469,rotate_32deg,rotate_small,borderline,true,false,false,false,false,none,prefilter_empty,true,true,1116,0.761,16.145,13475,0.822,0,0,false,-1,126,0.063,0.003,241.089,26.565,0.559,0.000,268.364
picsum_46__crop_border_15pct,picsum_46,crop_border_15pct,crop_border,borderline,true,false,false,false,false,none,prefilter_empty,true,true,1066,1.683,15.781,7862,0.480,0,0,false,-1,122,0.049,0.004,199.487,30.694,0.477,0.003,230.774
picsum_46__hue_shift_60deg,picsum_46,hue_shift_60deg,hue_shift,borderline,false,false,false,false,false,none,no_match,true,false,1335,35.601,76.597,16384,1.000,2,2,true,0,10,0.144,0.004,244.997,32.053,0.482,84.459,362.246
picsum_46__sharpen_light,picsum_46,sharpen_light,sharpen,high,true,false,false,true,true,base,visual_match,true,true,1698,1.597,17.503,16384,1.000,2,2,true,0,10,0.092,0.003,235.208,33.202,0.548,57.133,326.304
picsum_471__downscale_0.75x,picsum_471,downscale_0.75x,downscale,borderline,true,false,false,true,true,base,visual_match,true,true,731,4.145,32.308,16256,0.992,1,1,true,0,30,0.072,0.003,154.874,19.095,0.401,47.986,222.549
picsum_471__jpeg_recompress_q90,picsum_471,jpeg_recompress_q90,jpeg_recompress,high,true,false,false,true,true,base,visual_match,true,true,1875,0.755,3.499,16384,1.000,1,1,true,0,6,0.139,0.002,191.402,29.243,0.408,46.811,268.142
picsum_472__brightness_plus10pct,picsum_472,brightness_plus10pct,brightness,borderline,true,false,false,true,true,base,visual_match,true,true,1211,0.618,3.491,16384,1.000,3,3,true,0,4,0.116,0.003,241.690,24.515,0.488,50.686,317.579
picsum_472__format_change_tiff,picsum_472,format_change_tiff,format_change,borderline,true,false,false,true,true,base,visual_match,true,true,1345,0.391,0.866,16384,1.000,3,3,true,0,2,0.388,0.003,212.654,26.645,0.487,49.467,290.095
picsum_472__rotate_180,picsum_472,rotate_180,rotate_cardinal,borderline,true,false,false,true,true,base,visual_match,true,true,1039,0.922,13.610,16248,0.992,2,2,true,0,4,0.062,0.004,240.367,24.518,0.520,47.660,313.218
picsum_473__content_overlay_30pct,picsum_473,content_overlay_30pct,content_overlay,high,false,false,false,false,false,none,no_match,true,false,951,29.801,191.583,16384,1.000,1,1,true,0,70,0.074,0.003,231.231,20.447,0.485,39.687,292.028
picsum_473__hue_shift_180deg,picsum_473,hue_shift_180deg,hue_shift,borderline,false,false,false,false,false,none,no_match,true,false,855,18.329,35.806,16384,1.000,1,1,true,0,4,0.042,0.024,239.102,24.339,0.556,38.841,303.003
picsum_473__saturation_boost_2.0x,picsum_473,saturation_boost_2.0x,saturation_boost,borderline,false,false,false,false,false,none,no_match,true,false,754,11.482,22.889,16384,1.000,1,1,true,0,8,0.065,0.003,248.538,23.704,0.555,40.100,313.055
picsum_474__downscale_0.33x,picsum_474,downscale_0.33x,downscale,borderline,true,false,false,false,false,none,no_match,true,false,63,4.045,79.354,16168,0.987,2,2,true,0,18,0.016,0.002,157.803,11.154,0.459,32.201,201.693
picsum_474__jpeg_recompress_q50,picsum_474,jpeg_recompress_q50,jpeg_recompress,high,true,false,false,true,true,base,visual_match,true,true,1219,1.775,9.130,16384,1.000,1,1,true,0,8,0.049,0.004,199.055,28.362,0.701,40.713,268.983
picsum_475__brightness_minus10pct,picsum_475,brightness_minus10pct,brightness,borderline,true,false,false,true,true,base,visual_match,true,true,865,3.500,28.464,16384,1.000,2,2,true,0,16,0.047,0.002,185.037,29.091,0.625,48.750,263.650
picsum_475__format_change_gif,picsum_475,format_change_gif,format_change,borderline,true,false,false,true,true,base,visual_match,true,true,1556,0.410,0.866,16384,1.000,2,2,true,0,0,0.411,0.002,155.827,23.142,0.443,36.941,217.086
picsum_475__p3_as_srgb_q70,picsum_475,p3_as_srgb_q70,p3_as_srgb,borderline,true,false,false,true,true,base,visual_match,true,true,1387,5.322,11.385,16384,1.000,3,3,true,0,2,0.042,0.003,175.550,22.661,0.437,45.911,244.712
picsum_476__content_overlay_15pct,picsum_476,content_overlay_15pct,content_overlay,high,false,false,false,false,false,none,no_match,true,false,897,22.303,166.362,16384,1.000,1,1,true,0,66,0.093,0.005,241.310,32.900,0.568,66.584,341.643
picsum_476__heavy_crop_60pct,picsum_476,heavy_crop_60pct,heavy_crop,high,false,false,false,false,false,none,prefilter_empty,true,false,138,1.864,20.549,2510,0.153,0,0,false,-1,116,0.030,0.003,157.558,15.610,0.463,0.000,173.737
picsum_476__rotate_90,picsum_476,rotate_90,rotate_cardinal,borderline,true,false,false,false,false,none,no_match,true,false,1832,3.219,55.396,16296,0.995,2,2,true,0,4,0.114,0.004,232.534,37.462,0.598,91.831,362.711
picsum_477__crop_border_5pct,picsum_477,crop_border_5pct,crop_border,borderline,true,false,false,true,true,base,visual_match,true,true,1255,1.285,18.246,13182,0.805,3,3,true,0,82,0.050,0.004,211.257,26.700,0.444,63.056,301.586
picsum_477__jpeg_recompress_q20,picsum_477,jpeg_recompress_q20,jpeg_recompress,high,true,false,false,true,true,base,visual_match,true,true,1196,3.251,18.235,16377,1.000,1,1,true,0,14,0.025,0.003,237.943,28.080,0.461,50.968,317.537
picsum_477__upscale_2.0x,picsum_477,upscale_2.0x,upscale,borderline,true,false,false,true,true,base,visual_match,true,true,789,1.918,25.480,16173,0.987,2,2,true,0,10,0.094,0.002,526.883,46.349,0.470,87.754,661.675
picsum_478__downscale_256px,picsum_478,downscale_256px,downscale,borderline,true,false,false,false,false,none,no_match,true,false,166,10.486,66.330,16171,0.987,1,1,true,0,46,0.025,0.006,169.545,14.422,0.574,46.044,230.698
picsum_478__noise_sigma10,picsum_478,noise_sigma10,noise_light,high,true,false,false,true,true,base,visual_match,true,true,1669,2.214,9.350,16384,1.000,2,2,true,0,8,0.202,0.003,261.450,37.678,0.394,60.550,360.507
picsum_479__color_invert,picsum_479,color_invert,color_invert,high,false,false,false,false,false,none,prefilter_empty,true,false,0,+Inf,+Inf,0,0.000,0,0,false,-1,118,0.081,0.003,254.236,25.538,0.652,0.003,280.608
picsum_479__heavy_crop_40pct,picsum_479,heavy_crop_40pct,heavy_crop,borderline,false,false,false,false,false,none,no_match,true,false,219,1.903,42.324,5649,0.345,1,1,false,-1,130,0.029,0.003,127.503,12.372,0.411,16.359,156.732
picsum_479__rotate_32deg,picsum_479,rotate_32deg,rotate_small,borderline,true,false,false,false,false,none,prefilter_empty,true,true,898,1.134,13.873,13480,0.823,0,0,false,-1,126,0.069,0.004,210.844,30.436,0.523,0.000,241.959
picsum_47__crop_border_15pct,picsum_47,crop_border_15pct,crop_border,borderline,true,false,false,false,false,none,prefilter_empty,true,true,947,0.778,12.652,7832,0.478,0,0,false,-1,120,0.036,0.003,143.886,16.194,0.506,0.000,160.681
picsum_47__hue_shift_60deg,picsum_47,hue_shift_60deg,hue_shift,borderline,false,false,false,true,true,base,visual_match,true,true,1865,0.339,11.955,16384,1.000,1,1,true,0,2,0.051,0.003,178.896,20.829,0.464,50.310,250.650
picsum_47__sharpen_light,picsum_47,sharpen_light,sharpen,high,true,false,false,true,true,base,visual_match,true,true,1720,1.131,16.792,16384,1.000,1,1,true,0,14,0.057,0.004,189.344,23.852,0.490,52.410,266.249
picsum_480__downscale_0.75x,picsum_480,downscale_0.75x,downscale,borderline,true,false,false,true,true,base,visual_match,true,true,807,2.255,15.344,16384,1.000,1,1,true,0,16,0.031,0.004,158.728,17.170,0.323,39.424,215.744
picsum_480__jpeg_recompress_q90,picsum_480,jpeg_recompress_q90,jpeg_recompress,high,true,false,false,true,true,base,visual_match,true,true,1850,0.668,4.812,16384,1.000,3,3,true,0,2,0.104,0.004,225.717,30.109,0.507,57.910,314.484
picsum_481__brightness_plus10pct,picsum_481,brightness_plus10pct,brightness,borderline,true,false,false,true,true,base,visual_match,true,true,1675,0.756,8.494,16384,1.000,1,1,true,0,4,0.054,0.004,291.955,40.536,0.925,69.915,403.491
picsum_481__format_change_tiff,picsum_481,format_change_tiff,format_change,borderline,true,false,false,true,true,base,visual_match,true,true,1789,0.384,0.866,16384,1.000,1,1,true,0,0,0.296,0.003,207.938,31.618,0.546,82.476,323.171
picsum_481__rotate_180,picsum_481,rotate_180,rotate_cardinal,borderline,true,false,false,true,true,base,visual_match,true,true,1647,1.329,17.341,16198,0.989,2,2,true,0,2,0.048,0.003,251.164,26.078,0.584,58.944,336.897
picsum_482__content_overlay_30pct,picsum_482,content_overlay_30pct,content_overlay,high,false,false,false,false,false,none,no_match,true,false,1578,24.935,177.287,16384,1.000,2,2,true,0,48,0.097,0.003,250.581,29.647,0.485,116.268,397.205
picsum_482__hue_shift_180deg,picsum_482,hue_shift_180deg,hue_shift,borderline,false,false,false,false,false,none,no_match,true,false,1238,18.841,78.290,16384,1.000,1,1,true,0,8,0.098,0.002,272.140,37.832,0.538,59.852,370.576
picsum_482__saturation_boost_2.0x,picsum_482,saturation_boost_2.0x,saturation_boost,borderline,false,false,false,false,false,none,no_match,true,false,1241,11.239,41.118,16384,1.000,1,1,true,0,20,0.098,0.002,244.037,29.264,0.368,61.314,335.179
picsum_483__downscale_0.33x,picsum_483,downscale_0.33x,downscale,borderline,true,false,false,false,false,none,no_match,true,false,237,6.530,81.302,16138,0.985,1,1,true,0,16,0.017,0.003,135.541,11.367,0.511,37.176,184.655
picsum_483__jpeg_recompress_q50,picsum_483,jpeg_recompress_q50,jpeg_recompress,high,true,false,false,true,true,base,visual_match,true,true,1714,1.804,9.153,16384,1.000,2,2,true,0,6,0.055,0.003,181.484,26.687,0.406,47.003,255.753
picsum_484__brightness_minus10pct,picsum_484,brightness_minus10pct,brightness,borderline,true,false,false,true,true,base,visual_match,true,true,1624,3.758,23.562,16384,1.000,1,1,true,0,12,0.079,0.002,175.537,22.321,0.412,46.343,244.803
picsum_484__format_change_gif,picsum_484,format_change_gif,format_change,borderline,true,false,false,true,true,base,visual_match,true,true,2000,0.469,0.866,16384,1.000,1,1,true,0,0,0.530,0.002,158.788,27.331,0.438,59.843,247.362
picsum_484__p3_as_srgb_q70,picsum_484,p3_as_srgb_q70,p3_as_srgb,borderline,true,false,false,true,true,base,visual_match,true,true,1806,6.526,13.162,16384,1.000,1,1,true,0,8,0.088,0.003,251.597,28.446,0.346,52.618,333.196
picsum_485__content_overlay_15pct,picsum_485,content_overlay_15pct,content_overlay,high,false,false,false,false,false,none,no_match,true,false,1741,21.620,146.053,16384,1.000,1,1,true,0,48,0.095,0.003,196.820,24.927,0.451,43.155,265.564
picsum_485__heavy_crop_60pct,picsum_485,heavy_crop_60pct,heavy_crop,high,false,false,false,false,false,none,prefilter_empty,true,false,13,45.555,171.178,16384,1.000,0,0,false,-1,122,0.010,0.002,135.640,11.771,0.550,0.001,148.002
picsum_485__rotate_90,picsum_485,rotate_90,rotate_cardinal,borderline,true,false,false,true,true,base,visual_match,true,true,1784,1.895,33.112,16290,0.994,1,1,true,0,2,0.118,0.003,238.305,33.379,0.558,57.381,329.856
picsum_486__crop_border_5pct,picsum_486,crop_border_5pct,crop_border,borderline,true,false,false,true,true,base,visual_match,true,true,1283,0.634,11.875,12996,0.793,2,2,true,0,58,0.049,0.002,237.392,32.894,0.561,54.011,324.979
picsum_486__jpeg_recompress_q20,picsum_486,jpeg_recompress_q20,jpeg_recompress,high,true,false,false,true,true,base,visual_match,true,true,1462,1.480,13.201,16384,1.000,2,2,true,0,6,0.024,0.003,239.080,24.557,0.571,53.014,317.302
picsum_486__upscale_2.0x,picsum_486,upscale_2.0x,upscale,borderline,true,false,false,false,false,none,no_match,true,false,687,1.154,51.965,16235,0.991,2,2,true,0,6,0.064,0.004,380.555,34.341,0.480,102.160,517.696
picsum_487__downscale_256px,picsum_487,downscale_256px,downscale,borderline,true,false,false,false,false,none,no_match,true,false,191,6.464,58.725,16143,0.985,2,2,true,0,36,0.040,0.002,115.934,9.120,0.295,56.374,181.795
picsum_487__noise_sigma10,picsum_487,noise_sigma10,noise_light,high,true,false,false,true,true,base,visual_match,true,true,1631,2.054,8.105,16384,1.000,1,1,true,0,16,0.123,0.002,176.265,23.240,0.424,57.751,257.932
picsum_488__color_invert,picsum_488,color_invert,color_invert,high,false,false,false,false,false,none,no_match,true,false,4,83.077,294.671,15471,0.944,1,1,false,-1,134,0.129,0.003,218.750,27.690,0.383,25.302,272.401
picsum_488__heavy_crop_40pct,picsum_488,heavy_crop_40pct,heavy_crop,borderline,false,false,false,false,false,none,prefilter_empty,true,false,1272,1.931,13.296,5776,0.353,0,0,false,-1,106,0.056,0.003,206.891,22.162,0.466,0.000,229.651
picsum_488__rotate_32deg,picsum_488,rotate_32deg,rotate_small,borderline,true,false,false,true,true,base,visual_match,true,true,1350,1.377,19.442,13467,0.822,3,3,true,0,84,0.089,0.003,292.153,28.124,0.446,57.534,378.490
picsum_48__crop_border_15pct,picsum_48,crop_border_15pct,crop_border,borderline,true,false,false,false,false,none,prefilter_empty,true,true,218,0.913,18.780,7849,0.479,0,0,false,-1,114,0.064,0.006,190.483,16.673,0.502,0.000,207.789
picsum_48__hue_shift_60deg,picsum_48,hue_shift_60deg,hue_shift,borderline,false,false,false,false,false,none,no_match,true,false,405,26.579,70.616,16340,0.997,1,1,true,0,20,0.042,0.003,219.101,24.488,0.655,41.106,285.460
picsum_48__sharpen_light,picsum_48,sharpen_light,sharpen,high,true,false,false,true,true,base,visual_match,true,true,544,0.692,12.359,16384,1.000,1,1,true,0,6,0.031,0.003,181.798,17.647,0.429,35.355,235.330
picsum_490__downscale_0.75x,picsum_490,downscale_0.75x,downscale,borderline,true,false,false,true,true,base,visual_match,true,true,714,2.097,23.439,16236,0.991,1,1,true,0,22,0.060,0.003,193.391,19.574,0.485,49.685,263.269
picsum_490__jpeg_recompress_q90,picsum_490,jpeg_recompress_q90,jpeg_recompress,high,true,false,false,true,true,base,visual_match,true,true,1872,0.606,3.425,16384,1.000,1,1,true,0,8,0.084,0.003,223.892,38.390,0.701,62.371,325.563
picsum_491__brightness_plus10pct,picsum_491,brightness_plus10pct,brightness,borderline,true,false,false,true,true,base,visual_match,true,true,1824,1.150,14.432,16384,1.000,1,1,true,0,2,0.081,0.003,241.452,28.906,0.556,65.598,336.732
picsum_491__format_change_tiff,picsum_491,format_change_tiff,format_change,borderline,true,false,false,true,true,base,visual_match,true,true,2000,0.460,0.847,16384,1.000,2,2,true,0,0,0.662,0.003,206.175,34.440,0.447,61.932,304.335
picsum_491__rotate_180,picsum_491,rotate_180,rotate_cardinal,borderline,true,false,false,false,false,none,no_match,true,false,1773,1.911,39.043,16256,0.992,2,2,true,0,0,0.088,0.003,281.623,30.089,0.418,97.625,409.965
picsum_492__content_overlay_30pct,picsum_492,content_overlay_30pct,content_overlay,high,false,false,false,false,false,none,no_match,true,false,1382,27.588,173.993,16384,1.000,2,2,true,0,42,0.071,0.003,182.637,25.749,0.557,74.856,284.040
picsum_492__hue_shift_180deg,picsum_492,hue_shift_180deg,hue_shift,borderline,false,false,false,false,false,none,no_match,true,false,1194,37.147,155.474,16384,1.000,3,3,true,0,30,0.064,0.002,184.893,27.016,0.529,124.153,336.739
picsum_492__saturation_boost_2.0x,picsum_492,saturation_boost_2.0x,saturation_boost,borderline,false,false,false,false,false,none,no_match,true,false,1637,8.449,43.130,16384,1.000,3,3,true,0,2,0.071,0.003,206.771,25.386,0.505,142.798,375.672
picsum_493__downscale_0.33x,picsum_493,downscale_0.33x,downscale,borderline,true,false,false,false,false,none,no_match,true,false,215,3.670,61.425,16175,0.987,1,1,true,0,12,0.014,0.002,115.982,10.035,0.328,28.878,155.268
picsum_493__jpeg_recompress_q50,picsum_493,jpeg_recompress_q50,jpeg_recompress,high,true,false,false,true,true,base,visual_match,true,true,1593,1.441,27.189,16384,1.000,1,1,true,0,2,0.028,0.024,179.309,20.234,0.321,45.484,245.452
picsum_494__brightness_minus10pct,picsum_494,brightness_minus10pct,brightness,borderline,true,false,false,true,true,base,visual_match,true,true,1849,1.014,4.430,16384,1.000,2,2,true,0,6,0.049,0.003,180.011,23.049,0.516,51.996,255.730
picsum_494__format_change_gif,picsum_494,format_change_gif,format_change,borderline,true,false,false,true,true,base,visual_match,true,true,2000,0.340,0.866,16384,1.000,2,2,true,0,0,0.313,0.002,157.907,25.819,0.606,52.884,237.813
picsum_494__p3_as_srgb_q70,picsum_494,p3_as_srgb_q70,p3_as_srgb,borderline,true,false,false,true,true,base,visual_match,true,true,1805,2.854,12.427,16384,1.000,2,2,true,0,8,0.042,0.003,174.367,18.870,0.520,40.597,234.496
picsum_495__content_overlay_15pct,picsum_495,content_overlay_15pct,content_overlay,high,false,false,false,false,false,none,no_match,true,false,1376,26.954,189.566,16384,1.000,1,1,true,0,34,0.038,0.004,195.293,22.133,0.487,45.112,263.150
picsum_495__heavy_crop_60pct,picsum_495,heavy_crop_60pct,heavy_crop,high,false,false,false,false,false,none,prefilter_empty,true,false,296,1.002,8.668,2500,0.153,0,0,false,-1,126,0.017,0.003,113.078,11.058,0.504,0.000,124.703
picsum_495__rotate_90,picsum_495,rotate_90,rotate_cardinal,borderline,true,false,false,false,false,none,no_match,true,false,1786,1.606,45.678,16256,0.992,1,1,true,0,0,0.044,0.003,175.572,19.814,0.466,46.345,242.328
picsum_496__crop_border_5pct,picsum_496,crop_border_5pct,crop_border,borderline,true,false,false,false,false,none,no_match,true,false,431,2.046,49.076,11562,0.706,2,2,false,-1,116,0.023,0.002,158.445,16.990,0.425,13.714,189.633
picsum_496__jpeg_recompress_q20,picsum_496,jpeg_recompress_q20,jpeg_recompress,high,true,false,false,true,true,base,visual_match,true,true,907,2.813,13.235,16152,0.986,2,2,true,0,16,0.027,0.003,242.365,26.834,0.511,41.525,311.330
picsum_496__upscale_2.0x,picsum_496,upscale_2.0x,upscale,borderline,true,false,false,false,false,none,no_match,true,false,640,2.790,60.118,13646,0.833,2,2,true,0,16,0.066,0.003,532.335,56.158,0.544,82.705,671.902
picsum_497__downscale_256px,picsum_497,downscale_256px,downscale,borderline,true,false,false,true,true,base,visual_match,true,true,31,0.739,26.208,16152,0.986,1,1,true,0,22,0.014,0.003,157.946,10.217,0.536,26.868,195.616
picsum_497__noise_sigma10,picsum_497,noise_sigma10,noise_light,high,true,false,false,true,true,base,visual_match,true,true,89,1.815,11.659,16382,1.000,1,1,true,0,34,0.141,0.003,253.665,23.647,0.350,31.710,309.707
picsum_498__color_invert,picsum_498,color_invert,color_invert,high,false,false,false,false,false,none,prefilter_empty,true,false,0,+Inf,+Inf,0,0.000,0,0,false,-1,126,0.197,0.004,271.776,46.723,0.481,0.000,319.390
picsum_498__heavy_crop_40pct,picsum_498,heavy_crop_40pct,heavy_crop,borderline,false,false,false,false,false,none,prefilter_empty,true,false,508,2.266,19.773,5776,0.353,0,0,false,-1,116,0.073,0.003,141.339,19.148,0.443,0.000,161.108
picsum_498__rotate_32deg,picsum_498,rotate_32deg,rotate_small,borderline,true,false,false,false,false,none,prefilter_empty,true,true,1010,2.776,24.227,13452,0.821,0,0,false,-1,120,0.155,0.002,236.741,42.106,0.466,0.000,279.689
picsum_499__crop_border_15pct,picsum_499,crop_border_15pct,crop_border,borderline,true,false,false,false,false,none,prefilter_empty,true,false,118,10.196,133.400,5222,0.319,0,0,false,-1,114,0.029,0.003,194.985,15.384,0.537,0.001,210.994
picsum_499__hue_shift_60deg,picsum_499,hue_shift_60deg,hue_shift,borderline,false,false,false,false,false,none,no_match,true,false,1277,22.250,102.907,16384,1.000,3,3,true,0,18,0.048,0.003,241.148,23.365,0.488,114.608,379.782
picsum_499__sharpen_light,picsum_499,sharpen_light,sharpen,high,true,false,false,true,true,base,visual_match,true,true,1367,0.931,15.905,16384,1.000,2,2,true,0,6,0.040,0.002,235.456,24.960,0.488,51.609,312.613
picsum_49__downscale_0.75x,picsum_49,downscale_0.75x,downscale,borderline,true,false,false,true,true,base,visual_match,true,true,734,1.766,28.260,16325,0.996,1,1,true,0,28,0.035,0.005,195.155,23.108,0.523,62.259,281.181
picsum_49__jpeg_recompress_q90,picsum_49,jpeg_recompress_q90,jpeg_recompress,high,true,false,false,true,true,base,visual_match,true,true,1912,0.439,2.709,16384,1.000,1,1,true,0,2,0.074,0.003,244.469,28.835,0.480,61.630,335.604
picsum_4__brightness_plus10pct,picsum_4,brightness_plus10pct,brightness,borderline,true,false,false,true,true,base,visual_match,true,true,1002,1.355,17.773,16384,1.000,2,2,true,0,2,0.086,0.003,253.527,23.916,0.387,40.028,318.032
picsum_4__format_change_tiff,picsum_4,format_change_tiff,format_change,borderline,true,false,false,true,true,base,visual_match,true,true,1163,0.422,0.866,16384,1.000,2,2,true,0,0,0.460,0.002,213.059,28.517,0.562,46.511,289.467
picsum_4__rotate_180,picsum_4,rotate_180,rotate_cardinal,borderline,true,false,false,false,false,none,no_match,true,false,1013,2.591,69.989,16018,0.978,2,2,true,0,2,0.060,0.004,275.443,33.392,0.546,86.190,395.738
picsum_500__content_overlay_30pct,picsum_500,content_overlay_30pct,content_overlay,high,false,false,false,false,false,none,no_match,true,false,232,21.151,133.755,16342,0.997,3,3,true,0,68,0.033,0.003,244.608,21.178,0.687,49.813,316.410
picsum_500__hue_shift_180deg,picsum_500,hue_shift_180deg,hue_shift,borderline,false,false,false,false,false,none,no_match,true,false,146,31.487,55.510,16102,0.983,1,1,true,0,24,0.036,0.003,254.531,21.656,0.655,36.631,313.603
picsum_500__saturation_boost_2.0x,picsum_500,saturation_boost_2.0x,saturation_boost,borderline,false,false,false,false,false,none,no_match,true,false,140,18.248,29.274,16156,0.986,3,3,true,0,22,0.034,0.004,194.926,15.944,0.374,61.727,273.075
picsum_501__downscale_0.33x,picsum_501,downscale_0.33x,downscale,borderline,true,false,false,false,false,none,no_match,true,false,38,11.420,129.122,11866,0.724,2,2,true,0,42,0.014,0.002,112.420,7.628,0.544,43.904,164.538
picsum_501__jpeg_recompress_q50,picsum_501,jpeg_recompress_q50,jpeg_recompress,high,true,false,false,true,true,base,visual_match,true,true,1020,1.732,13.080,16362,0.999,3,3,true,0,12,0.038,0.002,240.472,25.899,0.492,48.668,315.621
picsum_502__brightness_minus10pct,picsum_502,brightness_minus10pct,brightness,borderline,true,false,false,false,false,none,no_match,true,false,1681,10.035,18.982,16384,1.000,2,2,true,0,14,0.146,0.003,293.905,42.909,0.345,78.690,416.135
picsum_502__format_change_gif,picsum_502,format_change_gif,format_change,borderline,true,false,false,true,true,base,visual_match,true,true,2000,0.427,0.866,16384,1.000,1,1,true,0,2,0.858,0.003,210.332,44.151,0.471,56.417,312.991
picsum_502__p3_as_srgb_q70,picsum_502,p3_as_srgb_q70,p3_as_srgb,borderline,true,false,false,true,true,base,visual_match,true,true,1817,2.911,12.865,16384,1.000,2,2,true,0,8,0.123,0.006,248.914,39.564,0.382,66.354,355.481
picsum_503__content_overlay_15pct,picsum_503,content_overlay_15pct,content_overlay,high,false,false,false,false,false,none,no_match,true,false,1679,19.337,184.710,16384,1.000,1,1,true,0,44,0.081,0.004,240.992,29.593,0.556,64.450,335.773
picsum_503__heavy_crop_60pct,picsum_503,heavy_crop_60pct,heavy_crop,high,false,false,false,false,false,none,prefilter_empty,true,false,381,1.797,9.946,2500,0.153,0,0,false,-1,122,0.029,0.005,180.730,14.390,0.458,0.000,195.672
picsum_503__rotate_90,picsum_503,rotate_90,rotate_cardinal,borderline,true,false,false,false,false,none,no_match,true,false,1797,2.656,78.208,16240,0.991,1,1,true,0,2,0.099,0.005,277.718,34.668,0.576,60.239,373.420
picsum_504__crop_border_5pct,picsum_504,crop_border_5pct,crop_border,borderline,true,false,false,true,true,base,visual_match,true,true,511,0.939,16.724,13062,0.797,1,1,true,0,94,0.053,0.003,223.590,21.769,0.498,35.831,281.844
picsum_504__jpeg_recompress_q20,picsum_504,jpeg_recompress_q20,jpeg_recompress,high,true,false,false,true,true,base,visual_match,true,true,523,2.489,12.679,16384,1.000,2,2,true,0,4,0.071,0.003,258.734,27.888,0.554,39.998,327.310
picsum_504__upscale_2.0x,picsum_504,upscale_2.0x,upscale,borderline,true,false,false,false,false,none,no_match,true,false,304,1.708,74.551,16178,0.987,2,2,true,0,2,0.107,0.004,525.612,46.872,0.532,108.517,681.727
picsum_505__downscale_256px,picsum_505,downscale_256px,downscale,borderline,true,false,false,false,false,none,no_match,true,false,59,18.443,131.549,14107,0.861,5,5,true,0,30,0.015,0.006,155.766,11.338,0.589,150.520,318.265
picsum_505__noise_sigma10,picsum_505,noise_sigma10,noise_light,high,true,false,false,true,true,base,visual_match,true,true,418,2.108,19.739,16370,0.999,1,1,true,0,38,0.131,0.002,260.197,25.197,0.601,41.195,327.497
picsum_506__color_invert,picsum_506,color_invert,color_invert,high,false,false,false,false,false,none,no_match,true,false,4,85.619,254.581,15769,0.962,2,2,false,-1,112,0.125,0.003,213.374,27.509,0.339,62.962,304.422
picsum_506__heavy_crop_40pct,picsum_506,heavy_crop_40pct,heavy_crop,borderline,false,false,false,false,false,none,no_match,true,false,483,1.487,11.732,5776,0.353,1,1,false,-1,126,0.036,0.006,132.268,15.820,0.499,9.632,158.345
picsum_506__rotate_32deg,picsum_506,rotate_32deg,rotate_small,borderline,true,false,false,false,false,none,no_match,true,true,989,1.638,17.855,13459,0.821,1,1,false,-1,118,0.088,0.003,172.083,24.974,0.546,43.026,240.831
picsum_507__crop_border_15pct,picsum_507,crop_border_15pct,crop_border,borderline,true,false,false,false,false,none,prefilter_empty,true,true,179,1.884,27.553,7921,0.483,0,0,false,-1,110,0.038,0.003,143.764,14.484,0.312,0.000,158.664
picsum_507__hue_shift_60deg,picsum_507,hue_shift_60deg,hue_shift,borderline,false,false,false,false,false,none,no_match,true,false,1429,24.676,77.998,16384,1.000,1,1,true,0,14,0.068,0.003,186.732,28.297,0.526,48.896,264.605
picsum_507__sharpen_light,picsum_507,sharpen_light,sharpen,high,true,false,false,true,true,base,visual_match,true,true,1682,1.510,21.298,16368,0.999,1,1,true,0,12,0.073,0.003,175.905,26.684,0.503,55.370,258.685
picsum_508__downscale_0.75x,picsum_508,downscale_0.75x,downscale,borderline,true,false,false,true,true,base,visual_match,true,true,69,1.821,19.331,16127,0.984,2,2,true,0,18,0.032,0.003,151.928,17.058,0.432,24.883,194.430
picsum_508__jpeg_recompress_q90,picsum_508,jpeg_recompress_q90,jpeg_recompress,high,true,false,false,true,true,base,visual_match,true,true,221,0.580,2.322,16384,1.000,3,3,true,0,2,0.063,0.002,187.792,45.993,0.527,52.974,287.467
picsum_509__brightness_plus10pct,picsum_509,brightness_plus10pct,brightness,borderline,true,false,false,true,true,base,visual_match,true,true,1715,2.736,22.458,16384,1.000,1,1,true,0,4,0.110,0.006,241.913,28.211,0.471,51.231,322.089
picsum_509__format_change_tiff,picsum_509,format_change_tiff,format_change,borderline,true,false,false,true,true,base,visual_match,true,true,1930,0.453,0.847,16384,1.000,1,1,true,0,2,0.707,0.003,211.968,30.602,0.407,67.264,311.721
picsum_509__rotate_180,picsum_509,rotate_180,rotate_cardinal,borderline,true,false,false,true,true,base,visual_match,true,true,1597,2.319,35.512,16237,0.991,1,1,true,0,4,0.107,0.003,225.470,31.791,0.502,51.077,309.069
picsum_50__content_overlay_30pct,picsum_50,content_overlay_30pct,content_overlay,high,false,false,false,false,false,none,no_match,true,false,1058,27.257,155.857,16384,1.000,2,2,true,0,50,0.109,0.003,210.363,22.375,0.560,74.899,308.417
picsum_50__hue_shift_180deg,picsum_50,hue_shift_180deg,hue_shift,borderline,false,false,false,false,false,none,no_match,true,false,1321,30.746,128.771,16271,0.993,2,2,true,0,8,0.145,0.004,281.185,32.558,0.574,92.964,407.547
picsum_50__saturation_boost_2.0x,picsum_50,saturation_boost_2.0x,saturation_boost,borderline,false,false,false,false,false,none,no_match,true,false,1415,13.786,51.576,16384,1.000,2,2,true,0,10,0.091,0.002,230.366,28.229,0.525,111.086,370.391
picsum_510__downscale_0.33x,picsum_510,downscale_0.33x,downscale,borderline,true,false,false,false,false,none,no_match,true,false,83,3.157,57.141,15742,0.961,1,1,true,0,30,0.013,0.003,162.958,10.678,0.553,27.855,202.093
picsum_510__jpeg_recompress_q50,picsum_510,jpeg_recompress_q50,jpeg_recompress,high,true,false,false,true,true,base,visual_match,true,true,1287,1.058,13.024,16384,1.000,1,1,true,0,12,0.038,0.004,243.998,27.064,0.641,59.659,331.498
picsum_511__brightness_minus10pct,picsum_511,brightness_minus10pct,brightness,borderline,true,false,false,true,true,base,visual_match,true,true,1793,3.088,23.266,16384,1.000,2,2,true,0,8,0.142,0.014,254.332,35.019,0.574,59.613,349.842
picsum_511__format_change_gif,picsum_511,format_change_gif,format_change,borderline,true,false,false,true,true,base,visual_match,true,true,2000,0.418,0.866,16384,1.000,1,1,true,0,4,0.708,0.006,163.672,29.895,0.300,42.114,237.494
picsum_511__p3_as_srgb_q70,picsum_511,p3_as_srgb_q70,p3_as_srgb,borderline,true,false,false,true,true,base,visual_match,true,true,1822,6.150,12.467,16384,1.000,1,1,true,0,4,0.082,0.002,177.763,29.163,0.458,49.618,257.214
picsum_512__content_overlay_15pct,picsum_512,content_overlay_15pct,content_overlay,high,false,false,false,false,false,none,no_match,true,false,1554,20.408,163.360,16384,1.000,1,1,true,0,66,0.035,0.003,173.867,20.155,0.463,48.995,243.599
picsum_512__heavy_crop_60pct,picsum_512,heavy_crop_60pct,heavy_crop,high,false,false,false,false,false,none,prefilter_empty,true,false,197,0.769,10.903,2500,0.153,0,0,false,-1,120,0.015,0.004,160.925,11.483,0.347,0.000,172.838
picsum_512__rotate_90,picsum_512,rotate_90,rotate_cardinal,borderline,true,false,false,false,false,none,no_match,true,false,1769,1.318,53.380,16384,1.000,2,2,true,0,2,0.073,0.002,267.724,27.846,0.556,84.263,380.537
picsum_513__crop_border_5pct,picsum_513,crop_border_5pct,crop_border,borderline,true,false,false,true,true,base,visual_match,true,true,1322,1.386,13.215,12996,0.793,1,1,true,0,80,0.087,0.004,225.109,30.456,0.414,58.335,314.518
picsum_513__jpeg_recompress_q20,picsum_513,jpeg_recompress_q20,jpeg_recompress,high,true,false,false,true,true,base,visual_match,true,true,1642,3.427,20.868,16384,1.000,1,1,true,0,10,0.033,0.003,209.013,28.047,0.492,47.660,285.308
picsum_513__upscale_2.0x,picsum_513,upscale_2.0x,upscale,borderline,true,false,false,true,true,base,visual_match,true,true,895,1.905,22.808,16384,1.000,1,1,true,0,6,0.143,0.002,536.207,57.551,0.476,87.090,681.612
picsum_514__downscale_256px,picsum_514,downscale_256px,downscale,borderline,true,false,false,false,false,none,no_match,true,false,172,6.571,82.425,16227,0.990,1,1,true,0,24,0.020,0.003,165.426,18.740,0.699,38.421,223.352
picsum_514__noise_sigma10,picsum_514,noise_sigma10,noise_light,high,true,false,false,true,true,base,visual_match,true,true,1796,1.912,7.144,16384,1.000,1,1,true,0,6,0.173,0.004,251.944,33.974,0.584,64.533,351.508
picsum_515__color_invert,picsum_515,color_invert,color_invert,high,false,false,false,false,false,none,prefilter_empty,true,false,0,+Inf,+Inf,0,0.000,0,0,false,-1,118,0.102,0.005,254.933,30.329,0.450,0.002,285.912
picsum_515__heavy_crop_40pct,picsum_515,heavy_crop_40pct,heavy_crop,borderline,false,false,false,false,false,none,prefilter_empty,true,false,989,1.222,16.066,5776,0.353,0,0,false,-1,132,0.043,0.003,184.385,21.451,0.522,0.000,206.470
picsum_515__rotate_32deg,picsum_515,rotate_32deg,rotate_small,borderline,true,false,false,false,false,none,no_match,true,true,1138,1.460,20.770,13473,0.822,1,1,false,-1,114,0.092,0.006,243.143,40.631,0.678,38.512,323.182
picsum_516__crop_border_15pct,picsum_516,crop_border_15pct,crop_border,borderline,true,false,false,false,false,none,prefilter_empty,true,true,976,1.495,13.253,7832,0.478,0,0,false,-1,120,0.056,0.003,200.355,27.328,0.615,0.001,228.453
picsum_516__hue_shift_60deg,picsum_516,hue_shift_60deg,hue_shift,borderline,false,false,false,false,false,none,no_match,true,false,1721,16.349,48.260,16384,1.000,2,2,true,0,8,0.083,0.002,255.540,29.443,0.532,122.806,408.490
picsum_516__sharpen_light,picsum_516,sharpen_light,sharpen,high,true,false,false,true,true,base,visual_match,true,true,1688,1.529,16.647,16384,1.000,2,2,true,0,6,0.088,0.003,275.443,27.822,0.349,62.055,365.867
picsum_517__downscale_0.75x,picsum_517,downscale_0.75x,downscale,borderline,true,false,false,false,false,none,no_match,true,false,740,2.403,41.292,16312,0.996,2,2,true,0,16,0.039,0.003,199.139,21.829,0.346,99.169,320.608
picsum_517__jpeg_recompress_q90,picsum_517,jpeg_recompress_q90,jpeg_recompress,high,true,false,false,true,true,base,visual_match,true,true,1926,0.645,7.607,16384,1.000,1,1,true,0,2,0.082,0.003,237.372,30.946,0.509,56.732,325.742
picsum_518__brightness_plus10pct,picsum_518,brightness_plus10pct,brightness,borderline,true,false,false,true,true,base,visual_match,true,true,1608,1.652,24.864,16384,1.000,1,1,true,0,4,0.169,0.003,304.802,40.755,0.517,60.307,406.730
picsum_518__format_change_tiff,picsum_518,format_change_tiff,format_change,borderline,true,false,false,true,true,base,visual_match,true,true,2000,0.480,0.866,16384,1.000,1,1,true,0,2,1.063,0.003,225.084,42.892,0.488,64.287,334.860
picsum_518__rotate_180,picsum_518,rotate_180,rotate_cardinal,borderline,true,false,false,false,false,none,no_match,true,false,1774,4.612,49.547,16256,0.992,1,1,true,0,4,0.180,0.004,242.295,34.047,0.450,53.924,331.064
picsum_519__content_overlay_30pct,picsum_519,content_overlay_30pct,content_overlay,high,false,false,false,false,false,none,no_match,true,false,1635,22.789,147.915,16384,1.000,1,1,true,0,42,0.052,0.003,178.150,21.425,0.415,42.385,242.500
picsum_519__hue_shift_180deg,picsum_519,hue_shift_180deg,hue_shift,borderline,false,false,false,false,false,none,no_match,true,false,1085,30.157,125.343,16384,1.000,1,1,true,0,8,0.056,0.003,174.649,18.280,0.303,36.626,229.997
picsum_519__saturation_boost_2.0x,picsum_519,saturation_boost_2.0x,saturation_boost,borderline,false,false,false,false,false,none,no_match,true,false,1096,14.123,50.059,16384,1.000,1,1,true,0,20,0.056,0.003,220.543,25.714,0.417,57.035,303.834
picsum_51__downscale_0.33x,picsum_51,downscale_0.33x,downscale,borderline,true,false,false,false,false,none,no_match,true,false,45,5.830,70.435,16233,0.991,1,1,true,0,36,0.015,0.003,154.800,12.406,0.601,31.106,198.978
picsum_51__jpeg_recompress_q50,picsum_51,jpeg_recompress_q50,jpeg_recompress,high,true,false,false,true,true,base,visual_match,true,true,1267,0.803,11.935,16384,1.000,2,2,true,0,18,0.080,0.002,245.040,29.120,0.524,49.543,324.374
picsum_520__brightness_minus10pct,picsum_520,brightness_minus10pct,brightness,borderline,true,false,false,true,true,base,visual_match,true,true,1709,6.404,26.731,16384,1.000,1,1,true,0,8,0.098,0.002,195.670,23.447,0.388,45.237,264.983
picsum_520__format_change_gif,picsum_520,format_change_gif,format_change,borderline,true,false,false,true,true,base,visual_match,true,true,2000,0.450,0.866,16384,1.000,1,1,true,0,0,0.644,0.003,159.669,29.226,0.452,46.027,236.573
picsum_520__p3_as_srgb_q70,picsum_520,p3_as_srgb_q70,p3_as_srgb,borderline,true,false,false,true,true,base,visual_match,true,true,1816,5.813,13.589,16384,1.000,1,1,true,0,4,0.070,0.003,175.191,25.692,0.434,45.854,247.371
picsum_521__content_overlay_15pct,picsum_521,content_overlay_15pct,content_overlay,high,false,false,false,false,false,none,no_match,true,false,1824,19.786,149.883,16384,1.000,1,1,true,0,30,0.075,0.003,233.782,30.146,0.513,57.548,322.177
picsum_521__heavy_crop_60pct,picsum_521,heavy_crop_60pct,heavy_crop,high,false,false,false,false,false,none,prefilter_empty,true,false,417,1.118,5.435,2500,0.153,0,0,false,-1,124,0.029,0.003,159.612,13.871,0.495,0.000,174.107
picsum_521__rotate_90,picsum_521,rotate_90,rotate_cardinal,borderline,true,false,false,true,true,base,visual_match,true,true,1884,3.136,34.863,16212,0.990,2,2,true,0,0,0.092,0.003,250.070,31.012,0.554,60.094,341.951
picsum_522__crop_border_5pct,picsum_522,crop_border_5pct,crop_border,borderline,true,false,false,true,true,base,visual_match,true,true,1267,1.807,34.361,13026,0.795,1,1,true,0,96,0.110,0.004,220.962,31.100,0.500,52.277,305.101
picsum_522__jpeg_recompress_q20,picsum_522,jpeg_recompress_q20,jpeg_recompress,high,true,false,false,true,true,base,visual_match,true,true,1477,3.813,16.492,16384,1.000,1,1,true,0,24,0.033,0.005,172.928,26.619,0.533,61.705,261.897
picsum_522__upscale_2.0x,picsum_522,upscale_2.0x,upscale,borderline,true,false,false,false,false,none,no_match,true,false,734,2.688,43.700,16246,0.992,1,1,true,0,14,0.199,0.004,543.284,54.066,0.513,96.356,694.621
picsum_523__downscale_256px,picsum_523,downscale_256px,downscale,borderline,true,false,false,true,true,base,visual_match,true,true,119,3.704,35.428,15843,0.967,1,1,true,0,36,0.016,0.002,149.183,10.298,0.616,29.282,189.455
picsum_523__noise_sigma10,picsum_523,noise_sigma10,noise_light,high,true,false,false,true,true,base,visual_match,true,true,1366,1.937,7.724,16384,1.000,1,1,true,0,32,0.151,0.003,189.807,21.551,0.472,46.787,258.935
picsum_524__color_invert,picsum_524,color_invert,color_invert,high,false,false,false,false,false,none,prefilter_empty,true,false,5,122.663,243.459,11453,0.699,0,0,false,-1,130,0.052,0.002,174.854,21.667,0.455,0.000,197.110
picsum_524__heavy_crop_40pct,picsum_524,heavy_crop_40pct,heavy_crop,borderline,false,false,false,false,false,none,no_match,true,false,814,1.763,38.546,5776,0.353,2,2,true,0,68,0.034,0.003,129.548,15.768,0.443,78.101,223.956
picsum_524__rotate_32deg,picsum_524,rotate_32deg,rotate_small,borderline,true,false,false,false,false,none,no_match,true,false,1009,1.705,40.812,13447,0.821,1,1,false,-1,110,0.089,0.003,220.455,27.629,0.486,12.879,261.699
picsum_525__crop_border_15pct,picsum_525,crop_border_15pct,crop_border,borderline,true,false,false,false,false,none,no_match,true,false,26,3.298,102.987,6832,0.417,1,1,true,0,96,0.020,0.002,203.696,21.307,0.502,25.395,250.976
picsum_525__hue_shift_60deg,picsum_525,hue_shift_60deg,hue_shift,borderline,false,false,false,false,false,none,no_match,true,false,117,56.185,124.328,15333,0.936,2,2,true,0,26,0.034,0.003,250.797,19.774,0.421,44.063,315.140
picsum_525__sharpen_light,picsum_525,sharpen_light,sharpen,high,true,false,false,true,true,base,visual_match,true,true,309,0.618,15.105,16350,0.998,2,2,true,0,4,0.034,0.002,208.934,18.686,0.635,30.913,259.258
picsum_526__downscale_0.75x,picsum_526,downscale_0.75x,downscale,borderline,true,false,false,true,true,base,visual_match,true,true,783,2.394,15.918,16384,1.000,1,1,true,0,12,0.069,0.004,210.414,21.833,0.504,44.183,277.067
picsum_526__jpeg_recompress_q90,picsum_526,jpeg_recompress_q90,jpeg_recompress,high,true,false,false,true,true,base,visual_match,true,true,1920,0.707,5.960,16384,1.000,1,1,true,0,2,0.109,0.003,235.521,27.802,0.356,56.321,320.230
picsum_527__brightness_plus10pct,picsum_527,brightness_plus10pct,brightness,borderline,true,false,false,true,true,base,visual_match,true,true,1708,1.602,21.447,16384,1.000,3,3,true,0,6,0.060,0.002,243.916,29.314,0.516,59.123,333.036
picsum_527__format_change_tiff,picsum_527,format_change_tiff,format_change,borderline,true,false,false,true,true,base,visual_match,true,true,2000,0.422,0.866,16384,1.000,3,3,true,0,2,0.722,0.004,268.185,31.369,0.656,61.584,363.067
picsum_527__rotate_180,picsum_527,rotate_180,rotate_cardinal,borderline,true,false,false,false,false,none,no_match,true,false,1658,2.864,66.191,16278,0.994,3,3,true,0,2,0.051,0.003,173.964,19.432,0.321,149.827,343.674
picsum_528__content_overlay_30pct,picsum_528,content_overlay_30pct,content_overlay,high,false,false,false,false,false,none,no_match,true,false,1035,27.116,187.023,16384,1.000,1,1,true,0,40,0.052,0.006,175.649,24.541,0.460,53.824,254.642
picsum_528__hue_shift_180deg,picsum_528,hue_shift_180deg,hue_shift,borderline,false,false,false,false,false,none,no_match,true,false,1454,34.220,116.602,16384,1.000,1,1,true,0,16,0.056,0.003,235.653,37.388,0.529,60.713,334.482
picsum_528__saturation_boost_2.0x,picsum_528,saturation_boost_2.0x,saturation_boost,borderline,false,false,false,false,false,none,no_match,true,false,1412,14.715,45.203,16384,1.000,1,1,true,0,12,0.099,0.003,243.403,30.208,0.557,62.556,336.971
picsum_529__downscale_0.33x,picsum_529,downscale_0.33x,downscale,borderline,true,false,false,false,false,none,no_match,true,false,223,5.745,92.891,16152,0.986,1,1,true,0,18,0.017,0.003,141.894,10.185,0.331,32.528,184.996
picsum_529__jpeg_recompress_q50,picsum_529,jpeg_recompress_q50,jpeg_recompress,high,true,false,false,true,true,base,visual_match,true,true,1680,1.468,9.832,16384,1.000,1,1,true,0,2,0.035,0.003,177.849,24.756,0.474,52.156,255.365
picsum_52__brightness_minus10pct,picsum_52,brightness_minus10pct,brightness,borderline,true,false,false,true,true,base,visual_match,true,true,1488,1.239,25.504,16384,1.000,1,1,true,0,4,0.047,0.003,181.939,20.525,0.325,41.368,244.298
picsum_52__format_change_gif,picsum_52,format_change_gif,format_change,borderline,true,false,false,true,true,base,visual_match,true,true,1719,0.445,0.866,16384,1.000,1,1,true,0,2,0.472,0.004,213.369,29.895,0.390,54.153,298.694
picsum_52__p3_as_srgb_q70,picsum_52,p3_as_srgb_q70,p3_as_srgb,borderline,true,false,false,false,false,none,no_match,true,false,1495,8.076,12.597,16384,1.000,1,1,true,0,4,0.068,0.004,239.407,23.691,0.388,49.993,313.620
picsum_530__content_overlay_15pct,picsum_530,content_overlay_15pct,content_overlay,high,false,false,false,false,false,none,no_match,true,false,1384,23.098,191.988,16384,1.000,2,2,true,0,58,0.090,0.002,275.614,31.907,0.446,130.544,438.705
picsum_530__heavy_crop_60pct,picsum_530,heavy_crop_60pct,heavy_crop,high,false,false,false,false,false,none,no_match,true,false,134,2.318,48.113,2500,0.153,1,1,false,-1,122,0.026,0.002,162.241,16.461,0.518,48.151,227.441
picsum_530__rotate_90,picsum_530,rotate_90,rotate_cardinal,borderline,true,false,false,false,false,none,no_match,true,false,1711,4.031,43.652,16236,0.991,1,1,true,0,2,0.134,0.004,247.293,33.332,0.500,54.869,336.287
picsum_531__crop_border_5pct,picsum_531,crop_border_5pct,crop_border,borderline,true,false,false,true,true,base,visual_match,true,true,1486,1.341,18.353,12996,0.793,2,2,true,0,82,0.054,0.003,175.837,20.147,0.430,47.134,243.708
picsum_531__jpeg_recompress_q20,picsum_531,jpeg_recompress_q20,jpeg_recompress,high,true,false,false,true,true,base,visual_match,true,true,1583,3.285,21.869,16384,1.000,1,1,true,0,4,0.024,0.003,172.698,24.832,0.476,49.976,248.084
picsum_531__upscale_2.0x,picsum_531,upscale_2.0x,upscale,borderline,true,false,false,false,false,none,no_match,true,false,807,2.578,92.721,16140,0.985,1,1,true,0,2,0.112,0.023,553.021,54.806,0.374,87.419,695.961
picsum_532__downscale_256px,picsum_532,downscale_256px,downscale,borderline,true,false,false,false,false,none,no_match,true,false,201,5.852,86.718,16280,0.994,1,1,true,0,26,0.014,0.002,140.635,9.777,0.288,30.859,181.604
picsum_532__noise_sigma10,picsum_532,noise_sigma10,noise_light,high,true,false,false,true,true,base,visual_match,true,true,1612,1.983,13.252,16384,1.000,2,2,true,0,8,0.112,0.002,177.880,20.912,0.313,41.145,240.495
picsum_533__color_invert,picsum_533,color_invert,color_invert,high,false,false,false,false,false,none,prefilter_empty,true,false,7,111.193,226.974,16384,1.000,0,0,false,-1,120,0.061,0.002,182.565,19.610,0.276,0.000,202.608
picsum_533__heavy_crop_40pct,picsum_533,heavy_crop_40pct,heavy_crop,borderline,false,false,false,false,false,none,no_match,true,false,371,1.822,15.844,5776,0.353,1,1,false,-1,116,0.050,0.003,236.617,24.966,0.447,51.686,313.879
picsum_533__rotate_32deg,picsum_533,rotate_32deg,rotate_small,borderline,true,false,false,false,false,none,no_match,true,true,969,1.615,17.350,13463,0.822,1,1,false,-1,124,0.097,0.004,261.256,27.783,0.510,58.508,348.307
picsum_534__crop_border_15pct,picsum_534,crop_border_15pct,crop_border,borderline,true,false,false,false,false,none,prefilter_empty,true,false,770,2.644,98.144,7982,0.487,0,0,false,-1,122,0.038,0.003,155.117,18.669,0.505,0.000,174.410
picsum_534__hue_shift_60deg,picsum_534,hue_shift_60deg,hue_shift,borderline,false,false,false,false,false,none,no_match,true,false,1537,38.541,121.158,16285,0.994,1,1,true,0,16,0.068,0.003,187.866,25.385,0.468,49.178,263.069
picsum_534__sharpen_light,picsum_534,sharpen_light,sharpen,high,true,false,false,true,true,base,visual_match,true,true,1649,1.302,20.811,16384,1.000,1,1,true,0,6,0.080,0.003,240.143,29.492,0.363,53.966,324.206
picsum_535__downscale_0.75x,picsum_535,downscale_0.75x,downscale,borderline,true,false,false,true,true,base,visual_match,true,true,752,2.110,21.286,16328,0.997,1,1,true,0,4,0.032,0.006,187.610,19.769,0.393,49.442,257.324
picsum_535__jpeg_recompress_q90,picsum_535,jpeg_recompress_q90,jpeg_recompress,high,true,false,false,true,true,base,visual_match,true,true,1889,0.565,6.795,16384,1.000,1,1,true,0,0,0.078,0.004,259.203,37.373,0.704,46.912,344.385
picsum_536__brightness_plus10pct,picsum_536,brightness_plus10pct,brightness,borderline,true,false,false,true,true,base,visual_match,true,true,1684,0.994,7.462,16384,1.000,1,1,true,0,4,0.044,0.003,226.100,23.734,0.511,48.564,299.035
picsum_536__format_change_tiff,picsum_536,format_change_tiff,format_change,borderline,true,false,false,true,true,base,visual_match,true,true,1867,0.277,0.866,16384,1.000,1,1,true,0,0,0.341,0.003,214.739,26.913,0.634,57.204,300.212
picsum_536__rotate_180,picsum_536,rotate_180,rotate_cardinal,borderline,true,false,false,false,false,none,no_match,true,false,1724,1.614,49.608,16297,0.995,1,1,true,0,0,0.055,0.003,217.990,23.648,0.509,48.705,290.976
picsum_537__content_overlay_30pct,picsum_537,content_overlay_30pct,content_overlay,high,false,false,false,false,false,none,no_match,true,false,1285,22.259,153.732,16384,1.000,1,1,true,0,58,0.109,0.006,262.935,30.513,0.481,64.091,358.298
picsum_537__hue_shift_180deg,picsum_537,hue_shift_180deg,hue_shift,borderline,false,false,false,false,false,none,no_match,true,false,855,69.536,88.856,16384,1.000,1,1,true,0,22,0.166,0.003,244.746,32.719,0.506,55.630,334.003
picsum_537__saturation_boost_2.0x,picsum_537,saturation_boost_2.0x,saturation_boost,borderline,false,false,false,false,false,none,no_match,true,false,231,22.542,48.183,16384,1.000,2,2,true,0,38,0.145,0.003,245.338,27.936,0.499,59.799,333.859
picsum_538__downscale_0.33x,picsum_538,downscale_0.33x,downscale,borderline,true,false,false,false,false,none,no_match,true,false,233,4.153,71.436,16209,0.989,1,1,true,0,30,0.015,0.003,115.080,8.510,0.297,26.246,150.218
picsum_538__jpeg_recompress_q50,picsum_538,jpeg_recompress_q50,jpeg_recompress,high,true,false,false,true,true,base,visual_match,true,true,1670,0.986,6.698,16384,1.000,2,2,true,0,8,0.042,0.002,194.863,34.897,0.528,42.013,272.409
picsum_539__brightness_minus10pct,picsum_539,brightness_minus10pct,brightness,borderline,true,false,false,true,true,base,visual_match,true,true,1770,0.751,11.883,16384,1.000,1,1,true,0,6,0.067,0.003,176.656,23.194,0.434,48.624,249.092
picsum_539__format_change_gif,picsum_539,format_change_gif,format_change,borderline,true,false,false,true,true,base,visual_match,true,true,1991,0.249,0.500,16384,1.000,1,1,true,0,0,0.510,0.003,173.355,32.472,0.498,60.393,267.848
picsum_539__p3_as_srgb_q70,picsum_539,p3_as_srgb_q70,p3_as_srgb,borderline,true,false,false,true,true,base,visual_match,true,true,1845,5.542,11.332,16384,1.000,1,1,true,0,6,0.077,0.003,259.208,46.583,0.681,74.180,380.842
picsum_53__content_overlay_15pct,picsum_53,content_overlay_15pct,content_overlay,high,false,false,false,false,false,none,no_match,true,false,13,16.392,114.771,16211,0.989,2,2,true,0,30,0.052,0.003,258.705,29.456,0.686,67.236,356.291
picsum_53__heavy_crop_60pct,picsum_53,heavy_crop_60pct,heavy_crop,high,false,false,false,false,false,none,orb_extract_failed,false,false,0,0.000,0.000,0,0.000,0,1,false,-1,114,0.024,0.003,180.227,1.807,0.000,0.000,182.151
picsum_53__rotate_90,picsum_53,rotate_90,rotate_cardinal,borderline,true,false,false,false,false,none,no_match,true,false,11,1.470,11.703,15973,0.975,3,3,true,0,2,0.058,0.002,251.835,27.751,0.587,57.166,337.467
picsum_541__crop_border_5pct,picsum_541,crop_border_5pct,crop_border,borderline,true,false,false,true,true,base,visual_match,true,true,1099,0.472,20.227,13052,0.797,1,1,true,0,84,0.050,0.003,257.580,30.998,0.627,51.891,341.250
picsum_541__jpeg_recompress_q20,picsum_541,jpeg_recompress_q20,jpeg_recompress,high,true,false,false,true,true,base,visual_match,true,true,1071,1.396,10.995,16384,1.000,1,1,true,0,32,0.022,0.004,253.218,33.413,0.591,45.556,332.881
picsum_541__upscale_2.0x,picsum_541,upscale_2.0x,upscale,borderline,true,false,false,true,true,base,visual_match,true,true,736,0.598,17.387,16319,0.996,1,1,true,0,16,0.070,0.002,495.560,39.773,0.336,66.674,602.495
picsum_542__downscale_256px,picsum_542,downscale_256px,downscale,borderline,true,false,false,false,false,none,no_match,true,false,15,17.677,102.873,8375,0.511,2,2,true,0,40,0.012,0.003,133.851,7.237,0.459,17.453,159.044
picsum_542__noise_sigma10,picsum_542,noise_sigma10,noise_light,high,true,false,false,true,true,base,visual_match,true,true,495,1.909,7.692,16384,1.000,1,1,true,0,42,0.111,0.003,202.027,21.948,0.324,37.083,261.634
picsum_543__color_invert,picsum_543,color_invert,color_invert,high,false,false,false,false,false,none,prefilter_empty,true,false,0,+Inf,+Inf,0,0.000,0,0,false,-1,114,0.151,0.003,273.385,42.381,0.322,0.000,316.411
picsum_543__heavy_crop_40pct,picsum_543,heavy_crop_40pct,heavy_crop,borderline,false,false,false,false,false,none,prefilter_empty,true,false,181,6.395,93.820,5666,0.346,0,0,false,-1,120,0.062,0.003,210.161,21.445,0.484,0.000,232.233
picsum_543__rotate_32deg,picsum_543,rotate_32deg,rotate_small,borderline,true,false,false,false,false,none,prefilter_empty,true,true,1077,2.021,18.064,13470,0.822,0,0,false,-1,116,0.207,0.004,254.898,39.597,0.475,0.000,295.428
picsum_544__crop_border_15pct,picsum_544,crop_border_15pct,crop_border,borderline,true,false,false,false,false,none,no_match,true,true,94,0.933,21.862,8067,0.492,1,1,false,-1,108,0.020,0.003,236.463,15.752,0.624,5.588,258.489
picsum_544__hue_shift_60deg,picsum_544,hue_shift_60deg,hue_shift,borderline,false,false,false,false,false,none,no_match,true,false,630,24.622,46.201,16384,1.000,3,3,true,0,12,0.035,0.005,231.358,20.184,0.546,72.614,324.817
picsum_544__sharpen_light,picsum_544,sharpen_light,sharpen,high,true,false,false,true,true,base,visual_match,true,true,725,0.542,13.003,16380,1.000,3,3,true,0,8,0.034,0.004,186.659,17.437,0.478,30.032,234.733
picsum_545__downscale_0.75x,picsum_545,downscale_0.75x,downscale,borderline,true,false,false,true,true,base,visual_match,true,true,516,1.304,15.252,16328,0.997,1,1,true,0,30,0.023,0.002,192.622,18.522,0.590,33.475,245.284
picsum_545__jpeg_recompress_q90,picsum_545,jpeg_recompress_q90,jpeg_recompress,high,true,false,false,true,true,base,visual_match,true,true,1257,0.385,2.287,16384,1.000,1,1,true,0,2,0.046,0.003,233.841,25.429,0.600,41.692,301.732
picsum_546__brightness_plus10pct,picsum_546,brightness_plus10pct,brightness,borderline,true,false,false,true,true,base,visual_match,true,true,1456,1.280,22.146,16384,1.000,1,1,true,0,12,0.055,0.003,210.921,24.267,0.657,57.014,293.020
picsum_546__format_change_tiff,picsum_546,format_change_tiff,format_change,borderline,true,false,false,true,true,base,visual_match,true,true,1854,0.438,0.866,16384,1.000,1,1,true,0,2,0.406,0.003,166.431,25.633,0.558,46.324,239.809
picsum_546__rotate_180,picsum_546,rotate_180,rotate_cardinal,borderline,true,false,false,false,false,none,no_match,true,false,1685,1.958,50.609,16286,0.994,2,2,true,0,2,0.053,0.003,180.714,30.882,0.561,126.472,338.755
picsum_547__content_overlay_30pct,picsum_547,content_overlay_30pct,content_overlay,high,false,false,false,false,false,none,no_match,true,false,1808,26.427,169.647,16384,1.000,2,2,true,0,34,0.189,0.005,234.087,31.175,0.538,114.793,380.904
picsum_547__hue_shift_180deg,picsum_547,hue_shift_180deg,hue_shift,borderline,false,false,false,false,false,none,no_match,true,false,1609,24.587,114.127,16384,1.000,2,2,true,0,10,0.092,0.003,246.608,31.011,0.534,68.618,346.982
picsum_547__saturation_boost_2.0x,picsum_547,saturation_boost_2.0x,saturation_boost,borderline,false,false,false,false,false,none,no_match,true,false,1619,11.734,42.243,16384,1.000,2,2,true,0,10,0.119,0.003,184.781,23.149,0.539,76.890,285.574
picsum_548__downscale_0.33x,picsum_548,downscale_0.33x,downscale,borderline,true,false,false,false,false,none,no_match,true,false,159,3.926,61.555,16149,0.986,2,2,true,0,10,0.014,0.003,154.532,10.879,0.543,63.804,229.807
picsum_548__jpeg_recompress_q50,picsum_548,jpeg_recompress_q50,jpeg_recompress,high,true,false,false,true,true,base,visual_match,true,true,1397,1.656,12.918,16384,1.000,1,1,true,0,6,0.033,0.003,239.681,24.355,0.578,54.655,319.380
picsum_549__brightness_minus10pct,picsum_549,brightness_minus10pct,brightness,borderline,true,false,false,true,true,base,visual_match,true,true,605,3.681,24.334,16384,1.000,2,2,true,0,6,0.053,0.005,240.596,23.647,0.591,63.857,328.853
picsum_549__format_change_gif,picsum_549,format_change_gif,format_change,borderline,true,false,false,true,true,base,visual_match,true,true,1014,0.449,0.866,16384,1.000,1,1,true,0,0,0.531,0.004,224.812,31.586,0.741,43.147,301.230
picsum_549__p3_as_srgb_q70,picsum_549,p3_as_srgb_q70,p3_as_srgb,borderline,true,false,false,true,true,base,visual_match,true,true,857,4.904,13.088,16384,1.000,1,1,true,0,0,0.047,0.026,243.846,36.949,0.733,63.845,345.528
picsum_54__content_overlay_15pct,picsum_54,content_overlay_15pct,content_overlay,high,false,false,false,false,false,none,no_match,true,false,1699,19.597,149.231,16384,1.000,2,2,true,0,26,0.073,0.002,249.622,31.029,0.481,115.574,396.865
picsum_54__heavy_crop_60pct,picsum_54,heavy_crop_60pct,heavy_crop,high,false,false,false,false,false,none,prefilter_empty,true,false,75,1.564,25.069,2526,0.154,0,0,false,-1,116,0.024,0.004,196.183,12.766,0.350,0.000,209.376
picsum_54__rotate_90,picsum_54,rotate_90,rotate_cardinal,borderline,true,false,false,false,false,none,no_match,true,false,1772,3.093,60.047,16352,0.998,2,2,true,0,2,0.109,0.004,291.357,40.129,0.507,101.159,433.434
picsum_550__crop_border_5pct,picsum_550,crop_border_5pct,crop_border,borderline,true,false,false,true,true,base,visual_match,true,true,717,0.826,18.384,13018,0.795,2,2,true,0,78,0.033,0.003,233.519,27.291,0.597,39.840,301.405
picsum_550__jpeg_recompress_q20,picsum_550,jpeg_recompress_q20,jpeg_recompress,high,true,false,false,true,true,base,visual_match,true,true,582,3.259,20.056,16178,0.987,2,2,true,0,10,0.025,0.002,254.955,26.480,0.499,38.961,320.979
picsum_550__upscale_2.0x,picsum_550,upscale_2.0x,upscale,borderline,true,false,false,true,true,base,visual_match,true,true,386,1.753,24.404,16198,0.989,2,2,true,0,4,0.056,0.002,507.486,38.717,0.458,45.150,591.964
picsum_551__downscale_256px,picsum_551,downscale_256px,downscale,borderline,true,false,false,false,false,none,no_match,true,false,56,9.944,110.722,15514,0.947,2,2,true,0,20,0.011,0.002,163.707,11.091,0.443,88.059,263.340
picsum_551__noise_sigma10,picsum_551,noise_sigma10,noise_light,high,true,false,false,true,true,base,visual_match,true,true,609,2.055,14.116,16384,1.000,1,1,true,0,26,0.168,0.002,303.636,30.296,0.599,48.243,383.068
picsum_552__color_invert,picsum_552,color_invert,color_invert,high,false,false,false,false,false,none,prefilter_empty,true,false,7,96.056,254.333,12465,0.761,0,0,false,-1,126,0.054,0.004,229.275,24.164,0.408,0.000,253.998
picsum_552__heavy_crop_40pct,picsum_552,heavy_crop_40pct,heavy_crop,borderline,false,false,false,false,false,none,no_match,true,false,141,0.756,13.942,5685,0.347,1,1,false,-1,110,0.061,0.003,180.062,16.985,0.566,12.115,209.843
picsum_552__rotate_32deg,picsum_552,rotate_32deg,rotate_small,borderline,true,false,false,false,false,none,prefilter_empty,true,true,357,0.787,18.479,13544,0.827,0,0,false,-1,116,0.064,0.002,238.437,26.955,0.550,0.000,266.100
picsum_553__crop_border_15pct,picsum_553,crop_border_15pct,crop_border,borderline,true,false,false,false,false,none,no_match,true,true,665,2.348,18.635,7841,0.479,1,1,false,-1,110,0.058,0.002,213.015,36.249,0.518,53.800,303.724
picsum_553__hue_shift_60deg,picsum_553,hue_shift_60deg,hue_shift,borderline,false,false,false,false,false,none,no_match,true,false,299,61.840,139.225,16384,1.000,2,2,true,0,28,0.088,0.003,183.707,36.989,0.565,92.538,314.027
picsum_553__sharpen_light,picsum_553,sharpen_light,sharpen,high,true,false,false,true,true,base,visual_match,true,true,1660,2.378,14.079,16384,1.000,2,2,true,0,8,0.126,0.003,258.243,35.582,0.541,58.519,353.159
picsum_554__downscale_0.75x,picsum_554,downscale_0.75x,downscale,borderline,true,false,false,false,false,none,no_match,true,false,628,2.401,43.923,16256,0.992,1,1,true,0,32,0.057,0.003,202.381,25.731,0.535,60.907,289.694
picsum_554__jpeg_recompress_q90,picsum_554,jpeg_recompress_q90,jpeg_recompress,high,true,false,false,true,true,base,visual_match,true,true,1873,0.431,3.486,16384,1.000,1,1,true,0,2,0.178,0.003,258.537,34.771,0.492,59.690,353.819
picsum_555__brightness_plus10pct,picsum_555,brightness_plus10pct,brightness,borderline,true,false,false,true,true,base,visual_match,true,true,1878,1.237,18.601,16384,1.000,2,2,true,0,6,0.093,0.002,212.478,26.299,0.427,44.128,283.555
picsum_555__format_change_tiff,picsum_555,format_change_tiff,format_change,borderline,true,false,false,true,true,base,visual_match,true,true,2000,0.459,0.866,16384,1.000,2,2,true,0,2,0.579,0.003,165.626,27.384,0.445,44.496,239.171
picsum_555__rotate_180,picsum_555,rotate_180,rotate_cardinal,borderline,true,false,false,false,false,none,no_match,true,false,1831,3.004,38.269,16363,0.999,2,2,true,0,0,0.114,0.003,243.443,33.572,0.505,110.164,387.919
picsum_556__content_overlay_30pct,picsum_556,content_overlay_30pct,content_overlay,high,false,false,false,false,false,none,no_match,true,false,817,33.257,185.691,16384,1.000,1,1,true,0,58,0.056,0.004,243.270,23.819,0.436,36.684,304.369
picsum_556__hue_shift_180deg,picsum_556,hue_shift_180deg,hue_shift,borderline,false,false,false,false,false,none,no_match,true,false,345,13.304,130.393,16384,1.000,5,5,true,0,30,0.059,0.005,245.087,23.087,0.559,91.026,359.958
picsum_556__saturation_boost_2.0x,picsum_556,saturation_boost_2.0x,saturation_boost,borderline,false,false,false,true,true,base,visual_match,true,true,508,4.839,28.256,16384,1.000,1,1,true,0,10,0.039,0.002,184.317,19.557,0.536,33.138,237.664
picsum_557__downscale_0.33x,picsum_557,downscale_0.33x,downscale,borderline,true,false,false,false,false,none,no_match,true,false,239,5.838,59.850,16123,0.984,1,1,true,0,28,0.015,0.002,120.865,9.806,0.432,31.701,162.856
picsum_557__jpeg_recompress_q50,picsum_557,jpeg_recompress_q50,jpeg_recompress,high,true,false,false,true,true,base,visual_match,true,true,1693,2.007,9.967,16384,1.000,1,1,true,0,22,0.049,0.002,173.792,24.006,0.366,44.667,242.976
picsum_558__brightness_minus10pct,picsum_558,brightness_minus10pct,brightness,borderline,true,false,false,true,true,base,visual_match,true,true,1689,2.277,22.402,16384,1.000,1,1,true,0,10,0.124,0.004,232.944,36.952,0.555,55.541,326.280
picsum_558__format_change_gif,picsum_558,format_change_gif,format_change,borderline,true,false,false,true,true,base,visual_match,true,true,2000,0.460,0.866,16384,1.000,1,1,true,0,0,0.656,0.004,170.263,45.255,0.556,79.003,296.615
picsum_558__p3_as_srgb_q70,picsum_558,p3_as_srgb_q70,p3_as_srgb,borderline,true,false,false,true,true,base,visual_match,true,true,1792,3.786,10.982,16384,1.000,1,1,true,0,8,0.094,0.003,225.915,34.596,0.362,59.407,320.506
picsum_559__content_overlay_15pct,picsum_559,content_overlay_15pct,content_overlay,high,false,false,false,false,false,none,no_match,true,false,1170,19.670,152.544,16384,1.000,2,2,true,0,54,0.101,0.003,224.092,34.139,0.516,111.769,370.764
picsum_559__heavy_crop_60pct,picsum_559,heavy_crop_60pct,heavy_crop,high,false,false,false,false,false,none,prefilter_empty,true,false,147,1.122,8.981,2500,0.153,0,0,false,-1,120,0.028,0.004,113.833,11.310,0.443,0.001,125.692
picsum_559__rotate_90,picsum_559,rotate_90,rotate_cardinal,borderline,true,false,false,false,false,none,no_match,true,false,1814,2.761,43.915,16256,0.992,1,1,true,0,4,0.156,0.002,265.633,37.106,0.467,57.435,360.917
picsum_55__crop_border_5pct,picsum_55,crop_border_5pct,crop_border,borderline,true,false,false,true,true,base,visual_match,true,true,1145,1.714,19.468,12996,0.793,1,1,true,0,68,0.083,0.002,227.765,24.071,0.450,70.372,322.856
picsum_55__jpeg_recompress_q20,picsum_55,jpeg_recompress_q20,jpeg_recompress,high,true,false,false,true,true,base,visual_match,true,true,1502,3.759,20.615,16384,1.000,1,1,true,0,16,0.054,0.002,216.408,28.452,0.529,53.046,298.556
picsum_55__upscale_2.0x,picsum_55,upscale_2.0x,upscale,borderline,true,false,false,true,true,base,visual_match,true,true,908,1.815,17.369,16215,0.990,1,1,true,0,12,0.182,0.002,490.961,66.082,0.665,89.706,647.736
picsum_560__downscale_256px,picsum_560,downscale_256px,downscale,borderline,true,false,false,false,false,none,no_match,true,false,154,8.280,90.324,16328,0.997,1,1,true,0,58,0.021,0.003,169.374,18.486,0.492,35.839,224.259
picsum_560__noise_sigma10,picsum_560,noise_sigma10,noise_light,high,true,false,false,true,true,base,visual_match,true,true,1787,2.143,8.380,16384,1.000,1,1,true,0,8,0.157,0.005,187.428,29.262,0.459,47.316,264.873
picsum_562__color_invert,picsum_562,color_invert,color_invert,high,false,false,false,false,false,none,prefilter_empty,true,false,4,52.049,181.560,15988,0.976,0,0,false,-1,124,0.112,0.003,179.839,28.865,0.478,0.000,209.448
picsum_562__heavy_crop_40pct,picsum_562,heavy_crop_40pct,heavy_crop,borderline,false,false,false,false,false,none,no_match,true,false,553,1.438,9.799,5776,0.353,1,1,false,-1,124,0.056,0.003,168.413,25.653,0.602,21.360,216.168
picsum_562__rotate_32deg,picsum_562,rotate_32deg,rotate_small,borderline,true,false,false,false,false,none,no_match,true,true,834,2.073,17.408,13459,0.821,1,1,false,-1,124,0.162,0.008,246.530,37.757,0.607,28.949,314.181
picsum_563__crop_border_15pct,picsum_563,crop_border_15pct,crop_border,borderline,true,false,false,false,false,none,no_match,true,true,832,1.281,24.781,7827,0.478,2,2,false,-1,110,0.044,0.003,206.898,18.800,0.486,25.872,252.158
picsum_563__hue_shift_60deg,picsum_563,hue_shift_60deg,hue_shift,borderline,false,false,false,false,false,none,no_match,true,false,1220,9.598,87.090,16384,1.000,1,1,true,0,10,0.083,0.003,251.318,29.056,0.582,59.462,340.613
picsum_563__sharpen_light,picsum_563,sharpen_light,sharpen,high,true,false,false,true,true,base,visual_match,true,true,1432,1.131,14.870,16384,1.000,1,1,true,0,4,0.085,0.003,226.243,25.174,0.478,55.745,307.822
picsum_564__downscale_0.75x,picsum_564,downscale_0.75x,downscale,borderline,true,false,false,true,true,base,visual_match,true,true,605,1.909,21.894,16234,0.991,1,1,true,0,10,0.029,0.003,176.434,14.688,0.509,36.047,227.762
picsum_564__jpeg_recompress_q90,picsum_564,jpeg_recompress_q90,jpeg_recompress,high,true,false,false,true,true,base,visual_match,true,true,1571,0.614,3.524,16384,1.000,1,1,true,0,0,0.077,0.004,177.838,26.834,0.514,46.023,251.416
picsum_565__brightness_plus10pct,picsum_565,brightness_plus10pct,brightness,borderline,true,false,false,true,true,base,visual_match,true,true,1705,3.392,14.076,16384,1.000,1,1,true,0,8,0.077,0.003,182.659,30.063,0.424,50.470,263.822
picsum_565__format_change_tiff,picsum_565,format_change_tiff,format_change,borderline,true,false,false,true,true,base,visual_match,true,true,2000,0.310,0.866,16384,1.000,1,1,true,0,0,0.376,0.003,157.494,24.134,0.446,45.986,228.951
picsum_565__rotate_180,picsum_565,rotate_180,rotate_cardinal,borderline,true,false,false,true,true,base,visual_match,true,true,1768,2.133,31.367,16236,0.991,2,2,true,0,4,0.085,0.002,186.431,24.920,0.421,50.408,262.393
picsum_566__content_overlay_30pct,picsum_566,content_overlay_30pct,content_overlay,high,false,false,false,false,false,none,no_match,true,false,1668,25.725,186.235,16384,1.000,1,1,true,0,54,0.074,0.003,174.750,22.739,0.461,46.423,244.571
picsum_566__hue_shift_180deg,picsum_566,hue_shift_180deg,hue_shift,borderline,false,false,false,false,false,none,no_match,true,false,932,34.585,136.362,16384,1.000,1,1,true,0,24,0.081,0.003,174.624,24.377,0.557,47.162,246.926
picsum_566__saturation_boost_2.0x,picsum_566,saturation_boost_2.0x,saturation_boost,borderline,false,false,false,false,false,none,no_match,true,false,1725,8.402,29.057,16384,1.000,1,1,true,0,16,0.080,0.003,181.436,25.870,0.433,55.850,263.802
picsum_567__downscale_0.33x,picsum_567,downscale_0.33x,downscale,borderline,true,false,false,false,false,none,no_match,true,false,226,6.946,48.072,16129,0.984,1,1,true,0,18,0.015,0.003,112.756,16.638,0.478,66.979,196.910
picsum_567__jpeg_recompress_q50,picsum_567,jpeg_recompress_q50,jpeg_recompress,high,true,false,false,true,true,base,visual_match,true,true,1559,2.019,9.190,16384,1.000,2,2,true,0,4,0.053,0.024,277.419,30.237,0.494,59.614,367.929
picsum_568__brightness_minus10pct,picsum_568,brightness_minus10pct,brightness,borderline,true,false,false,true,true,base,visual_match,true,true,1872,5.279,19.371,16384,1.000,1,1,true,0,4,0.144,0.003,255.772,38.210,0.543,61.718,356.562
picsum_568__format_change_gif,picsum_568,format_change_gif,format_change,borderline,true,false,false,true,true,base,visual_match,true,true,2000,0.481,0.847,16384,1.000,1,1,true,0,2,0.976,0.003,219.841,43.639,0.517,66.546,332.258
picsum_568__p3_as_srgb_q70,picsum_568,p3_as_srgb_q70,p3_as_srgb,borderline,true,false,false,true,true,base,visual_match,true,true,1843,5.654,12.415,16384,1.000,1,1,true,0,4,0.111,0.005,301.748,34.796,0.594,65.537,402.937
picsum_569__content_overlay_15pct,picsum_569,content_overlay_15pct,content_overlay,high,false,false,false,false,false,none,no_match,true,false,1833,22.771,171.140,16384,1.000,1,1,true,0,48,0.093,0.003,209.969,23.686,0.385,43.805,278.047
picsum_569__heavy_crop_60pct,picsum_569,heavy_crop_60pct,heavy_crop,high,false,false,false,false,false,none,no_match,true,false,36,3.415,51.302,2521,0.154,1,1,false,-1,114,0.026,0.003,120.934,9.674,0.319,29.386,160.389
picsum_569__rotate_90,picsum_569,rotate_90,rotate_cardinal,borderline,true,false,false,false,false,none,no_match,true,false,1397,2.894,54.109,16102,0.983,1,1,true,0,4,0.088,0.002,239.375,34.285,0.456,54.485,328.785
picsum_56__crop_border_5pct,picsum_56,crop_border_5pct,crop_border,borderline,true,false,false,true,true,base,visual_match,true,true,54,1.343,21.191,13143,0.802,1,1,true,0,78,0.030,0.003,172.250,14.053,0.512,22.086,208.994
picsum_56__jpeg_recompress_q20,picsum_56,jpeg_recompress_q20,jpeg_recompress,high,true,false,false,true,true,base,visual_match,true,true,48,3.393,26.763,16228,0.990,2,2,true,0,6,0.017,0.003,173.844,19.485,0.515,26.870,220.787
picsum_56__upscale_2.0x,picsum_56,upscale_2.0x,upscale,borderline,true,false,false,true,true,base,visual_match,true,true,48,1.705,28.107,16234,0.991,1,1,true,0,0,0.052,0.003,404.949,39.043,0.576,48.175,492.916
picsum_570__downscale_256px,picsum_570,downscale_256px,downscale,borderline,true,false,false,false,false,none,no_match,true,false,183,4.886,59.906,16256,0.992,1,1,true,0,44,0.014,0.002,155.616,12.031,0.452,42.085,210.234
picsum_570__noise_sigma10,picsum_570,noise_sigma10,noise_light,high,true,false,false,true,true,base,visual_match,true,true,1755,2.114,8.429,16384,1.000,1,1,true,0,20,0.165,0.003,247.543,31.710,0.495,71.317,351.420
picsum_571__color_invert,picsum_571,color_invert,color_invert,high,false,false,false,false,false,none,no_match,true,false,6,51.978,202.407,16199,0.989,1,1,false,-1,126,0.110,0.006,181.175,27.878,0.452,48.575,258.343
picsum_571__heavy_crop_40pct,picsum_571,heavy_crop_40pct,heavy_crop,borderline,false,false,false,false,false,none,prefilter_empty,true,false,492,2.740,24.978,5776,0.353,0,0,false,-1,124,0.049,0.003,143.045,17.513,0.615,0.000,161.299
picsum_571__rotate_32deg,picsum_571,rotate_32deg,rotate_small,borderline,true,false,false,false,false,none,prefilter_empty,true,true,1047,2.148,29.610,13474,0.822,0,0,false,-1,124,0.141,0.002,175.044,25.614,0.349,0.001,201.297
picsum_572__crop_border_15pct,picsum_572,crop_border_15pct,crop_border,borderline,true,false,false,false,false,none,no_match,true,true,884,1.472,17.717,7832,0.478,1,1,false,-1,122,0.060,0.002,193.596,24.914,0.629,54.605,273.888
picsum_572__hue_shift_60deg,picsum_572,hue_shift_60deg,hue_shift,borderline,false,false,false,false,false,none,no_match,true,false,1797,10.285,60.148,16384,1.000,1,1,true,0,6,0.084,0.003,213.171,29.042,0.532,54.811,297.751
picsum_572__sharpen_light,picsum_572,sharpen_light,sharpen,high,true,false,false,true,true,base,visual_match,true,true,1618,1.779,20.999,16384,1.000,1,1,true,0,20,0.114,0.003,256.218,35.820,0.511,60.009,352.870
picsum_573__downscale_0.75x,picsum_573,downscale_0.75x,downscale,borderline,true,false,false,false,false,none,no_match,true,false,606,4.223,54.380,16166,0.987,2,2,true,0,28,0.064,0.003,205.493,25.933,0.483,125.255,357.323
picsum_573__jpeg_recompress_q90,picsum_573,jpeg_recompress_q90,jpeg_recompress,high,true,false,false,true,true,base,visual_match,true,true,1877,0.735,3.945,16384,1.000,1,1,true,0,2,0.171,0.003,250.479,37.212,0.519,55.747,344.309
picsum_574__brightness_plus10pct,picsum_574,brightness_plus10pct,brightness,borderline,true,false,false,true,true,base,visual_match,true,true,1844,1.082,9.982,16384,1.000,1,1,true,0,6,0.159,0.002,261.270,29.328,0.337,53.535,344.758
picsum_574__format_change_tiff,picsum_574,format_change_tiff,format_change,borderline,true,false,false,true,true,base,visual_match,true,true,2000,0.449,0.866,16384,1.000,1,1,true,0,2,0.582,0.003,162.218,26.215,0.415,40.721,230.766
picsum_574__rotate_180,picsum_574,rotate_180,rotate_cardinal,borderline,true,false,false,false,false,none,no_match,true,false,1704,2.902,51.318,16208,0.989,1,1,true,0,2,0.104,0.002,176.213,29.227,0.354,45.237,251.237
picsum_575__content_overlay_30pct,picsum_575,content_overlay_30pct,content_overlay,high,false,false,false,false,false,none,no_match,true,false,1313,23.129,181.135,16384,1.000,2,2,true,0,56,0.046,0.002,175.785,19.562,0.406,73.868,269.742
picsum_575__hue_shift_180deg,picsum_575,hue_shift_180deg,hue_shift,borderline,false,false,false,false,false,none,no_match,true,false,1080,46.496,108.419,16384,1.000,1,1,true,0,22,0.056,0.004,175.764,19.076,0.310,44.582,239.861
picsum_575__saturation_boost_2.0x,picsum_575,saturation_boost_2.0x,saturation_boost,borderline,false,false,false,false,false,none,no_match,true,false,828,21.965,51.657,16384,1.000,2,2,true,0,40,0.051,0.002,228.759,27.915,0.538,103.871,361.208
picsum_576__downscale_0.33x,picsum_576,downscale_0.33x,downscale,borderline,true,false,false,false,false,none,no_match,true,false,210,6.155,76.195,16229,0.991,1,1,true,0,30,0.027,0.003,163.450,14.778,0.569,41.779,220.652
picsum_576__jpeg_recompress_q50,picsum_576,jpeg_recompress_q50,jpeg_recompress,high,true,false,false,true,true,base,visual_match,true,true,1683,2.167,9.984,16384,1.000,1,1,true,0,8,0.083,0.005,271.981,33.148,0.554,68.913,374.835
picsum_577__brightness_minus10pct,picsum_577,brightness_minus10pct,brightness,borderline,true,false,false,true,true,base,visual_match,true,true,1870,0.922,4.591,16384,1.000,3,3,true,0,2,0.103,0.003,260.778,28.040,0.469,49.679,339.181
picsum_577__format_change_gif,picsum_577,format_change_gif,format_change,borderline,true,false,false,true,true,base,visual_match,true,true,2000,0.472,0.859,16384,1.000,3,3,true,0,0,0.601,0.003,163.583,26.710,0.329,43.153,235.054
picsum_577__p3_as_srgb_q70,picsum_577,p3_as_srgb_q70,p3_as_srgb,borderline,true,false,false,true,true,base,visual_match,true,true,1818,5.597,12.223,16384,1.000,3,3,true,0,2,0.083,0.003,262.040,33.234,0.664,66.647,362.824
picsum_579__content_overlay_15pct,picsum_579,content_overlay_15pct,content_overlay,high,false,false,false,false,false,none,no_match,true,false,1743,22.937,160.457,16384,1.000,1,1,true,0,40,0.060,0.003,242.044,30.424,0.537,58.651,331.794
picsum_579__heavy_crop_60pct,picsum_579,heavy_crop_60pct,heavy_crop,high,false,false,false,false,false,none,no_match,true,false,378,1.957,19.199,2500,0.153,1,1,false,-1,124,0.022,0.003,171.803,14.961,0.560,18.324,205.741
picsum_579__rotate_90,picsum_579,rotate_90,rotate_cardinal,borderline,true,false,false,false,false,none,no_match,true,false,1704,3.241,88.306,16384,1.000,2,2,true,0,0,0.086,0.003,246.725,31.012,0.570,85.842,364.334
picsum_57__crop_border_5pct,picsum_57,crop_border_5pct,crop_border,borderline,true,false,false,true,true,base,visual_match,true,true,1339,1.549,12.198,12996,0.793,1,1,true,0,86,0.092,0.003,192.091,24.466,0.424,46.986,264.206
picsum_57__jpeg_recompress_q20,picsum_57,jpeg_recompress_q20,jpeg_recompress,high,true,false,false,true,true,base,visual_match,true,true,1549,3.697,19.136,16384,1.000,1,1,true,0,14,0.028,0.002,182.452,35.686,0.659,57.144,276.023
picsum_57__upscale_2.0x,picsum_57,upscale_2.0x,upscale,borderline,true,false,false,false,false,none,no_match,true,false,722,2.417,41.703,16303,0.995,1,1,true,0,14,0.131,0.002,528.989,49.835,0.353,69.967,649.445
picsum_580__downscale_256px,picsum_580,downscale_256px,downscale,borderline,true,false,false,false,false,none,no_match,true,false,123,6.196,75.251,16165,0.987,1,1,true,0,22,0.024,0.003,160.447,12.301,0.566,33.555,206.936
picsum_580__noise_sigma10,picsum_580,noise_sigma10,noise_light,high,true,false,false,true,true,base,visual_match,true,true,1315,2.010,8.489,16384,1.000,1,1,true,0,12,0.233,0.004,252.445,31.144,0.465,53.240,337.826
picsum_581__color_invert,picsum_581,color_invert,color_invert,high,false,false,false,false,false,none,no_match,true,false,10,110.172,220.472,16277,0.993,1,1,false,-1,122,0.043,0.003,247.237,27.741,0.377,23.087,298.571
picsum_581__heavy_crop_40pct,picsum_581,heavy_crop_40pct,heavy_crop,borderline,false,false,false,false,false,none,prefilter_empty,true,false,421,1.098,41.163,5809,0.355,0,0,false,-1,114,0.024,0.004,183.625,16.069,0.528,0.001,200.309
picsum_581__rotate_32deg,picsum_581,rotate_32deg,rotate_small,borderline,true,false,false,false,false,none,no_match,true,false,792,0.839,40.234,13490,0.823,1,1,false,-1,110,0.053,0.003,234.418,25.175,0.652,27.961,288.355
picsum_582__crop_border_15pct,picsum_582,crop_border_15pct,crop_border,borderline,true,false,false,false,false,none,prefilter_empty,true,true,931,1.177,13.671,7832,0.478,0,0,false,-1,118,0.058,0.003,184.119,22.726,0.449,0.000,207.457
picsum_582__hue_shift_60deg,picsum_582,hue_shift_60deg,hue_shift,borderline,false,false,false,false,false,none,no_match,true,false,1526,17.211,59.687,16384,1.000,1,1,true,0,4,0.084,0.002,190.226,20.580,0.392,40.301,251.653
picsum_582__sharpen_light,picsum_582,sharpen_light,sharpen,high,true,false,false,true,true,base,visual_match,true,true,1644,1.172,21.271,16384,1.000,2,2,true,0,6,0.067,0.003,175.805,21.665,0.304,40.985,238.914
picsum_583__downscale_0.75x,picsum_583,downscale_0.75x,downscale,borderline,true,false,false,true,true,base,visual_match,true,true,211,2.083,25.585,16030,0.978,1,1,true,0,8,0.016,0.002,139.612,12.746,0.433,25.018,177.867
picsum_583__jpeg_recompress_q90,picsum_583,jpeg_recompress_q90,jpeg_recompress,high,true,false,false,true,true,base,visual_match,true,true,743,0.522,5.118,16384,1.000,1,1,true,0,2,0.037,0.002,171.069,16.301,0.298,25.845,213.613
picsum_584__brightness_plus10pct,picsum_584,brightness_plus10pct,brightness,borderline,true,false,false,true,true,base,visual_match,true,true,1653,7.633,23.896,16384,1.000,3,3,true,0,18,0.091,0.002,233.511,23.965,0.333,52.784,310.770
picsum_584__format_change_tiff,picsum_584,format_change_tiff,format_change,borderline,true,false,false,true,true,base,visual_match,true,true,2000,0.383,0.866,16384,1.000,1,1,true,0,0,0.546,0.002,197.633,26.683,0.341,63.340,288.994
picsum_584__rotate_180,picsum_584,rotate_180,rotate_cardinal,borderline,true,false,false,true,true,base,visual_match,true,true,1775,1.899,33.935,16292,0.994,1,1,true,0,2,0.079,0.004,235.988,40.201,0.637,56.719,333.771
picsum_585__content_overlay_30pct,picsum_585,content_overlay_30pct,content_overlay,high,false,false,false,false,false,none,no_match,true,false,1726,22.939,148.034,16384,1.000,1,1,true,0,40,0.117,0.003,267.972,33.099,0.463,59.079,360.863
picsum_585__hue_shift_180deg,picsum_585,hue_shift_180deg,hue_shift,borderline,false,false,false,false,false,none,no_match,true,false,1316,55.109,149.551,16384,1.000,1,1,true,0,14,0.130,0.003,298.850,36.279,0.478,64.467,400.373
picsum_585__saturation_boost_2.0x,picsum_585,saturation_boost_2.0x,saturation_boost,borderline,false,false,false,false,false,none,no_match,true,false,1438,8.733,60.084,16384,1.000,1,1,true,0,22,0.124,0.003,255.694,39.105,0.491,62.583,358.182
picsum_586__downscale_0.33x,picsum_586,downscale_0.33x,downscale,borderline,true,false,false,false,false,none,no_match,true,false,109,11.879,177.386,12214,0.745,2,2,true,0,26,0.015,0.003,155.393,10.745,0.500,33.800,200.518
picsum_586__jpeg_recompress_q50,picsum_586,jpeg_recompress_q50,jpeg_recompress,high,true,false,false,true,true,base,visual_match,true,true,1364,1.665,13.008,16384,1.000,2,2,true,0,14,0.043,0.004,249.929,30.190,0.561,63.918,344.743
picsum_588__brightness_minus10pct,picsum_588,brightness_minus10pct,brightness,borderline,true,false,false,true,true,base,visual_match,true,true,1601,1.428,21.751,16384,1.000,3,3,true,0,12,0.088,0.004,240.827,25.009,0.515,56.580,323.091
picsum_588__format_change_gif,picsum_588,format_change_gif,format_change,borderline,true,false,false,true,true,base,visual_match,true,true,1803,0.453,0.866,16384,1.000,2,2,true,0,0,0.367,0.002,167.256,23.017,0.347,45.035,236.336
picsum_588__p3_as_srgb_q70,picsum_588,p3_as_srgb_q70,p3_as_srgb,borderline,true,false,false,true,true,base,visual_match,true,true,1623,5.710,12.956,16384,1.000,1,1,true,0,8,0.044,0.003,178.484,20.463,0.465,45.523,245.078
picsum_58__content_overlay_15pct,picsum_58,content_overlay_15pct,content_overlay,high,false,false,false,false,false,none,no_match,true,false,1734,18.118,151.081,16384,1.000,2,2,true,0,26,0.073,0.003,179.049,24.928,0.425,71.864,276.494
picsum_58__heavy_crop_60pct,picsum_58,heavy_crop_60pct,heavy_crop,high,false,false,false,false,false,none,prefilter_empty,true,false,295,1.152,16.942,2540,0.155,0,0,false,-1,118,0.017,0.002,123.445,10.100,0.330,0.000,133.942
picsum_58__rotate_90,picsum_58,rotate_90,rotate_cardinal,borderline,true,false,false,false,false,none,no_match,true,false,1870,2.852,42.792,16220,0.990,1,1,true,0,0,0.083,0.002,191.748,22.997,0.327,56.538,271.787
picsum_590__crop_border_5pct,picsum_590,crop_border_5pct,crop_border,borderline,true,false,false,true,true,base,visual_match,true,true,1345,1.206,19.405,12996,0.793,1,1,true,0,94,0.072,0.002,216.553,28.448,0.464,50.858,296.500
picsum_590__jpeg_recompress_q20,picsum_590,jpeg_recompress_q20,jpeg_recompress,high,true,false,false,true,true,base,visual_match,true,true,1537,3.527,15.959,16384,1.000,2,2,true,0,6,0.032,0.003,222.077,32.395,0.570,71.128,326.294
picsum_590__upscale_2.0x,picsum_590,upscale_2.0x,upscale,borderline,true,false,false,true,true,base,visual_match,true,true,706,1.723,33.436,16126,0.984,1,1,true,0,6,0.136,0.003,527.887,65.956,0.581,80.536,675.263
picsum_591__downscale_256px,picsum_591,downscale_256px,downscale,borderline,true,false,false,false,false,none,no_match,true,false,157,4.716,69.325,16212,0.990,1,1,true,0,52,0.018,0.003,141.566,11.164,0.388,35.260,188.435
picsum_591__noise_sigma10,picsum_591,noise_sigma10,noise_light,high,true,false,false,true,true,base,visual_match,true,true,1712,1.764,8.574,16384,1.000,3,3,true,0,22,0.220,0.007,237.177,32.207,0.528,65.254,335.585
picsum_593__color_invert,picsum_593,color_invert,color_invert,high,false,false,false,false,false,none,prefilter_empty,true,false,0,+Inf,+Inf,0,0.000,0,0,false,-1,128,0.119,0.005,281.247,51.086,0.619,0.001,333.226
picsum_593__heavy_crop_40pct,picsum_593,heavy_crop_40pct,heavy_crop,borderline,false,false,false,false,false,none,prefilter_empty,true,false,304,2.924,44.433,5769,0.352,0,0,false,-1,118,0.050,0.003,158.758,17.526,0.472,0.000,176.909
picsum_593__rotate_32deg,picsum_593,rotate_32deg,rotate_small,borderline,true,false,false,false,false,none,prefilter_empty,true,true,871,2.016,22.116,13489,0.823,0,0,false,-1,116,0.095,0.003,179.799,29.270,0.470,0.000,209.801
picsum_594__crop_border_15pct,picsum_594,crop_border_15pct,crop_border,borderline,true,false,false,false,false,none,prefilter_empty,true,true,827,1.016,13.233,7993,0.488,0,0,false,-1,120,0.032,0.003,137.958,13.989,0.497,0.000,152.529
picsum_594__hue_shift_60deg,picsum_594,hue_shift_60deg,hue_shift,borderline,false,false,false,false,false,none,no_match,true,false,1606,7.753,46.317,16384,1.000,1,1,true,0,8,0.039,0.002,168.414,21.333,0.496,45.104,235.451
picsum_594__sharpen_light,picsum_594,sharpen_light,sharpen,high,true,false,false,true,true,base,visual_match,true,true,1560,0.913,17.278,16384,1.000,1,1,true,0,10,0.046,0.002,219.726,27.341,0.588,55.775,303.547
picsum_596__downscale_0.75x,picsum_596,downscale_0.75x,downscale,borderline,true,false,false,true,true,base,visual_match,true,true,785,3.100,23.574,16380,1.000,1,1,true,0,20,0.050,0.002,190.948,21.809,0.457,55.299,268.646
picsum_596__jpeg_recompress_q90,picsum_596,jpeg_recompress_q90,jpeg_recompress,high,true,false,false,true,true,base,visual_match,true,true,1897,0.655,5.661,16384,1.000,1,1,true,0,2,0.143,0.003,306.539,26.757,0.327,57.223,391.135
picsum_598__brightness_plus10pct,picsum_598,brightness_plus10pct,brightness,borderline,true,false,false,true,true,base,visual_match,true,true,1790,1.670,17.112,16384,1.000,1,1,true,0,6,0.067,0.003,260.509,26.873,0.449,56.005,344.004
picsum_598__format_change_tiff,picsum_598,format_change_tiff,format_change,borderline,true,false,false,true,true,base,visual_match,true,true,2000,0.366,0.866,16384,1.000,1,1,true,0,0,0.501,0.002,216.584,33.229,0.516,58.942,310.299
picsum_598__rotate_180,picsum_598,rotate_180,rotate_cardinal,borderline,true,false,false,false,false,none,no_match,true,false,1809,2.322,62.230,16183,0.988,1,1,true,0,2,0.086,0.005,268.724,27.484,0.522,56.212,353.147
picsum_599__content_overlay_30pct,picsum_599,content_overlay_30pct,content_overlay,high,false,false,false,false,false,none,no_match,true,false,1216,25.021,158.209,16384,1.000,2,2,true,0,56,0.061,0.003,257.645,24.632,0.450,89.663,372.522
picsum_599__hue_shift_180deg,picsum_599,hue_shift_180deg,hue_shift,borderline,false,false,false,false,false,none,no_match,true,false,1595,11.109,50.140,16384,1.000,1,1,true,0,10,0.094,0.002,247.848,27.269,0.357,51.469,327.123
picsum_599__saturation_boost_2.0x,picsum_599,saturation_boost_2.0x,saturation_boost,borderline,false,false,false,true,true,base,visual_match,true,true,1630,6.154,27.498,16384,1.000,1,1,true,0,8,0.046,0.003,178.145,21.198,0.420,57.890,257.799
picsum_59__downscale_0.33x,picsum_59,downscale_0.33x,downscale,borderline,true,false,false,false,false,none,no_match,true,false,230,6.432,86.783,16160,0.986,1,1,true,0,38,0.013,0.005,114.118,9.775,0.540,31.961,156.446
picsum_59__jpeg_recompress_q50,picsum_59,jpeg_recompress_q50,jpeg_recompress,high,true,false,false,true,true,base,visual_match,true,true,1630,1.889,12.447,16384,1.000,1,1,true,0,16,0.053,0.003,177.198,24.279,0.523,55.674,257.870
picsum_5__brightness_minus10pct,picsum_5,brightness_minus10pct,brightness,borderline,true,false,false,true,true,base,visual_match,true,true,1791,6.081,29.697,16384,1.000,1,1,true,0,12,0.051,0.002,245.704,28.649,0.359,58.139,332.971
picsum_5__format_change_gif,picsum_5,format_change_gif,format_change,borderline,true,false,false,true,true,base,visual_match,true,true,2000,0.386,0.866,16384,1.000,1,1,true,0,2,0.457,0.003,218.755,32.933,0.647,65.005,318.227
picsum_5__p3_as_srgb_q70,picsum_5,p3_as_srgb_q70,p3_as_srgb,borderline,true,false,false,true,true,base,visual_match,true,true,1850,5.561,13.064,16384,1.000,1,1,true,0,2,0.047,0.003,203.656,19.891,0.430,46.065,270.219
picsum_600__content_overlay_15pct,picsum_600,content_overlay_15pct,content_overlay,high,false,false,false,false,false,none,no_match,true,false,1234,21.809,166.851,16384,1.000,2,2,true,0,44,0.055,0.003,198.836,22.303,0.500,83.638,305.428
picsum_600__heavy_crop_60pct,picsum_600,heavy_crop_60pct,heavy_crop,high,false,false,false,false,false,none,prefilter_empty,true,false,45,4.863,67.088,2804,0.171,0,0,false,-1,124,0.020,0.002,113.581,9.951,0.419,0.000,124.008
picsum_600__rotate_90,picsum_600,rotate_90,rotate_cardinal,borderline,true,false,false,true,true,base,visual_match,true,true,1870,2.387,31.451,16188,0.988,1,1,true,0,6,0.096,0.003,240.570,30.866,0.400,60.876,332.985
picsum_602__crop_border_5pct,picsum_602,crop_border_5pct,crop_border,borderline,true,false,false,true,true,base,visual_match,true,true,806,0.809,21.694,13086,0.799,1,1,true,0,80,0.052,0.003,226.497,25.652,0.386,35.254,287.902
picsum_602__jpeg_recompress_q20,picsum_602,jpeg_recompress_q20,jpeg_recompress,high,true,false,false,true,true,base,visual_match,true,true,723,2.978,16.129,16351,0.998,1,1,true,0,4,0.019,0.005,250.726,25.311,0.554,44.509,321.190
picsum_602__upscale_2.0x,picsum_602,upscale_2.0x,upscale,borderline,true,false,false,false,false,none,no_match,true,false,429,3.096,159.897,15853,0.968,1,1,true,0,6,0.059,0.002,593.252,41.946,0.511,53.803,689.673
picsum_603__downscale_256px,picsum_603,downscale_256px,downscale,borderline,true,false,false,false,false,none,no_match,true,false,179,5.517,71.283,16211,0.989,1,1,true,0,36,0.017,0.002,161.646,19.700,0.662,45.999,228.062
picsum_603__noise_sigma10,picsum_603,noise_sigma10,noise_light,high,true,false,false,true,true,base,visual_match,true,true,1716,1.953,8.778,16384,1.000,1,1,true,0,12,0.181,0.006,259.369,39.457,0.564,76.352,376.138
picsum_604__color_invert,picsum_604,color_invert,color_invert,high,false,false,false,false,false,none,no_match,true,false,7,51.674,191.609,15682,0.957,1,1,false,-1,112,0.066,0.003,262.239,28.452,0.487,63.080,354.468
picsum_604__heavy_crop_40pct,picsum_604,heavy_crop_40pct,heavy_crop,borderline,false,false,false,false,false,none,prefilter_empty,true,false,355,1.218,14.447,5776,0.353,0,0,false,-1,118,0.029,0.002,179.811,14.417,0.406,0.000,194.725
picsum_604__rotate_32deg,picsum_604,rotate_32deg,rotate_small,borderline,true,false,false,false,false,none,prefilter_empty,true,true,1074,1.271,25.629,13479,0.823,0,0,false,-1,112,0.076,0.003,183.296,21.474,0.503,0.000,205.471
picsum_605__crop_border_15pct,picsum_605,crop_border_15pct,crop_border,borderline,true,false,false,false,false,none,prefilter_empty,true,true,1028,1.405,12.337,7832,0.478,0,0,false,-1,116,0.068,0.002,141.436,16.954,0.407,0.000,158.909
picsum_605__hue_shift_60deg,picsum_605,hue_shift_60deg,hue_shift,borderline,false,false,false,false,false,none,no_match,true,false,1673,7.715,40.501,16384,1.000,2,2,true,0,4,0.084,0.003,252.627,30.436,0.492,107.371,391.106
picsum_605__sharpen_light,picsum_605,sharpen_light,sharpen,high,true,false,false,true,true,base,visual_match,true,true,1693,1.580,21.753,16384,1.000,1,1,true,0,10,0.073,0.004,242.915,29.194,0.525,57.800,330.644
picsum_606__downscale_0.75x,picsum_606,downscale_0.75x,downscale,borderline,true,false,false,true,true,base,visual_match,true,true,748,2.749,24.333,16384,1.000,1,1,true,0,28,0.094,0.004,223.109,24.031,0.537,53.219,301.104
picsum_606__jpeg_recompress_q90,picsum_606,jpeg_recompress_q90,jpeg_recompress,high,true,false,false,true,true,base,visual_match,true,true,1886,0.572,2.885,16384,1.000,2,2,true,0,8,0.134,0.005,266.656,34.470,0.534,65.407,367.431
picsum_607__brightness_plus10pct,picsum_607,brightness_plus10pct,brightness,borderline,true,false,false,true,true,base,visual_match,true,true,794,2.018,25.917,16100,0.983,1,1,true,0,12,0.054,0.003,221.891,21.148,0.438,36.461,280.099
picsum_607__format_change_tiff,picsum_607,format_change_tiff,format_change,borderline,true,false,false,true,true,base,visual_match,true,true,927,0.445,0.866,16384,1.000,1,1,true,0,2,0.338,0.008,160.968,19.343,0.408,40.797,222.272
picsum_607__rotate_180,picsum_607,rotate_180,rotate_cardinal,borderline,true,false,false,true,true,base,visual_match,true,true,818,1.580,15.977,16323,0.996,1,1,true,0,0,0.049,0.002,186.786,17.201,0.434,30.958,235.499
picsum_608__content_overlay_30pct,picsum_608,content_overlay_30pct,content_overlay,high,false,false,false,false,false,none,no_match,true,false,1689,26.957,159.291,16384,1.000,1,1,true,0,44,0.071,0.002,184.320,21.303,0.319,44.585,250.708
picsum_608__hue_shift_180deg,picsum_608,hue_shift_180deg,hue_shift,borderline,false,false,false,false,false,none,no_match,true,false,1100,19.808,95.137,16384,1.000,1,1,true,0,12,0.096,0.003,178.177,23.952,0.416,42.231,244.970
picsum_608__saturation_boost_2.0x,picsum_608,saturation_boost_2.0x,saturation_boost,borderline,false,false,false,false,false,none,no_match,true,false,1252,11.786,46.785,16384,1.000,1,1,true,0,16,0.094,0.002,235.398,31.756,0.490,62.687,330.519
picsum_609__downscale_0.33x,picsum_609,downscale_0.33x,downscale,borderline,true,false,false,false,false,none,no_match,true,false,214,10.441,70.672,16161,0.986,1,1,true,0,26,0.020,0.002,183.057,21.964,0.560,50.605,256.252
picsum_609__jpeg_recompress_q50,picsum_609,jpeg_recompress_q50,jpeg_recompress,high,true,false,false,true,true,base,visual_match,true,true,1714,2.131,10.519,16384,1.000,1,1,true,0,14,0.061,0.003,193.168,30.570,0.436,45.892,270.233
picsum_60__brightness_minus10pct,picsum_60,brightness_minus10pct,brightness,borderline,true,false,false,true,true,base,visual_match,true,true,876,1.180,4.406,16384,1.000,1,1,true,0,4,0.039,0.002,181.810,18.026,0.516,29.452,229.907
picsum_60__format_change_gif,picsum_60,format_change_gif,format_change,borderline,true,false,false,true,true,base,visual_match,true,true,1161,0.298,0.866,16384,1.000,1,1,true,0,0,0.245,0.003,164.000,22.738,0.435,36.577,224.355
picsum_60__p3_as_srgb_q70,picsum_60,p3_as_srgb_q70,p3_as_srgb,borderline,true,false,false,true,true,base,visual_match,true,true,838,4.581,12.519,16384,1.000,1,1,true,0,0,0.033,0.006,184.777,17.343,0.439,29.021,231.747
picsum_610__content_overlay_15pct,picsum_610,content_overlay_15pct,content_overlay,high,false,false,false,false,false,none,no_match,true,false,1088,18.752,153.955,16384,1.000,4,4,true,0,56,0.063,0.003,186.363,20.306,0.427,131.587,338.842
picsum_610__heavy_crop_60pct,picsum_610,heavy_crop_60pct,heavy_crop,high,false,false,false,false,false,none,prefilter_empty,true,false,48,40.274,128.408,5969,0.364,0,0,false,-1,118,0.018,0.003,121.830,9.467,0.443,0.002,131.809
picsum_610__rotate_90,picsum_610,rotate_90,rotate_cardinal,borderline,true,false,false,true,true,base,visual_match,true,true,1828,2.255,37.436,16256,0.992,3,3,true,0,2,0.071,0.002,176.386,21.684,0.478,41.747,240.471
picsum_611__crop_border_5pct,picsum_611,crop_border_5pct,crop_border,borderline,true,false,false,true,true,base,visual_match,true,true,1205,0.866,9.919,12996,0.793,1,1,true,0,82,0.044,0.002,176.423,34.049,0.511,54.638,265.726
picsum_611__jpeg_recompress_q20,picsum_611,jpeg_recompress_q20,jpeg_recompress,high,true,false,false,true,true,base,visual_match,true,true,1456,2.716,15.385,16384,1.000,1,1,true,0,10,0.028,0.002,256.112,27.116,0.539,57.322,341.171
picsum_611__upscale_2.0x,picsum_611,upscale_2.0x,upscale,borderline,true,false,false,true,true,base,visual_match,true,true,793,1.349,29.226,16199,0.989,2,2,true,0,6,0.107,0.002,547.666,55.655,0.317,78.481,682.327
picsum_612__downscale_256px,picsum_612,downscale_256px,downscale,borderline,true,false,false,false,false,none,no_match,true,false,199,4.025,62.833,16154,0.986,1,1,true,0,24,0.020,0.003,154.514,12.716,0.511,38.392,206.198
picsum_612__noise_sigma10,picsum_612,noise_sigma10,noise_light,high,true,false,false,true,true,base,visual_match,true,true,1672,1.923,11.329,16384,1.000,2,2,true,0,16,0.186,0.003,263.712,33.733,0.543,55.782,354.137
picsum_613__color_invert,picsum_613,color_invert,color_invert,high,false,false,false,false,false,none,no_match,true,false,0,+Inf,+Inf,0,0.000,2,2,false,-1,124,0.055,0.002,240.403,24.480,0.455,61.266,326.738
picsum_613__heavy_crop_40pct,picsum_613,heavy_crop_40pct,heavy_crop,borderline,false,false,false,false,false,none,prefilter_empty,true,false,396,0.905,33.963,5729,0.350,0,0,false,-1,116,0.033,0.003,173.771,17.657,0.514,0.002,192.035
picsum_613__rotate_32deg,picsum_613,rotate_32deg,rotate_small,borderline,true,false,false,false,false,none,prefilter_empty,true,true,1023,0.803,18.651,13488,0.823,0,0,false,-1,120,0.087,0.003,256.552,29.638,0.451,0.001,286.822
picsum_614__crop_border_15pct,picsum_614,crop_border_15pct,crop_border,borderline,true,false,false,false,false,none,prefilter_empty,true,true,1048,1.977,12.979,7832,0.478,0,0,false,-1,118,0.086,0.003,215.304,30.226,0.496,0.003,246.266
picsum_614__hue_shift_60deg,picsum_614,hue_shift_60deg,hue_shift,borderline,false,false,false,false,false,none,no_match,true,false,1841,7.572,64.048,16384,1.000,2,2,true,0,4,0.138,0.002,235.689,37.276,0.365,93.143,366.764
picsum_614__sharpen_light,picsum_614,sharpen_light,sharpen,high,true,false,false,true,true,base,visual_match,true,true,1674,2.766,24.203,16384,1.000,1,1,true,0,8,0.152,0.003,269.708,43.365,0.541,66.816,380.772
picsum_615__downscale_0.75x,picsum_615,downscale_0.75x,downscale,borderline,true,false,false,true,true,base,visual_match,true,true,376,1.625,14.393,16384,1.000,1,1,true,0,10,0.023,0.003,211.057,21.142,0.563,40.897,273.740
picsum_615__jpeg_recompress_q90,picsum_615,jpeg_recompress_q90,jpeg_recompress,high,true,false,false,true,true,base,visual_match,true,true,674,0.491,2.315,16384,1.000,1,1,true,0,2,0.045,0.003,191.017,20.221,0.531,27.817,239.724
picsum_616__brightness_plus10pct,picsum_616,brightness_plus10pct,brightness,borderline,true,false,false,true,true,base,visual_match,true,true,1842,0.917,5.580,16384,1.000,1,1,true,0,6,0.108,0.003,186.810,36.249,0.528,53.779,277.637
picsum_616__format_change_tiff,picsum_616,format_change_tiff,format_change,borderline,true,false,false,true,true,base,visual_match,true,true,2000,0.437,0.866,16384,1.000,1,1,true,0,0,0.612,0.004,171.299,30.709,0.306,48.102,251.770
picsum_616__rotate_180,picsum_616,rotate_180,rotate_cardinal,borderline,true,false,false,false,false,none,no_match,true,false,1806,5.504,39.727,16256,0.992,1,1,true,0,2,0.152,0.003,234.231,39.710,0.499,59.401,334.231
picsum_617__content_overlay_30pct,picsum_617,content_overlay_30pct,content_overlay,high,false,false,false,false,false,none,no_match,true,false,1838,23.081,134.350,16384,1.000,2,2,true,0,40,0.070,0.002,257.275,27.866,0.489,113.896,399.689
picsum_617__hue_shift_180deg,picsum_617,hue_shift_180deg,hue_shift,borderline,false,false,false,false,false,none,no_match,true,false,1016,42.474,162.025,16384,1.000,1,1,true,0,22,0.066,0.003,230.506,29.115,0.386,68.437,328.620
picsum_617__saturation_boost_2.0x,picsum_617,saturation_boost_2.0x,saturation_boost,borderline,false,false,false,false,false,none,no_match,true,false,852,24.424,49.446,16384,1.000,1,1,true,0,30,0.076,0.003,268.957,28.986,0.530,62.460,361.130
picsum_618__downscale_0.33x,picsum_618,downscale_0.33x,downscale,borderline,true,false,false,false,false,none,no_match,true,false,58,12.923,86.625,16164,0.987,1,1,true,0,38,0.024,0.002,143.253,12.728,0.445,42.689,199.181
picsum_618__jpeg_recompress_q50,picsum_618,jpeg_recompress_q50,jpeg_recompress,high,true,false,false,true,true,base,visual_match,true,true,1506,0.872,6.550,16384,1.000,1,1,true,0,10,0.077,0.003,176.672,29.309,0.453,45.922,252.572
picsum_619__brightness_minus10pct,picsum_619,brightness_minus10pct,brightness,borderline,true,false,false,true,true,base,visual_match,true,true,1768,1.866,12.623,16384,1.000,1,1,true,0,4,0.080,0.003,275.139,25.894,0.520,54.726,356.591
picsum_619__format_change_gif,picsum_619,format_change_gif,format_change,borderline,true,false,false,true,true,base,visual_match,true,true,2000,0.459,0.866,16384,1.000,1,1,true,0,0,0.598,0.002,172.689,27.374,0.542,52.393,254.223
picsum_619__p3_as_srgb_q70,picsum_619,p3_as_srgb_q70,p3_as_srgb,borderline,true,false,false,true,true,base,visual_match,true,true,1812,5.845,12.661,16384,1.000,1,1,true,0,2,0.045,0.003,180.778,25.929,0.631,44.534,252.017
picsum_61__content_overlay_15pct,picsum_61,content_overlay_15pct,content_overlay,high,false,false,false,false,false,none,no_match,true,false,1685,20.659,160.710,16384,1.000,1,1,true,0,54,0.092,0.003,226.375,29.500,0.456,50.720,307.259
picsum_61__heavy_crop_60pct,picsum_61,heavy_crop_60pct,heavy_crop,high,false,false,false,false,false,none,prefilter_empty,true,false,232,1.021,9.417,2500,0.153,0,0,false,-1,114,0.052,0.003,170.483,16.903,0.478,0.000,187.992
picsum_61__rotate_90,picsum_61,rotate_90,rotate_cardinal,borderline,true,false,false,false,false,none,no_match,true,false,1804,3.402,39.432,16256,0.992,2,2,true,0,6,0.117,0.003,256.536,34.653,0.351,107.399,399.239
picsum_620__crop_border_5pct,picsum_620,crop_border_5pct,crop_border,borderline,true,false,false,false,false,none,prefilter_empty,true,true,977,0.612,11.375,12996,0.793,0,0,false,-1,110,0.061,0.003,218.982,24.675,0.476,0.000,244.301
picsum_620__jpeg_recompress_q20,picsum_620,jpeg_recompress_q20,jpeg_recompress,high,true,false,false,true,true,base,visual_match,true,true,1273,1.319,10.167,16384,1.000,1,1,true,0,24,0.031,0.002,245.010,26.838,0.530,57.791,330.269
picsum_620__upscale_2.0x,picsum_620,upscale_2.0x,upscale,borderline,true,false,false,true,true,base,visual_match,true,true,716,1.331,24.214,16221,0.990,1,1,true,0,18,0.118,0.003,532.301,55.336,0.486,79.420,667.824
picsum_621__downscale_256px,picsum_621,downscale_256px,downscale,borderline,true,false,false,false,false,none,no_match,true,false,59,5.764,125.103,15547,0.949,1,1,true,0,34,0.017,0.003,156.241,10.323,0.540,32.939,200.094
picsum_621__noise_sigma10,picsum_621,noise_sigma10,noise_light,high,true,false,false,true,true,base,visual_match,true,true,1260,1.983,8.468,16384,1.000,1,1,true,0,16,0.158,0.005,246.183,30.789,0.528,49.002,326.868
picsum_622__color_invert,picsum_622,color_invert,color_invert,high,false,false,false,false,false,none,no_match,true,false,4,96.295,174.607,16167,0.987,1,1,false,-1,118,0.069,0.002,268.447,32.996,0.419,19.063,321.140
picsum_622__heavy_crop_40pct,picsum_622,heavy_crop_40pct,heavy_crop,borderline,false,false,false,false,false,none,prefilter_empty,true,false,469,0.986,8.847,5776,0.353,0,0,false,-1,108,0.046,0.004,188.272,20.554,0.438,0.000,209.413
picsum_622__rotate_32deg,picsum_622,rotate_32deg,rotate_small,borderline,true,false,false,false,false,none,no_match,true,true,1112,1.050,24.211,13465,0.822,1,1,false,-1,104,0.097,0.003,256.469,33.521,0.537,26.574,317.354
picsum_623__crop_border_15pct,picsum_623,crop_border_15pct,crop_border,borderline,true,false,false,false,false,none,prefilter_empty,true,true,578,1.121,21.035,7827,0.478,0,0,false,-1,120,0.040,0.003,187.066,19.948,0.378,0.000,207.498
picsum_623__hue_shift_60deg,picsum_623,hue_shift_60deg,hue_shift,borderline,false,false,false,false,false,none,no_match,true,false,1338,19.025,103.370,16359,0.998,2,2,true,0,20,0.107,0.002,243.878,29.239,0.502,98.509,372.306
picsum_623__sharpen_light,picsum_623,sharpen_light,sharpen,high,true,false,false,true,true,base,visual_match,true,true,1671,1.288,27.196,16384,1.000,1,1,true,0,12,0.073,0.003,278.237,30.954,0.585,55.602,365.559
picsum_625__downscale_0.75x,picsum_625,downscale_0.75x,downscale,borderline,true,false,false,true,true,base,visual_match,true,true,749,1.939,18.208,16355,0.998,1,1,true,0,12,0.042,0.004,202.360,24.573,0.478,55.149,282.690
picsum_625__jpeg_recompress_q90,picsum_625,jpeg_recompress_q90,jpeg_recompress,high,true,false,false,true,true,base,visual_match,true,true,1916,0.547,4.060,16384,1.000,1,1,true,0,0,0.109,0.004,262.229,34.956,0.537,63.791,361.724
picsum_626__brightness_plus10pct,picsum_626,brightness_plus10pct,brightness,borderline,true,false,false,true,true,base,visual_match,true,true,1808,5.565,29.288,16384,1.000,1,1,true,0,8,0.056,0.003,243.714,27.218,0.625,72.674,344.386
picsum_626__format_change_tiff,picsum_626,format_change_tiff,format_change,borderline,true,false,false,true,true,base,visual_match,true,true,1989,0.400,0.866,16384,1.000,2,2,true,0,2,0.437,0.003,229.146,35.215,0.393,74.092,339.724
picsum_626__rotate_180,picsum_626,rotate_180,rotate_cardinal,borderline,true,false,false,false,false,none,no_match,true,false,1550,2.313,70.214,16206,0.989,2,2,true,0,0,0.085,0.003,256.104,25.909,0.470,122.499,405.155
picsum_627__content_overlay_30pct,picsum_627,content_overlay_30pct,content_overlay,high,false,false,false,false,false,none,no_match,true,false,1542,33.817,190.599,16384,1.000,1,1,true,0,46,0.066,0.003,180.797,25.117,0.475,42.972,249.512
picsum_627__hue_shift_180deg,picsum_627,hue_shift_180deg,hue_shift,borderline,false,false,false,false,false,none,no_match,true,false,890,52.985,149.579,16384,1.000,1,1,true,0,20,0.066,0.003,193.215,32.591,0.561,61.091,287.650
picsum_627__saturation_boost_2.0x,picsum_627,saturation_boost_2.0x,saturation_boost,borderline,false,false,false,false,false,none,no_match,true,false,1495,11.388,40.055,16384,1.000,1,1,true,0,10,0.070,0.003,183.417,24.035,0.432,46.315,254.354
picsum_628__downscale_0.33x,picsum_628,downscale_0.33x,downscale,borderline,true,false,false,false,false,none,no_match,true,false,255,6.137,73.580,16127,0.984,1,1,true,0,26,0.020,0.003,122.482,9.776,0.494,34.991,167.815
picsum_628__jpeg_recompress_q50,picsum_628,jpeg_recompress_q50,jpeg_recompress,high,true,false,false,true,true,base,visual_match,true,true,1612,2.061,9.047,16384,1.000,2,2,true,0,8,0.042,0.003,172.599,22.051,0.476,51.726,246.975
picsum_629__brightness_minus10pct,picsum_629,brightness_minus10pct,brightness,borderline,true,false,false,true,true,base,visual_match,true,true,1599,1.429,25.764,16384,1.000,1,1,true,0,12,0.066,0.003,184.700,26.303,0.358,44.862,256.383
picsum_629__format_change_gif,picsum_629,format_change_gif,format_change,borderline,true,false,false,true,true,base,visual_match,true,true,2000,0.436,0.866,16384,1.000,1,1,true,0,2,0.503,0.003,188.144,28.982,0.409,52.407,271.083
picsum_629__p3_as_srgb_q70,picsum_629,p3_as_srgb_q70,p3_as_srgb,borderline,true,false,false,false,false,none,no_match,true,false,1853,8.405,12.587,16384,1.000,1,1,true,0,8,0.052,0.003,173.132,22.633,0.454,62.280,258.638
picsum_62__content_overlay_15pct,picsum_62,content_overlay_15pct,content_overlay,high,false,false,false,false,false,none,no_match,true,false,1505,21.260,158.427,16384,1.000,1,1,true,0,36,0.046,0.002,171.804,18.550,0.274,37.727,228.484
picsum_62__heavy_crop_60pct,picsum_62,heavy_crop_60pct,heavy_crop,high,false,false,false,false,false,none,no_match,true,false,82,1.039,4.026,2500,0.153,1,1,false,-1,120,0.019,0.003,119.560,8.454,0.448,28.393,156.936
picsum_62__rotate_90,picsum_62,rotate_90,rotate_cardinal,borderline,true,false,false,true,true,base,visual_match,true,true,1535,1.413,22.064,16318,0.996,1,1,true,0,0,0.053,0.003,183.264,19.487,0.289,38.300,241.486
picsum_630__crop_border_5pct,picsum_630,crop_border_5pct,crop_border,borderline,true,false,false,true,true,base,visual_match,true,true,1134,0.830,15.477,12996,0.793,3,3,true,0,76,0.048,0.003,178.570,19.655,0.339,40.216,238.906
picsum_630__jpeg_recompress_q20,picsum_630,jpeg_recompress_q20,jpeg_recompress,high,true,false,false,true,true,base,visual_match,true,true,1485,2.620,11.086,16384,1.000,1,1,true,0,22,0.022,0.003,179.808,26.398,0.508,61.123,267.931
picsum_630__upscale_2.0x,picsum_630,upscale_2.0x,upscale,borderline,true,false,false,true,true,base,visual_match,true,true,844,1.392,25.882,16206,0.989,1,1,true,0,12,0.085,0.002,395.803,58.159,0.514,81.171,535.818
picsum_631__downscale_256px,picsum_631,downscale_256px,downscale,borderline,true,false,false,false,false,none,no_match,true,false,70,3.541,109.465,15916,0.971,1,1,true,0,16,0.018,0.003,152.778,12.333,0.672,30.132,195.972
picsum_631__noise_sigma10,picsum_631,noise_sigma10,noise_light,high,true,false,false,true,true,base,visual_match,true,true,638,1.986,20.851,16321,0.996,2,2,true,0,18,0.159,0.004,274.030,24.194,0.448,39.056,337.998
picsum_633__color_invert,picsum_633,color_invert,color_invert,high,false,false,false,false,false,none,prefilter_empty,true,false,5,45.197,190.438,16179,0.987,0,0,false,-1,126,0.082,0.002,258.828,31.442,0.474,0.001,290.945
picsum_633__heavy_crop_40pct,picsum_633,heavy_crop_40pct,heavy_crop,borderline,false,false,false,false,false,none,prefilter_empty,true,false,351,1.530,27.505,5776,0.353,0,0,false,-1,118,0.033,0.005,182.417,18.071,0.393,0.000,200.989
picsum_633__rotate_32deg,picsum_633,rotate_32deg,rotate_small,borderline,true,false,false,false,false,none,prefilter_empty,true,false,1020,2.765,62.340,13513,0.825,0,0,false,-1,124,0.093,0.004,267.300,33.849,0.491,0.001,301.917
picsum_634__crop_border_15pct,picsum_634,crop_border_15pct,crop_border,borderline,true,false,false,false,false,none,prefilter_empty,true,true,811,1.648,22.285,7878,0.481,0,0,false,-1,106,0.054,0.005,214.292,23.263,0.499,0.000,238.233
picsum_634__hue_shift_60deg,picsum_634,hue_shift_60deg,hue_shift,borderline,false,false,false,false,false,none,no_match,true,false,1513,11.815,43.479,16384,1.000,2,2,true,0,10,0.077,0.002,228.856,24.321,0.535,65.768,319.651
picsum_634__sharpen_light,picsum_634,sharpen_light,sharpen,high,true,false,false,true,true,base,visual_match,true,true,1616,0.974,9.820,16384,1.000,2,2,true,0,6,0.069,0.004,177.645,22.435,0.485,54.019,254.784
picsum_635__downscale_0.75x,picsum_635,downscale_0.75x,downscale,borderline,true,false,false,true,true,base,visual_match,true,true,744,2.419,22.952,16384,1.000,1,1,true,0,4,0.026,0.003,146.245,19.852,0.428,53.423,220.046
picsum_635__jpeg_recompress_q90,picsum_635,jpeg_recompress_q90,jpeg_recompress,high,true,false,false,true,true,base,visual_match,true,true,1882,0.637,2.860,16384,1.000,1,1,true,0,0,0.066,0.004,238.159,26.742,0.558,63.193,328.799
picsum_637__brightness_plus10pct,picsum_637,brightness_plus10pct,brightness,borderline,true,false,false,true,true,base,visual_match,true,true,1602,2.936,15.846,16384,1.000,1,1,true,0,6,0.067,0.034,266.861,26.478,0.588,70.154,364.283
picsum_637__format_change_tiff,picsum_637,format_change_tiff,format_change,borderline,true,false,false,true,true,base,visual_match,true,true,1882,0.431,0.866,16384,1.000,1,1,true,0,2,0.467,0.004,220.045,33.515,0.620,64.166,319.325
picsum_637__rotate_180,picsum_637,rotate_180,rotate_cardinal,borderline,true,false,false,false,false,none,no_match,true,false,1723,2.366,72.771,16291,0.994,1,1,true,0,0,0.081,0.004,270.768,26.581,0.509,59.847,357.928
picsum_638__content_overlay_30pct,picsum_638,content_overlay_30pct,content_overlay,high,false,false,false,false,false,none,no_match,true,false,1113,22.886,130.161,16384,1.000,1,1,true,0,30,0.072,0.003,277.965,25.472,0.580,44.411,348.581
picsum_638__hue_shift_180deg,picsum_638,hue_shift_180deg,hue_shift,borderline,false,false,false,false,false,none,no_match,true,false,815,42.609,81.227,16384,1.000,3,3,true,0,8,0.044,0.002,222.260,23.863,0.515,78.808,325.553
picsum_638__saturation_boost_2.0x,picsum_638,saturation_boost_2.0x,saturation_boost,borderline,false,false,false,false,false,none,no_match,true,false,713,15.111,35.265,16129,0.984,2,2,true,0,26,0.044,0.003,218.086,23.248,0.420,92.274,334.149
picsum_639__downscale_0.33x,picsum_639,downscale_0.33x,downscale,borderline,true,false,false,false,false,none,no_match,true,false,186,8.313,82.298,16042,0.979,2,2,true,0,46,0.031,0.006,183.932,17.366,0.625,68.514,270.542
picsum_639__jpeg_recompress_q50,picsum_639,jpeg_recompress_q50,jpeg_recompress,high,true,false,false,true,true,base,visual_match,true,true,1727,2.462,12.660,16384,1.000,1,1,true,0,16,0.074,0.006,249.555,30.915,0.521,51.732,332.903
picsum_63__brightness_minus10pct,picsum_63,brightness_minus10pct,brightness,borderline,true,false,false,true,true,base,visual_match,true,true,106,5.914,25.231,16270,0.993,1,1,true,0,8,0.030,0.003,259.425,24.342,0.614,36.609,321.092
picsum_63__format_change_gif,picsum_63,format_change_gif,format_change,borderline,true,false,false,true,true,base,visual_match,true,true,146,0.317,0.866,16384,1.000,1,1,true,0,0,0.218,0.003,202.206,22.294,0.499,37.674,263.138
picsum_63__p3_as_srgb_q70,picsum_63,p3_as_srgb_q70,p3_as_srgb,borderline,true,false,false,true,true,base,visual_match,true,true,124,6.599,15.715,16384,1.000,1,1,true,0,4,0.024,0.003,196.614,21.028,0.528,31.859,250.118
picsum_640__content_overlay_15pct,picsum_640,content_overlay_15pct,content_overlay,high,false,false,false,false,false,none,no_match,true,false,1696,19.546,155.000,16384,1.000,1,1,true,0,48,0.141,0.003,225.917,32.290,0.434,50.333,309.260
picsum_640__heavy_crop_60pct,picsum_640,heavy_crop_60pct,heavy_crop,high,false,false,false,false,false,none,prefilter_empty,true,false,115,2.796,26.630,2518,0.154,0,0,false,-1,120,0.040,0.003,161.298,17.927,0.478,0.001,179.817
picsum_640__rotate_90,picsum_640,rotate_90,rotate_cardinal,borderline,true,false,false,false,false,none,no_match,true,false,1877,4.568,57.649,16337,0.997,1,1,true,0,4,0.183,0.003,248.501,49.796,0.539,67.784,367.047
picsum_641__crop_border_5pct,picsum_641,crop_border_5pct,crop_border,borderline,true,false,false,false,false,none,no_match,true,true,701,0.950,17.589,13128,0.801,2,2,false,-1,108,0.037,0.002,218.090,28.247,0.660,72.150,319.243
picsum_641__jpeg_recompress_q20,picsum_641,jpeg_recompress_q20,jpeg_recompress,high,true,false,false,true,true,base,visual_match,true,true,685,3.191,13.433,16384,1.000,1,1,true,0,22,0.018,0.027,206.903,22.687,0.508,37.098,267.294
picsum_641__upscale_2.0x,picsum_641,upscale_2.0x,upscale,borderline,true,false,false,true,true,base,visual_match,true,true,443,1.081,12.189,16151,0.986,1,1,true,0,8,0.054,0.004,542.530,42.925,0.473,52.469,638.569
picsum_642__downscale_256px,picsum_642,downscale_256px,downscale,borderline,true,false,false,false,false,none,no_match,true,false,140,6.405,229.542,16193,0.988,1,1,true,0,22,0.015,0.002,160.833,11.466,0.362,33.154,205.862
picsum_642__noise_sigma10,picsum_642,noise_sigma10,noise_light,high,true,false,false,true,true,base,visual_match,true,true,1542,1.856,7.763,16384,1.000,1,1,true,0,12,0.152,0.002,251.114,29.799,0.496,64.858,346.540
picsum_643__color_invert,picsum_643,color_invert,color_invert,high,false,false,false,false,false,none,prefilter_empty,true,false,6,72.414,194.819,14588,0.890,0,0,false,-1,124,0.070,0.002,240.450,33.107,0.666,0.003,274.429
picsum_643__heavy_crop_40pct,picsum_643,heavy_crop_40pct,heavy_crop,borderline,false,false,false,false,false,none,no_match,true,false,555,1.619,38.939,5776,0.353,3,3,false,-1,124,0.034,0.003,189.053,17.411,0.528,141.079,348.161
picsum_643__rotate_32deg,picsum_643,rotate_32deg,rotate_small,borderline,true,false,false,false,false,none,prefilter_empty,true,false,980,1.771,39.561,13436,0.820,0,0,false,-1,120,0.178,0.002,298.978,36.230,0.598,0.001,336.149
picsum_645__crop_border_15pct,picsum_645,crop_border_15pct,crop_border,borderline,true,false,false,false,false,none,no_match,true,true,590,1.614,24.422,7927,0.484,2,2,false,-1,116,0.053,0.004,139.687,18.417,0.427,58.595,217.279
picsum_645__hue_shift_60deg,picsum_645,hue_shift_60deg,hue_shift,borderline,false,false,false,false,false,none,no_match,true,false,1524,22.573,75.951,16384,1.000,2,2,true,0,8,0.080,0.002,171.899,24.216,0.431,73.475,270.222
picsum_645__sharpen_light,picsum_645,sharpen_light,sharpen,high,true,false,false,true,true,base,visual_match,true,true,1627,2.097,20.066,16384,1.000,1,1,true,0,10,0.086,0.002,183.638,25.689,0.408,49.767,259.682
picsum_646__downscale_0.75x,picsum_646,downscale_0.75x,downscale,borderline,true,false,false,true,true,base,visual_match,true,true,717,2.344,22.451,16175,0.987,3,3,true,0,16,0.030,0.002,147.059,18.026,0.420,41.796,207.389
picsum_646__jpeg_recompress_q90,picsum_646,jpeg_recompress_q90,jpeg_recompress,high,true,false,false,true,true,base,visual_match,true,true,1882,0.629,3.913,16384,1.000,1,1,true,0,0,0.061,0.002,174.836,20.566,0.285,45.953,241.810
picsum_648__brightness_plus10pct,picsum_648,brightness_plus10pct,brightness,borderline,true,false,false,true,true,base,visual_match,true,true,1843,0.880,11.206,16384,1.000,2,2,true,0,6,0.086,0.003,182.705,27.211,0.484,61.687,272.292
picsum_648__format_change_tiff,picsum_648,format_change_tiff,format_change,borderline,true,false,false,true,true,base,visual_match,true,true,2000,0.438,0.866,16384,1.000,2,2,true,0,0,0.694,0.003,201.953,36.971,0.593,63.039,303.849
picsum_648__rotate_180,picsum_648,rotate_180,rotate_cardinal,borderline,true,false,false,true,true,base,visual_match,true,true,1887,3.221,37.209,16174,0.987,3,3,true,0,4,0.166,0.004,282.559,36.915,0.561,61.369,381.724
picsum_649__content_overlay_30pct,picsum_649,content_overlay_30pct,content_overlay,high,false,false,false,false,false,none,no_match,true,false,1294,26.882,160.286,16384,1.000,2,2,true,0,58,0.086,0.003,264.053,36.458,0.490,120.152,421.367
picsum_649__hue_shift_180deg,picsum_649,hue_shift_180deg,hue_shift,borderline,false,false,false,false,false,none,no_match,true,false,1349,27.076,74.187,16384,1.000,1,1,true,0,12,0.093,0.002,275.731,32.691,0.458,64.469,373.578
picsum_649__saturation_boost_2.0x,picsum_649,saturation_boost_2.0x,saturation_boost,borderline,false,false,false,false,false,none,no_match,true,false,1109,20.955,40.111,16384,1.000,1,1,true,0,10,0.117,0.002,248.706,33.151,0.529,55.393,337.980
picsum_64__downscale_0.33x,picsum_64,downscale_0.33x,downscale,borderline,true,false,false,false,false,none,no_match,true,false,204,3.992,75.937,16144,0.985,2,2,true,0,16,0.017,0.002,165.871,15.963,0.514,55.026,237.474
picsum_64__jpeg_recompress_q50,picsum_64,jpeg_recompress_q50,jpeg_recompress,high,true,false,false,true,true,base,visual_match,true,true,1582,1.523,23.154,16308,0.995,2,2,true,0,4,0.039,0.003,261.293,26.359,0.418,53.637,341.831
picsum_650__brightness_minus10pct,picsum_650,brightness_minus10pct,brightness,borderline,true,false,false,true,true,base,visual_match,true,true,1829,0.781,8.619,16384,1.000,1,1,true,0,4,0.069,0.003,248.481,29.023,0.473,63.031,341.172
picsum_650__format_change_gif,picsum_650,format_change_gif,format_change,borderline,true,false,false,true,true,base,visual_match,true,true,1950,0.362,0.866,16384,1.000,1,1,true,0,0,0.536,0.003,221.830,38.561,0.596,82.119,344.100
picsum_650__p3_as_srgb_q70,picsum_650,p3_as_srgb_q70,p3_as_srgb,borderline,true,false,false,true,true,base,visual_match,true,true,1838,5.714,12.685,16384,1.000,1,1,true,0,4,0.047,0.003,188.228,20.706,0.472,46.785,256.328
picsum_651__content_overlay_15pct,picsum_651,content_overlay_15pct,content_overlay,high,false,false,false,false,false,none,no_match,true,false,1843,20.835,170.578,16384,1.000,1,1,true,0,44,0.088,0.003,182.461,28.918,0.407,56.956,268.982
picsum_651__heavy_crop_60pct,picsum_651,heavy_crop_60pct,heavy_crop,high,false,false,false,false,false,none,no_match,true,false,37,3.914,51.217,2591,0.158,1,1,false,-1,114,0.025,0.003,122.583,11.847,0.469,18.535,153.519
picsum_651__rotate_90,picsum_651,rotate_90,rotate_cardinal,borderline,true,false,false,false,false,none,no_match,true,false,1873,4.526,41.088,16314,0.996,1,1,true,0,4,0.133,0.003,177.815,31.474,0.453,51.504,261.517
picsum_652__crop_border_5pct,picsum_652,crop_border_5pct,crop_border,borderline,true,false,false,false,false,none,prefilter_empty,true,true,1262,0.994,10.330,12996,0.793,0,0,false,-1,86,0.040,0.003,157.434,20.023,0.436,0.004,178.001
picsum_652__jpeg_recompress_q20,picsum_652,jpeg_recompress_q20,jpeg_recompress,high,true,false,false,true,true,base,visual_match,true,true,1326,3.213,14.775,16384,1.000,1,1,true,0,10,0.027,0.004,180.215,22.234,0.448,47.721,250.704
picsum_652__upscale_2.0x,picsum_652,upscale_2.0x,upscale,borderline,true,false,false,true,true,base,visual_match,true,true,943,1.230,19.673,16353,0.998,1,1,true,0,8,0.069,0.003,487.314,48.064,0.486,79.709,615.738
picsum_653__downscale_256px,picsum_653,downscale_256px,downscale,borderline,true,false,false,false,false,none,no_match,true,false,78,5.609,83.457,15358,0.937,2,2,true,0,34,0.022,0.003,167.224,9.783,0.427,32.900,210.399
picsum_653__noise_sigma10,picsum_653,noise_sigma10,noise_light,high,true,false,false,true,true,base,visual_match,true,true,1216,1.910,10.857,16384,1.000,1,1,true,0,34,0.179,0.004,249.543,28.027,0.641,51.793,330.328
picsum_654__color_invert,picsum_654,color_invert,color_invert,high,false,false,false,false,false,none,prefilter_empty,true,false,0,+Inf,+Inf,0,0.000,0,0,false,-1,124,0.068,0.003,237.309,26.285,0.453,0.000,264.184
picsum_654__heavy_crop_40pct,picsum_654,heavy_crop_40pct,heavy_crop,borderline,false,false,false,false,false,none,no_match,true,false,128,0.722,10.990,5776,0.353,1,1,false,-1,116,0.024,0.003,180.705,16.698,0.499,4.627,202.605
picsum_654__rotate_32deg,picsum_654,rotate_32deg,rotate_small,borderline,true,false,false,false,false,none,prefilter_empty,true,true,825,1.010,20.737,13494,0.824,0,0,false,-1,124,0.057,0.003,236.585,27.351,0.554,0.000,264.669
picsum_655__crop_border_15pct,picsum_655,crop_border_15pct,crop_border,borderline,true,false,false,false,false,none,prefilter_empty,true,true,712,1.775,18.985,7832,0.478,0,0,false,-1,120,0.057,0.003,187.355,19.235,0.473,0.002,207.222
picsum_655__hue_shift_60deg,picsum_655,hue_shift_60deg,hue_shift,borderline,false,false,false,false,false,none,no_match,true,false,567,25.485,157.641,16384,1.000,2,2,true,0,34,0.079,0.003,177.454,21.818,0.395,68.559,268.411
picsum_655__sharpen_light,picsum_655,sharpen_light,sharpen,high,true,false,false,true,true,base,visual_match,true,true,1682,1.704,20.169,16384,1.000,1,1,true,0,10,0.118,0.003,226.738,30.071,0.586,55.259,312.925
picsum_656__downscale_0.75x,picsum_656,downscale_0.75x,downscale,borderline,true,false,false,true,true,base,visual_match,true,true,709,1.320,15.364,16384,1.000,3,3,true,0,12,0.051,0.005,213.195,25.349,0.535,45.171,284.366
picsum_656__jpeg_recompress_q90,picsum_656,jpeg_recompress_q90,jpeg_recompress,high,true,false,false,true,true,base,visual_match,true,true,1819,0.503,13.500,16384,1.000,3,3,true,0,2,0.058,0.006,240.860,29.063,0.623,61.583,332.300
picsum_657__brightness_plus10pct,picsum_657,brightness_plus10pct,brightness,borderline,true,false,false,true,true,base,visual_match,true,true,1764,0.805,3.596,16384,1.000,1,1,true,0,10,0.104,0.002,237.970,39.732,0.453,72.011,350.390
picsum_657__format_change_tiff,picsum_657,format_change_tiff,format_change,borderline,true,false,false,true,true,base,visual_match,true,true,1994,0.439,0.844,16384,1.000,1,1,true,0,0,0.516,0.005,204.583,33.209,0.573,63.362,302.744
picsum_657__rotate_180,picsum_657,rotate_180,rotate_cardinal,borderline,true,false,false,false,false,none,no_match,true,false,1556,7.829,87.535,15918,0.972,1,1,true,0,2,0.124,0.003,228.685,31.654,0.484,58.063,319.138
picsum_658__content_overlay_30pct,picsum_658,content_overlay_30pct,content_overlay,high,false,false,false,false,false,none,no_match,true,false,1724,23.261,158.243,16384,1.000,1,1,true,0,34,0.078,0.002,223.240,27.089,0.355,46.179,297.015
picsum_658__hue_shift_180deg,picsum_658,hue_shift_180deg,hue_shift,borderline,false,false,false,false,false,none,no_match,true,false,1353,13.035,74.899,16384,1.000,1,1,true,0,8,0.090,0.003,235.582,35.954,0.583,67.120,339.487
picsum_658__saturation_boost_2.0x,picsum_658,saturation_boost_2.0x,saturation_boost,borderline,false,false,false,false,false,none,no_match,true,false,1341,8.654,41.285,16384,1.000,2,2,true,0,4,0.087,0.005,191.516,27.833,0.996,121.249,341.801
picsum_659__downscale_0.33x,picsum_659,downscale_0.33x,downscale,borderline,true,false,false,false,false,none,no_match,true,false,217,3.279,65.653,16211,0.989,1,1,true,0,12,0.019,0.008,161.101,13.398,0.572,43.644,218.797
picsum_659__jpeg_recompress_q50,picsum_659,jpeg_recompress_q50,jpeg_recompress,high,true,false,false,true,true,base,visual_match,true,true,1579,1.379,8.400,16384,1.000,2,2,true,0,6,0.036,0.002,213.733,27.717,0.498,68.945,310.994
picsum_65__brightness_minus10pct,picsum_65,brightness_minus10pct,brightness,borderline,true,false,false,true,true,base,visual_match,true,true,1580,1.022,16.145,16384,1.000,1,1,true,0,6,0.066,0.003,264.695,30.427,0.560,53.838,349.685
picsum_65__format_change_gif,picsum_65,format_change_gif,format_change,borderline,true,false,false,true,true,base,visual_match,true,true,1781,0.393,0.866,16384,1.000,1,1,true,0,0,0.553,0.005,240.149,33.579,0.484,57.198,332.470
picsum_65__p3_as_srgb_q70,picsum_65,p3_as_srgb_q70,p3_as_srgb,borderline,true,false,false,true,true,base,visual_match,true,true,1452,6.535,13.868,16384,1.000,1,1,true,0,6,0.055,0.003,252.132,25.305,0.540,48.931,327.088
picsum_660__content_overlay_15pct,picsum_660,content_overlay_15pct,content_overlay,high,false,false,false,false,false,none,no_match,true,false,1374,20.156,170.508,16384,1.000,2,2,true,0,26,0.038,0.003,251.735,26.267,0.505,86.925,365.535
picsum_660__heavy_crop_60pct,picsum_660,heavy_crop_60pct,heavy_crop,high,false,false,false,false,false,none,no_match,true,false,151,1.391,10.592,2500,0.153,1,1,false,-1,128,0.019,0.004,163.342,13.174,0.734,34.420,211.735
picsum_660__rotate_90,picsum_660,rotate_90,rotate_cardinal,borderline,true,false,false,true,true,base,visual_match,true,true,1666,1.302,31.209,16129,0.984,3,3,true,0,4,0.070,0.003,243.897,29.768,0.534,57.490,331.840
picsum_661__crop_border_5pct,picsum_661,crop_border_5pct,crop_border,borderline,true,false,false,true,true,base,visual_match,true,true,733,0.796,13.988,12996,0.793,3,3,true,0,90,0.038,0.003,273.291,21.903,0.567,37.036,332.899
picsum_661__jpeg_recompress_q20,picsum_661,jpeg_recompress_q20,jpeg_recompress,high,true,false,false,true,true,base,visual_match,true,true,573,2.731,15.450,16384,1.000,2,2,true,0,8,0.020,0.002,242.417,33.866,0.706,39.719,316.811
picsum_661__upscale_2.0x,picsum_661,upscale_2.0x,upscale,borderline,true,false,false,false,false,none,no_match,true,false,455,1.240,38.640,16142,0.985,4,4,true,0,4,0.072,0.003,547.928,45.950,0.605,158.659,753.329
picsum_662__downscale_256px,picsum_662,downscale_256px,downscale,borderline,true,false,false,false,false,none,no_match,true,false,158,3.079,91.339,16038,0.979,4,4,true,0,8,0.014,0.007,151.965,10.963,0.559,92.655,256.191
picsum_662__noise_sigma10,picsum_662,noise_sigma10,noise_light,high,true,false,false,true,true,base,visual_match,true,true,1412,2.105,17.197,16384,1.000,3,3,true,0,8,0.143,0.003,256.352,27.292,0.528,61.989,346.482
picsum_663__color_invert,picsum_663,color_invert,color_invert,high,false,false,false,false,false,none,prefilter_empty,true,false,5,38.356,156.468,15487,0.945,0,0,false,-1,116,0.111,0.003,262.741,32.792,0.713,0.001,296.504
picsum_663__heavy_crop_40pct,picsum_663,heavy_crop_40pct,heavy_crop,borderline,false,false,false,false,false,none,prefilter_empty,true,false,434,0.590,5.251,5776,0.353,0,0,false,-1,116,0.048,0.004,204.917,22.450,0.502,0.000,227.986
picsum_663__rotate_32deg,picsum_663,rotate_32deg,rotate_small,borderline,true,false,false,false,false,none,prefilter_empty,true,true,869,0.979,14.438,13471,0.822,0,0,false,-1,118,0.098,0.003,184.444,25.169,0.426,0.000,210.266
picsum_664__crop_border_15pct,picsum_664,crop_border_15pct,crop_border,borderline,true,false,false,false,false,none,no_match,true,true,1011,0.975,8.814,7832,0.478,1,1,false,-1,130,0.120,0.005,199.981,19.113,0.421,14.539,234.239
picsum_664__hue_shift_60deg,picsum_664,hue_shift_60deg,hue_shift,borderline,false,false,false,false,false,none,no_match,true,false,1659,11.398,32.350,16384,1.000,1,1,true,0,10,0.072,0.002,313.544,30.009,0.494,64.648,408.849
picsum_664__sharpen_light,picsum_664,sharpen_light,sharpen,high,true,false,false,true,true,base,visual_match,true,true,1666,1.049,11.093,16384,1.000,1,1,true,0,14,0.078,0.003,265.245,32.330,0.489,59.743,357.986
picsum_665__downscale_0.75x,picsum_665,downscale_0.75x,downscale,borderline,true,false,false,true,true,base,visual_match,true,true,644,2.011,28.978,16065,0.981,2,2,true,0,20,0.034,0.003,213.972,20.746,0.527,52.265,287.629
picsum_665__jpeg_recompress_q90,picsum_665,jpeg_recompress_q90,jpeg_recompress,high,true,false,false,true,true,base,visual_match,true,true,1843,0.495,3.251,16384,1.000,1,1,true,0,2,0.087,0.003,253.370,27.358,0.533,59.795,341.229
picsum_666__brightness_plus10pct,picsum_666,brightness_plus10pct,brightness,borderline,true,false,false,true,true,base,visual_match,true,true,1564,1.685,25.687,16384,1.000,1,1,true,0,10,0.130,0.004,181.366,29.673,0.334,43.470,255.167
picsum_666__format_change_tiff,picsum_666,format_change_tiff,format_change,borderline,true,false,false,true,true,base,visual_match,true,true,2000,0.478,0.845,16384,1.000,1,1,true,0,2,0.841,0.003,163.041,31.940,0.333,44.834,242.000
picsum_666__rotate_180,picsum_666,rotate_180,rotate_cardinal,borderline,true,false,false,false,false,none,no_match,true,false,1676,4.787,62.989,16253,0.992,1,1,true,0,4,0.142,0.005,180.336,33.960,0.574,46.957,262.143
picsum_667__content_overlay_30pct,picsum_667,content_overlay_30pct,content_overlay,high,false,false,false,false,false,none,no_match,true,false,758,26.144,184.863,16384,1.000,3,3,true,0,78,0.063,0.003,224.671,23.048,0.543,56.494,304.942
picsum_667__hue_shift_180deg,picsum_667,hue_shift_180deg,hue_shift,borderline,false,false,false,false,false,none,no_match,true,false,728,32.961,111.921,16366,0.999,1,1,true,0,16,0.074,0.004,244.816,26.696,0.582,51.912,324.229
picsum_667__saturation_boost_2.0x,picsum_667,saturation_boost_2.0x,saturation_boost,borderline,false,false,false,false,false,none,no_match,true,false,1020,11.172,48.323,16384,1.000,1,1,true,0,26,0.076,0.006,261.250,29.672,0.518,62.948,354.630
picsum_668__downscale_0.33x,picsum_668,downscale_0.33x,downscale,borderline,true,false,false,false,false,none,no_match,true,false,113,5.649,129.683,16163,0.987,2,2,true,0,26,0.019,0.004,156.331,12.341,0.565,77.717,247.009
picsum_668__jpeg_recompress_q50,picsum_668,jpeg_recompress_q50,jpeg_recompress,high,true,false,false,true,true,base,visual_match,true,true,1330,1.736,12.347,16384,1.000,1,1,true,0,10,0.057,0.003,222.966,25.275,0.540,52.050,301.021
picsum_669__brightness_minus10pct,picsum_669,brightness_minus10pct,brightness,borderline,true,false,false,true,true,base,visual_match,true,true,1812,1.822,23.648,16384,1.000,2,2,true,0,6,0.058,0.002,241.692,37.002,0.739,66.017,345.583
picsum_669__format_change_gif,picsum_669,format_change_gif,format_change,borderline,true,false,false,true,true,base,visual_match,true,true,2000,0.301,0.866,16384,1.000,2,2,true,0,2,0.541,0.003,220.347,36.270,0.446,55.333,313.444
picsum_669__p3_as_srgb_q70,picsum_669,p3_as_srgb_q70,p3_as_srgb,borderline,true,false,false,false,false,none,no_match,true,false,1832,8.163,13.172,16384,1.000,2,2,true,0,2,0.042,0.003,233.894,30.459,0.442,70.203,335.130
picsum_66__content_overlay_15pct,picsum_66,content_overlay_15pct,content_overlay,high,false,false,false,false,false,none,no_match,true,false,1733,19.219,136.084,16384,1.000,1,1,true,0,50,0.069,0.003,223.150,26.347,0.542,53.309,303.497
picsum_66__heavy_crop_60pct,picsum_66,heavy_crop_60pct,heavy_crop,high,false,false,false,false,false,none,no_match,true,false,27,59.474,207.019,16240,0.991,1,1,false,-1,124,0.018,0.003,112.741,8.091,0.426,32.512,153.825
picsum_66__rotate_90,picsum_66,rotate_90,rotate_cardinal,borderline,true,false,false,true,true,base,visual_match,true,true,1779,1.832,23.643,16256,0.992,1,1,true,0,4,0.101,0.004,228.152,29.938,0.337,47.225,305.845
picsum_670__crop_border_5pct,picsum_670,crop_border_5pct,crop_border,borderline,true,false,false,false,false,none,no_match,true,false,1290,2.176,39.421,13004,0.794,2,2,true,0,76,0.102,0.003,243.763,46.884,0.411,123.674,414.960
picsum_670__jpeg_recompress_q20,picsum_670,jpeg_recompress_q20,jpeg_recompress,high,true,false,false,true,true,base,visual_match,true,true,1623,3.401,18.609,16384,1.000,1,1,true,0,8,0.044,0.003,255.362,35.360,0.576,59.632,351.094
picsum_670__upscale_2.0x,picsum_670,upscale_2.0x,upscale,borderline,true,false,false,true,true,base,visual_match,true,true,850,1.874,17.246,16334,0.997,1,1,true,0,10,0.201,0.004,597.252,60.291,0.472,75.294,733.739
picsum_671__downscale_256px,picsum_671,downscale_256px,downscale,borderline,true,false,false,false,false,none,no_match,true,false,133,6.587,70.793,16157,0.986,3,3,true,0,74,0.016,0.002,161.948,12.225,0.481,109.166,283.882
picsum_671__noise_sigma10,picsum_671,noise_sigma10,noise_light,high,true,false,false,true,true,base,visual_match,true,true,1597,2.107,15.292,16384,1.000,1,1,true,0,22,0.177,0.004,311.727,32.519,0.518,66.038,411.170
picsum_672__color_invert,picsum_672,color_invert,color_invert,high,false,false,false,false,false,none,prefilter_empty,true,false,4,76.240,239.017,12234,0.747,0,0,false,-1,128,0.080,0.004,253.046,32.984,0.553,0.001,286.796
picsum_672__heavy_crop_40pct,picsum_672,heavy_crop_40pct,heavy_crop,borderline,false,false,false,false,false,none,no_match,true,false,712,1.418,18.974,5776,0.353,2,2,false,-1,120,0.040,0.003,185.399,21.609,0.609,93.750,301.485
picsum_672__rotate_32deg,picsum_672,rotate_32deg,rotate_small,borderline,true,false,false,false,false,none,prefilter_empty,true,true,1243,1.769,27.243,13481,0.823,0,0,false,-1,122,0.078,0.002,187.793,25.151,0.340,0.000,213.462
picsum_674__crop_border_15pct,picsum_674,crop_border_15pct,crop_border,borderline,true,false,false,false,false,none,no_match,true,true,1244,1.402,22.494,7832,0.478,1,1,false,-1,120,0.041,0.006,140.890,17.447,0.443,47.584,206.468
picsum_674__hue_shift_60deg,picsum_674,hue_shift_60deg,hue_shift,borderline,false,false,false,false,false,none,no_match,true,false,1571,15.850,53.914,16384,1.000,2,2,true,0,8,0.047,0.002,170.685,21.717,0.324,71.153,264.007
picsum_674__sharpen_light,picsum_674,sharpen_light,sharpen,high,true,false,false,true,true,base,visual_match,true,true,1682,1.240,19.230,16384,1.000,1,1,true,0,4,0.066,0.004,232.327,28.512,0.533,47.731,309.281
picsum_675__downscale_0.75x,picsum_675,downscale_0.75x,downscale,borderline,true,false,false,true,true,base,visual_match,true,true,660,2.279,21.377,16384,1.000,1,1,true,0,32,0.033,0.002,176.612,21.997,0.356,47.997,247.045
picsum_675__jpeg_recompress_q90,picsum_675,jpeg_recompress_q90,jpeg_recompress,high,true,false,false,true,true,base,visual_match,true,true,1908,0.561,2.509,16384,1.000,1,1,true,0,4,0.121,0.002,261.936,33.250,0.538,67.246,363.178
picsum_676__brightness_plus10pct,picsum_676,brightness_plus10pct,brightness,borderline,true,false,false,true,true,base,visual_match,true,true,1768,1.011,19.155,16384,1.000,1,1,true,0,2,0.116,0.004,208.675,39.528,0.591,55.398,304.480
picsum_676__format_change_tiff,picsum_676,format_change_tiff,format_change,borderline,true,false,false,true,true,base,visual_match,true,true,2000,0.445,0.866,16384,1.000,1,1,true,0,0,0.541,0.003,194.015,44.326,0.561,63.544,303.622
picsum_676__rotate_180,picsum_676,rotate_180,rotate_cardinal,borderline,true,false,false,false,false,none,no_match,true,false,1848,4.204,53.041,16325,0.996,1,1,true,0,4,0.163,0.003,246.584,36.963,0.336,54.699,338.966
picsum_677__content_overlay_30pct,picsum_677,content_overlay_30pct,content_overlay,high,false,false,false,false,false,none,no_match,true,false,86,25.531,154.188,16384,1.000,1,1,true,0,82,0.037,0.005,240.011,25.441,0.487,32.421,298.461
picsum_677__hue_shift_180deg,picsum_677,hue_shift_180deg,hue_shift,borderline,false,false,false,false,false,none,no_match,true,false,38,31.004,58.484,16094,0.982,1,1,true,0,12,0.047,0.003,190.692,22.306,0.557,27.865,241.604
picsum_677__saturation_boost_2.0x,picsum_677,saturation_boost_2.0x,saturation_boost,borderline,false,false,false,false,false,none,no_match,true,false,40,21.124,41.340,16097,0.982,1,1,true,0,16,0.034,0.003,175.646,18.293,0.535,26.875,221.487
picsum_678__downscale_0.33x,picsum_678,downscale_0.33x,downscale,borderline,true,false,false,false,false,none,no_match,true,false,237,6.003,76.722,16129,0.984,1,1,true,0,28,0.016,0.007,147.512,14.066,0.477,36.385,198.501
picsum_678__jpeg_recompress_q50,picsum_678,jpeg_recompress_q50,jpeg_recompress,high,true,false,false,true,true,base,visual_match,true,true,1665,2.178,13.007,16384,1.000,1,1,true,0,10,0.053,0.002,182.510,27.679,0.428,48.835,259.601
picsum_679__brightness_minus10pct,picsum_679,brightness_minus10pct,brightness,borderline,true,false,false,true,true,base,visual_match,true,true,691,7.099,23.003,16384,1.000,1,1,true,0,6,0.045,0.003,272.430,21.113,0.546,34.344,328.562
picsum_679__format_change_gif,picsum_679,format_change_gif,format_change,borderline,true,false,false,true,true,base,visual_match,true,true,1038,0.280,0.866,16384,1.000,2,2,true,0,2,0.307,0.003,208.956,27.065,0.567,42.277,279.439
picsum_679__p3_as_srgb_q70,picsum_679,p3_as_srgb_q70,p3_as_srgb,borderline,true,false,false,true,true,base,visual_match,true,true,870,2.861,25.107,16384,1.000,1,1,true,0,4,0.033,0.002,241.251,24.502,0.637,37.054,303.530
picsum_67__content_overlay_15pct,picsum_67,content_overlay_15pct,content_overlay,high,false,false,false,false,false,none,no_match,true,false,1494,20.109,190.020,16384,1.000,1,1,true,0,48,0.081,0.002,175.029,24.882,0.472,42.152,242.726
picsum_67__heavy_crop_60pct,picsum_67,heavy_crop_60pct,heavy_crop,high,false,false,false,false,false,none,prefilter_empty,true,false,132,2.782,65.267,2580,0.157,0,0,false,-1,116,0.020,0.002,118.679,10.685,0.539,0.000,129.977
picsum_67__rotate_90,picsum_67,rotate_90,rotate_cardinal,borderline,true,false,false,true,true,base,visual_match,true,true,1564,2.604,37.833,16252,0.992,1,1,true,0,0,0.088,0.003,179.123,26.596,0.447,54.667,261.053
picsum_680__crop_border_5pct,picsum_680,crop_border_5pct,crop_border,borderline,true,false,false,true,true,base,visual_match,true,true,1382,0.795,4.108,12996,0.793,1,1,true,0,96,0.085,0.003,225.924,29.463,0.459,65.698,321.748
picsum_680__jpeg_recompress_q20,picsum_680,jpeg_recompress_q20,jpeg_recompress,high,true,false,false,true,true,base,visual_match,true,true,1526,3.034,9.853,16384,1.000,1,1,true,0,26,0.030,0.003,239.619,31.061,0.502,56.289,327.576
picsum_680__upscale_2.0x,picsum_680,upscale_2.0x,upscale,borderline,true,false,false,true,true,base,visual_match,true,true,830,1.493,17.586,16195,0.988,1,1,true,0,16,0.139,0.003,434.587,40.280,0.304,63.157,538.636
picsum_681__downscale_256px,picsum_681,downscale_256px,downscale,borderline,true,false,false,true,true,base,visual_match,true,true,66,2.069,25.550,16161,0.986,2,2,true,0,28,0.023,0.003,169.403,9.096,0.550,28.491,207.604
picsum_681__noise_sigma10,picsum_681,noise_sigma10,noise_light,high,true,false,false,true,true,base,visual_match,true,true,835,2.205,8.837,16384,1.000,2,2,true,0,44,0.137,0.005,224.876,25.057,0.538,42.858,293.648
picsum_682__color_invert,picsum_682,color_invert,color_invert,high,false,false,false,false,false,none,orb_extract_failed,false,false,0,0.000,0.000,0,0.000,0,1,false,-1,126,0.023,0.004,174.011,4.874,0.000,0.000,178.982
picsum_682__heavy_crop_40pct,picsum_682,heavy_crop_40pct,heavy_crop,borderline,false,false,false,false,false,none,orb_extract_failed,false,false,0,0.000,0.000,0,0.000,0,1,true,0,86,0.010,0.000,128.366,3.527,0.000,0.000,131.950
picsum_682__rotate_32deg,picsum_682,rotate_32deg,rotate_small,borderline,true,false,false,false,false,none,orb_extract_failed,false,false,0,0.000,0.000,0,0.000,0,1,false,-1,106,0.148,0.001,174.049,5.657,0.000,0.000,179.938
picsum_683__crop_border_15pct,picsum_683,crop_border_15pct,crop_border,borderline,true,false,false,false,false,none,prefilter_empty,true,true,433,1.117,22.271,7841,0.479,0,0,false,-1,116,0.031,0.001,143.587,14.453,0.404,0.003,158.534
picsum_683__hue_shift_60deg,picsum_683,hue_shift_60deg,hue_shift,borderline,false,false,false,false,false,none,no_match,true,false,738,13.974,36.328,16384,1.000,3,3,true,0,12,0.053,0.003,194.253,24.366,0.502,111.532,330.779
picsum_683__sharpen_light,picsum_683,sharpen_light,sharpen,high,true,false,false,true,true,base,visual_match,true,true,1012,1.111,13.291,16384,1.000,2,2,true,0,12,0.098,0.003,254.406,25.552,0.368,45.578,326.142
picsum_684__downscale_0.75x,picsum_684,downscale_0.75x,downscale,borderline,true,false,false,false,false,none,no_match,true,false,608,2.849,57.034,16384,1.000,2,2,true,0,16,0.048,0.005,211.624,25.501,0.523,77.195,314.993
picsum_684__jpeg_recompress_q90,picsum_684,jpeg_recompress_q90,jpeg_recompress,high,true,false,false,true,true,base,visual_match,true,true,1902,0.563,3.408,16384,1.000,2,2,true,0,4,0.128,0.007,261.544,35.806,0.482,60.095,358.246
picsum_685__brightness_plus10pct,picsum_685,brightness_plus10pct,brightness,borderline,true,false,false,true,true,base,visual_match,true,true,1733,1.667,25.487,16384,1.000,2,2,true,0,4,0.093,0.003,288.624,31.828,0.617,59.750,381.008
picsum_685__format_change_tiff,picsum_685,format_change_tiff,format_change,borderline,true,false,false,true,true,base,visual_match,true,true,1906,0.430,0.866,16384,1.000,2,2,true,0,0,0.546,0.006,241.949,33.343,0.585,56.864,333.945
picsum_685__rotate_180,picsum_685,rotate_180,rotate_cardinal,borderline,true,false,false,true,true,base,visual_match,true,true,1560,2.424,35.232,16224,0.990,2,2,true,0,0,0.070,0.002,249.634,29.284,0.389,57.348,336.796
picsum_686__content_overlay_30pct,picsum_686,content_overlay_30pct,content_overlay,high,false,false,false,false,false,none,no_match,true,false,1346,27.622,164.187,16384,1.000,2,2,true,0,36,0.094,0.003,273.655,34.355,0.481,109.359,418.079
picsum_686__hue_shift_180deg,picsum_686,hue_shift_180deg,hue_shift,borderline,false,false,false,false,false,none,no_match,true,false,849,27.348,183.018,16384,1.000,2,2,true,0,22,0.131,0.003,249.078,31.386,0.647,77.122,358.505
picsum_686__saturation_boost_2.0x,picsum_686,saturation_boost_2.0x,saturation_boost,borderline,false,false,false,false,false,none,no_match,true,false,1092,13.059,59.767,16384,1.000,2,2,true,0,16,0.127,0.003,262.258,33.278,0.458,112.965,409.252
picsum_687__downscale_0.33x,picsum_687,downscale_0.33x,downscale,borderline,true,false,false,false,false,none,no_match,true,false,134,2.211,105.005,16151,0.986,2,2,true,0,16,0.010,0.003,160.216,11.732,0.650,66.215,238.853
picsum_687__jpeg_recompress_q50,picsum_687,jpeg_recompress_q50,jpeg_recompress,high,true,false,false,true,true,base,visual_match,true,true,1324,0.933,9.672,16384,1.000,2,2,true,0,2,0.030,0.008,271.463,24.595,0.483,52.058,348.709
picsum_688__brightness_minus10pct,picsum_688,brightness_minus10pct,brightness,borderline,true,false,false,true,true,base,visual_match,true,true,1592,3.203,24.966,16384,1.000,1,1,true,0,10,0.083,0.002,278.755,32.825,0.543,59.755,372.042
picsum_688__format_change_gif,picsum_688,format_change_gif,format_change,borderline,true,false,false,true,true,base,visual_match,true,true,1999,0.421,0.866,16384,1.000,1,1,true,0,0,0.720,0.003,222.276,32.545,0.521,70.203,326.800
picsum_688__p3_as_srgb_q70,picsum_688,p3_as_srgb_q70,p3_as_srgb,borderline,true,false,false,true,true,base,visual_match,true,true,1807,5.959,12.075,16384,1.000,1,1,true,0,4,0.102,0.003,246.319,33.399,0.597,69.342,349.893
picsum_689__content_overlay_15pct,picsum_689,content_overlay_15pct,content_overlay,high,false,false,false,false,false,none,no_match,true,false,1082,23.731,171.823,16384,1.000,1,1,true,0,70,0.095,0.004,280.290,31.192,0.484,59.865,372.045
picsum_689__heavy_crop_60pct,picsum_689,heavy_crop_60pct,heavy_crop,high,false,false,false,false,false,none,no_match,true,false,281,2.454,40.825,2586,0.158,1,1,false,-1,118,0.029,0.003,183.300,15.174,0.498,6.200,205.254
picsum_689__rotate_90,picsum_689,rotate_90,rotate_cardinal,borderline,true,false,false,false,false,none,no_match,true,false,1760,3.036,40.770,16287,0.994,1,1,true,0,2,0.079,0.003,189.872,23.324,0.437,45.187,259.093
picsum_68__crop_border_5pct,picsum_68,crop_border_5pct,crop_border,borderline,true,false,false,true,true,base,visual_match,true,true,1253,1.166,24.042,12996,0.793,1,1,true,0,58,0.044,0.003,161.934,17.848,0.360,37.647,217.934
picsum_68__jpeg_recompress_q20,picsum_68,jpeg_recompress_q20,jpeg_recompress,high,true,false,false,true,true,base,visual_match,true,true,1539,1.941,9.124,16384,1.000,1,1,true,0,12,0.029,0.003,185.486,28.725,0.577,49.956,264.887
picsum_68__upscale_2.0x,picsum_68,upscale_2.0x,upscale,borderline,true,false,false,true,true,base,visual_match,true,true,888,0.960,16.752,16384,1.000,1,1,true,0,10,0.082,0.003,380.633,37.260,0.427,57.090,475.610
picsum_690__downscale_256px,picsum_690,downscale_256px,downscale,borderline,true,false,false,false,false,none,no_match,true,false,199,7.013,80.909,16129,0.984,1,1,true,0,34,0.017,0.002,112.456,10.256,0.440,34.082,157.295
picsum_690__noise_sigma10,picsum_690,noise_sigma10,noise_light,high,true,false,false,true,true,base,visual_match,true,true,1761,2.205,9.221,16384,1.000,1,1,true,0,8,0.131,0.002,185.603,30.528,0.479,45.544,262.433
picsum_691__color_invert,picsum_691,color_invert,color_invert,high,false,false,false,false,false,none,no_match,true,false,0,+Inf,+Inf,0,0.000,1,1,false,-1,120,0.025,0.003,168.291,16.422,0.449,9.066,194.300
picsum_691__heavy_crop_40pct,picsum_691,heavy_crop_40pct,heavy_crop,borderline,false,false,false,false,false,none,no_match,true,false,20,46.113,141.145,16149,0.986,2,2,false,-1,110,0.013,0.002,134.531,9.771,0.331,7.119,151.799
picsum_691__rotate_32deg,picsum_691,rotate_32deg,rotate_small,borderline,true,false,false,false,false,none,prefilter_empty,true,true,84,0.974,18.151,13477,0.823,0,0,false,-1,126,0.044,0.003,231.485,19.895,0.507,0.000,252.042
picsum_692__crop_border_15pct,picsum_692,crop_border_15pct,crop_border,borderline,true,false,false,false,false,none,prefilter_empty,true,true,1258,1.851,21.069,7817,0.477,0,0,false,-1,122,0.081,0.024,212.643,33.596,0.564,0.001,247.043
picsum_692__hue_shift_60deg,picsum_692,hue_shift_60deg,hue_shift,borderline,false,false,false,false,false,none,no_match,true,false,1667,24.305,90.007,16384,1.000,1,1,true,0,4,0.152,0.003,244.460,64.626,0.653,72.056,382.127
picsum_692__sharpen_light,picsum_692,sharpen_light,sharpen,high,true,false,false,true,true,base,visual_match,true,true,1629,2.867,24.005,16384,1.000,1,1,true,0,6,0.178,0.005,245.060,40.761,0.567,58.491,345.250
picsum_693__downscale_0.75x,picsum_693,downscale_0.75x,downscale,borderline,true,false,false,true,true,base,visual_match,true,true,582,1.861,19.586,16384,1.000,1,1,true,0,24,0.037,0.003,157.427,18.631,0.472,48.072,224.731
picsum_693__jpeg_recompress_q90,picsum_693,jpeg_recompress_q90,jpeg_recompress,high,true,false,false,true,true,base,visual_match,true,true,1855,0.501,2.757,16384,1.000,1,1,true,0,2,0.075,0.004,181.330,22.139,0.520,54.617,258.848
picsum_694__brightness_plus10pct,picsum_694,brightness_plus10pct,brightness,borderline,true,false,false,true,true,base,visual_match,true,true,1753,1.421,24.538,16384,1.000,2,2,true,0,4,0.055,0.002,174.749,24.164,0.513,47.735,247.309
picsum_694__format_change_tiff,picsum_694,format_change_tiff,format_change,borderline,true,false,false,true,true,base,visual_match,true,true,2000,0.460,0.866,16384,1.000,2,2,true,0,0,0.693,0.002,218.725,32.927,0.500,67.098,320.486
picsum_694__rotate_180,picsum_694,rotate_180,rotate_cardinal,borderline,true,false,false,true,true,base,visual_match,true,true,1820,3.230,34.125,16256,0.992,2,2,true,0,0,0.084,0.003,242.096,29.103,0.470,56.290,328.141
picsum_695__content_overlay_30pct,picsum_695,content_overlay_30pct,content_overlay,high,false,false,false,false,false,none,no_match,true,false,1629,24.321,154.401,16384,1.000,1,1,true,0,62,0.104,0.002,204.148,21.690,0.375,44.327,270.737
picsum_695__hue_shift_180deg,picsum_695,hue_shift_180deg,hue_shift,borderline,false,false,false,false,false,none,no_match,true,false,769,48.703,119.535,16384,1.000,1,1,true,0,18,0.075,0.002,174.691,21.731,0.417,40.040,237.042
picsum_695__saturation_boost_2.0x,picsum_695,saturation_boost_2.0x,saturation_boost,borderline,false,false,false,false,false,none,no_match,true,false,1140,16.199,52.273,16384,1.000,1,1,true,0,26,0.073,0.004,209.159,30.806,0.412,51.424,291.977
picsum_696__downscale_0.33x,picsum_696,downscale_0.33x,downscale,borderline,true,false,false,true,true,base,visual_match,true,true,120,4.928,36.963,16201,0.989,1,1,true,0,16,0.043,0.003,159.695,13.986,0.592,30.496,204.873
picsum_696__jpeg_recompress_q50,picsum_696,jpeg_recompress_q50,jpeg_recompress,high,true,false,false,true,true,base,visual_match,true,true,372,2.024,19.237,16384,1.000,1,1,true,0,2,0.038,0.004,261.778,22.329,0.516,34.292,319.066
picsum_698__brightness_minus10pct,picsum_698,brightness_minus10pct,brightness,borderline,true,false,false,true,true,base,visual_match,true,true,1843,0.960,5.240,16384,1.000,1,1,true,0,0,0.140,0.003,239.599,35.425,0.486,58.172,333.969
picsum_698__format_change_gif,picsum_698,format_change_gif,format_change,borderline,true,false,false,true,true,base,visual_match,true,true,2000,0.477,0.850,16384,1.000,1,1,true,0,0,0.774,0.005,180.214,44.037,0.543,59.788,286.160
picsum_698__p3_as_srgb_q70,picsum_698,p3_as_srgb_q70,p3_as_srgb,borderline,true,false,false,true,true,base,visual_match,true,true,1835,5.087,11.109,16384,1.000,1,1,true,0,2,0.092,0.003,248.797,34.591,0.667,59.479,343.792
picsum_699__content_overlay_15pct,picsum_699,content_overlay_15pct,content_overlay,high,false,false,false,false,false,none,no_match,true,false,1845,22.143,167.058,16384,1.000,2,2,true,0,32,0.099,0.003,265.840,32.676,0.499,129.219,428.457
picsum_699__heavy_crop_60pct,picsum_699,heavy_crop_60pct,heavy_crop,high,false,false,false,false,false,none,no_match,true,false,7,12.000,86.403,2808,0.171,1,1,false,-1,122,0.026,0.003,160.093,13.728,0.495,12.845,187.247
picsum_699__rotate_90,picsum_699,rotate_90,rotate_cardinal,borderline,true,false,false,false,false,none,no_match,true,false,1891,4.869,51.946,16384,1.000,1,1,true,0,4,0.138,0.003,241.973,28.133,0.396,56.287,327.076
picsum_69__crop_border_5pct,picsum_69,crop_border_5pct,crop_border,borderline,true,false,false,false,false,none,prefilter_empty,true,true,1366,1.153,7.876,12996,0.793,0,0,false,-1,98,0.071,0.002,260.633,36.195,0.571,0.000,297.544
picsum_69__jpeg_recompress_q20,picsum_69,jpeg_recompress_q20,jpeg_recompress,high,true,false,false,true,true,base,visual_match,true,true,1523,3.397,18.080,16384,1.000,1,1,true,0,6,0.029,0.002,269.558,30.830,0.513,58.659,359.656
picsum_69__upscale_2.0x,picsum_69,upscale_2.0x,upscale,borderline,true,false,false,true,true,base,visual_match,true,true,780,2.128,30.588,16326,0.996,1,1,true,0,6,0.093,0.004,481.243,50.815,0.499,89.158,621.972
picsum_6__downscale_256px,picsum_6,downscale_256px,downscale,borderline,true,false,false,false,false,none,no_match,true,false,111,7.867,137.793,16078,0.981,2,2,true,0,12,0.020,0.003,160.152,9.861,0.365,60.612,231.067
picsum_6__noise_sigma10,picsum_6,noise_sigma10,noise_light,high,true,false,false,true,true,base,visual_match,true,true,1427,2.136,26.437,16384,1.000,1,1,true,0,12,0.182,0.004,243.635,36.515,0.347,43.597,324.460
picsum_700__color_invert,picsum_700,color_invert,color_invert,high,false,false,false,false,false,none,prefilter_empty,true,false,4,58.886,152.337,16044,0.979,0,0,false,-1,122,0.105,0.003,249.483,28.502,0.480,0.001,278.695
picsum_700__heavy_crop_40pct,picsum_700,heavy_crop_40pct,heavy_crop,borderline,false,false,false,false,false,none,prefilter_empty,true,false,769,2.986,31.423,5854,0.357,0,0,false,-1,108,0.045,0.003,192.120,21.482,0.583,0.000,214.293
picsum_700__rotate_32deg,picsum_700,rotate_32deg,rotate_small,borderline,true,false,false,false,false,none,prefilter_empty,true,true,1052,2.411,33.621,13501,0.824,0,0,false,-1,114,0.104,0.003,249.025,27.178,0.359,0.000,276.790
picsum_701__crop_border_15pct,picsum_701,crop_border_15pct,crop_border,borderline,true,false,false,false,false,none,no_match,true,true,1123,2.342,20.769,7834,0.478,1,1,false,-1,116,0.067,0.002,194.724,30.434,0.506,25.273,251.082
picsum_701__hue_shift_60deg,picsum_701,hue_shift_60deg,hue_shift,borderline,false,false,false,false,false,none,no_match,true,false,1247,20.348,54.980,16384,1.000,1,1,true,0,10,0.119,0.004,284.334,39.127,0.653,57.552,381.900
picsum_701__sharpen_light,picsum_701,sharpen_light,sharpen,high,true,false,false,true,true,base,visual_match,true,true,1667,2.622,20.282,16384,1.000,1,1,true,0,10,0.125,0.003,263.872,43.230,0.478,63.714,371.583
picsum_702__downscale_0.75x,picsum_702,downscale_0.75x,downscale,borderline,true,false,false,true,true,base,visual_match,true,true,701,2.504,20.484,16384,1.000,1,1,true,0,28,0.047,0.002,170.720,20.289,0.451,41.161,232.740
picsum_702__jpeg_recompress_q90,picsum_702,jpeg_recompress_q90,jpeg_recompress,high,true,false,false,true,true,base,visual_match,true,true,1872,0.671,3.678,16384,1.000,1,1,true,0,4,0.104,0.003,191.777,33.827,0.476,67.894,294.235
picsum_703__brightness_plus10pct,picsum_703,brightness_plus10pct,brightness,borderline,true,false,false,true,true,base,visual_match,true,true,1673,1.148,14.589,16384,1.000,3,3,true,0,4,0.067,0.002,238.968,28.842,0.473,56.097,324.545
picsum_703__format_change_tiff,picsum_703,format_change_tiff,format_change,borderline,true,false,false,true,true,base,visual_match,true,true,1910,0.395,0.866,16384,1.000,3,3,true,0,2,0.541,0.002,211.331,30.155,0.395,55.788,298.620
picsum_703__rotate_180,picsum_703,rotate_180,rotate_cardinal,borderline,true,false,false,true,true,base,visual_match,true,true,1766,1.852,36.147,16305,0.995,3,3,true,0,4,0.061,0.002,196.319,23.650,0.489,45.270,265.881
picsum_704__content_overlay_30pct,picsum_704,content_overlay_30pct,content_overlay,high,false,false,false,false,false,none,no_match,true,false,1178,30.031,187.411,16384,1.000,1,1,true,0,38,0.105,0.003,176.927,27.352,0.552,44.965,250.038
picsum_704__hue_shift_180deg,picsum_704,hue_shift_180deg,hue_shift,borderline,false,false,false,false,false,none,no_match,true,false,690,27.875,175.540,16384,1.000,2,2,true,0,24,0.122,0.007,186.339,29.616,0.428,113.176,329.854
picsum_704__saturation_boost_2.0x,picsum_704,saturation_boost_2.0x,saturation_boost,borderline,false,false,false,true,true,base,visual_match,true,true,1574,7.975,35.378,16384,1.000,1,1,true,0,14,0.163,0.004,263.885,42.267,0.531,61.968,369.084
picsum_705__downscale_0.33x,picsum_705,downscale_0.33x,downscale,borderline,true,false,false,false,false,none,no_match,true,false,13,23.107,104.710,13267,0.810,1,1,true,0,10,0.013,0.003,162.382,9.799,0.504,23.963,196.694
picsum_705__jpeg_recompress_q50,picsum_705,jpeg_recompress_q50,jpeg_recompress,high,true,false,false,false,false,none,no_match,true,false,78,7.007,83.170,15203,0.928,1,1,true,0,6,0.027,0.003,207.812,25.107,0.469,38.737,272.206
picsum_70__brightness_minus10pct,picsum_70,brightness_minus10pct,brightness,borderline,true,false,false,true,true,base,visual_match,true,true,1847,1.321,16.601,16384,1.000,2,2,true,0,2,0.113,0.003,279.399,30.103,0.332,56.750,366.806
picsum_70__format_change_gif,picsum_70,format_change_gif,format_change,borderline,true,false,false,true,true,base,visual_match,true,true,2000,0.408,0.866,16384,1.000,1,1,true,0,0,0.673,0.003,192.685,47.292,0.510,60.845,302.612
picsum_70__p3_as_srgb_q70,picsum_70,p3_as_srgb_q70,p3_as_srgb,borderline,true,false,false,true,true,base,visual_match,true,true,1877,5.571,12.001,16384,1.000,2,2,true,0,6,0.075,0.003,242.305,36.236,0.504,60.140,339.377
picsum_715__content_overlay_15pct,picsum_715,content_overlay_15pct,content_overlay,high,false,false,false,false,false,none,no_match,true,false,102,17.823,152.977,16384,1.000,1,1,true,0,64,0.058,0.003,256.575,20.055,0.470,30.655,307.918
picsum_715__heavy_crop_60pct,picsum_715,heavy_crop_60pct,heavy_crop,high,false,false,false,false,false,none,prefilter_empty,true,false,0,+Inf,+Inf,0,0.000,0,0,false,-1,120,0.017,0.003,160.153,11.133,0.525,0.001,171.865
picsum_715__rotate_90,picsum_715,rotate_90,rotate_cardinal,borderline,true,false,false,true,true,base,visual_match,true,true,97,1.484,19.184,16359,0.998,1,1,true,0,4,0.061,0.003,257.816,29.849,0.685,35.429,323.919
picsum_716__crop_border_5pct,picsum_716,crop_border_5pct,crop_border,borderline,true,false,false,false,false,none,prefilter_empty,true,true,1245,1.185,5.797,12996,0.793,0,0,false,-1,102,0.069,0.003,167.031,20.095,0.281,0.000,187.573
picsum_716__jpeg_recompress_q20,picsum_716,jpeg_recompress_q20,jpeg_recompress,high,true,false,false,true,true,base,visual_match,true,true,1269,3.727,14.279,16384,1.000,1,1,true,0,14,0.031,0.003,175.246,23.933,0.380,50.630,250.276
picsum_716__upscale_2.0x,picsum_716,upscale_2.0x,upscale,borderline,true,false,false,true,true,base,visual_match,true,true,704,2.497,25.734,16300,0.995,1,1,true,0,8,0.173,0.003,559.683,58.063,0.460,85.158,703.755
picsum_717__downscale_256px,picsum_717,downscale_256px,downscale,borderline,true,false,false,false,false,none,no_match,true,false,193,6.065,60.291,16121,0.984,2,2,true,0,50,0.021,0.003,157.449,11.263,0.392,39.247,208.409
picsum_717__noise_sigma10,picsum_717,noise_sigma10,noise_light,high,true,false,false,true,true,base,visual_match,true,true,1564,2.069,9.559,16384,1.000,1,1,true,0,18,0.181,0.006,247.668,32.812,0.365,59.279,340.506
picsum_718__color_invert,picsum_718,color_invert,color_invert,high,false,false,false,false,false,none,prefilter_empty,true,false,6,43.727,211.478,16082,0.982,0,0,false,-1,126,0.099,0.004,242.017,30.373,0.504,0.001,273.109
picsum_718__heavy_crop_40pct,picsum_718,heavy_crop_40pct,heavy_crop,borderline,false,false,false,false,false,none,prefilter_empty,true,false,458,1.583,12.680,5776,0.353,0,0,false,-1,120,0.049,0.003,182.335,19.849,0.538,0.000,202.846
picsum_718__rotate_32deg,picsum_718,rotate_32deg,rotate_small,borderline,true,false,false,false,false,none,prefilter_empty,true,true,1102,1.600,16.111,13465,0.822,0,0,false,-1,110,0.108,0.008,252.589,30.060,0.472,0.000,283.394
picsum_719__crop_border_15pct,picsum_719,crop_border_15pct,crop_border,borderline,true,false,false,false,false,none,prefilter_empty,true,true,477,1.430,27.158,7896,0.482,0,0,false,-1,122,0.038,0.002,154.401,16.285,0.439,0.000,171.215
picsum_719__hue_shift_60deg,picsum_719,hue_shift_60deg,hue_shift,borderline,false,false,false,false,false,none,no_match,true,false,1459,22.062,93.640,16217,0.990,1,1,true,0,6,0.050,0.002,173.304,20.758,0.484,55.780,250.428
picsum_719__sharpen_light,picsum_719,sharpen_light,sharpen,high,true,false,false,true,true,base,visual_match,true,true,1738,1.182,18.211,16384,1.000,1,1,true,0,12,0.074,0.004,239.954,29.324,0.327,79.111,348.890
picsum_71__downscale_0.75x,picsum_71,downscale_0.75x,downscale,borderline,true,false,false,true,true,base,visual_match,true,true,672,2.838,17.963,16303,0.995,1,1,true,0,34,0.055,0.003,199.456,33.517,0.614,51.677,285.409
picsum_71__jpeg_recompress_q90,picsum_71,jpeg_recompress_q90,jpeg_recompress,high,true,false,false,true,true,base,visual_match,true,true,1877,0.785,4.037,16384,1.000,1,1,true,0,4,0.171,0.004,263.159,36.182,0.481,60.296,360.469
picsum_721__brightness_plus10pct,picsum_721,brightness_plus10pct,brightness,borderline,true,false,false,true,true,base,visual_match,true,true,42,1.274,20.206,16153,0.986,1,1,true,0,6,0.036,0.003,239.888,26.283,0.478,38.199,304.976
picsum_721__format_change_tiff,picsum_721,format_change_tiff,format_change,borderline,true,false,false,true,true,base,visual_match,true,true,46,0.397,0.866,16384,1.000,3,3,true,0,0,0.225,0.003,201.877,18.771,0.426,28.089,249.586
picsum_721__rotate_180,picsum_721,rotate_180,rotate_cardinal,borderline,true,false,false,true,true,base,visual_match,true,true,42,0.856,32.245,16165,0.987,3,3,true,0,0,0.027,0.002,175.740,16.322,0.280,23.047,215.455
picsum_722__content_overlay_30pct,picsum_722,content_overlay_30pct,content_overlay,high,false,false,false,false,false,none,no_match,true,false,1896,25.231,138.687,16384,1.000,3,3,true,0,36,0.038,0.003,228.175,26.786,0.513,95.701,351.284
picsum_722__hue_shift_180deg,picsum_722,hue_shift_180deg,hue_shift,borderline,false,false,false,false,false,none,no_match,true,false,1589,35.707,63.233,16384,1.000,1,1,true,0,10,0.049,0.003,247.800,34.458,0.507,75.163,358.069
picsum_722__saturation_boost_2.0x,picsum_722,saturation_boost_2.0x,saturation_boost,borderline,false,false,false,false,false,none,no_match,true,false,1727,18.487,30.586,16384,1.000,1,1,true,0,6,0.049,0.003,262.212,24.369,0.348,44.956,332.011
picsum_723__downscale_0.33x,picsum_723,downscale_0.33x,downscale,borderline,true,false,false,false,false,none,no_match,true,false,16,4.818,47.957,15488,0.945,1,1,true,0,44,0.009,0.002,164.641,10.948,0.391,25.433,201.448
picsum_723__jpeg_recompress_q50,picsum_723,jpeg_recompress_q50,jpeg_recompress,high,true,false,false,true,true,base,visual_match,true,true,529,1.515,12.498,16384,1.000,1,1,true,0,22,0.036,0.004,234.108,24.015,0.548,40.303,299.095
picsum_724__brightness_minus10pct,picsum_724,brightness_minus10pct,brightness,borderline,true,false,false,true,true,base,visual_match,true,true,1801,3.945,20.514,16384,1.000,1,1,true,0,12,0.079,0.004,253.521,28.360,0.377,51.713,334.161
picsum_724__format_change_gif,picsum_724,format_change_gif,format_change,borderline,true,false,false,true,true,base,visual_match,true,true,2000,0.438,0.866,16384,1.000,1,1,true,0,2,0.603,0.003,234.375,35.890,0.374,61.959,333.749
picsum_724__p3_as_srgb_q70,picsum_724,p3_as_srgb_q70,p3_as_srgb,borderline,true,false,false,true,true,base,visual_match,true,true,1841,3.971,14.391,16384,1.000,1,1,true,0,2,0.056,0.004,232.000,26.682,0.515,56.787,316.136
picsum_726__content_overlay_15pct,picsum_726,content_overlay_15pct,content_overlay,high,false,false,false,false,false,none,no_match,true,false,840,16.969,166.862,16384,1.000,1,1,true,0,44,0.062,0.003,222.068,26.673,0.351,44.465,293.703
picsum_726__heavy_crop_60pct,picsum_726,heavy_crop_60pct,heavy_crop,high,false,false,false,false,false,none,prefilter_empty,true,false,70,1.269,15.497,2493,0.152,0,0,false,-1,124,0.018,0.004,169.094,15.102,0.446,0.000,184.708
picsum_726__rotate_90,picsum_726,rotate_90,rotate_cardinal,borderline,true,false,false,true,true,base,visual_match,true,true,1543,1.708,36.116,16252,0.992,1,1,true,0,0,0.102,0.003,218.772,28.591,0.497,54.721,302.794
picsum_727__crop_border_5pct,picsum_727,crop_border_5pct,crop_border,borderline,true,false,false,true,true,base,visual_match,true,true,1388,0.870,22.247,12996,0.793,1,1,true,0,68,0.049,0.004,208.370,22.041,0.369,43.572,274.478
picsum_727__jpeg_recompress_q20,picsum_727,jpeg_recompress_q20,jpeg_recompress,high,true,false,false,true,true,base,visual_match,true,true,1462,2.488,15.022,16384,1.000,4,4,true,0,12,0.020,0.002,183.847,21.892,0.413,43.457,249.689
picsum_727__upscale_2.0x,picsum_727,upscale_2.0x,upscale,borderline,true,false,false,true,true,base,visual_match,true,true,886,1.671,31.160,16143,0.985,3,3,true,0,8,0.106,0.002,499.019,42.731,0.546,67.395,609.892
picsum_728__downscale_256px,picsum_728,downscale_256px,downscale,borderline,true,false,false,false,false,none,orb_extract_failed,false,false,0,0.000,0.000,0,0.000,0,2,true,0,36,0.011,0.004,145.449,0.965,0.000,0.000,146.481
picsum_728__noise_sigma10,picsum_728,noise_sigma10,noise_light,high,true,false,false,false,false,none,prefilter_empty,false,false,0,0.000,0.000,0,0.000,0,0,false,-1,100,0.155,0.001,230.856,28.173,0.421,0.000,259.722
picsum_729__color_invert,picsum_729,color_invert,color_invert,high,false,false,false,false,false,none,prefilter_empty,true,false,0,+Inf,+Inf,0,0.000,0,0,false,-1,134,0.068,0.002,228.941,36.036,0.637,0.000,265.821
picsum_729__heavy_crop_40pct,picsum_729,heavy_crop_40pct,heavy_crop,borderline,false,false,false,false,false,none,no_match,true,false,716,1.282,26.539,5859,0.358,1,1,false,-1,118,0.038,0.003,200.535,20.164,0.486,43.901,265.193
picsum_729__rotate_32deg,picsum_729,rotate_32deg,rotate_small,borderline,true,false,false,false,false,none,prefilter_empty,true,true,1120,1.060,16.832,13470,0.822,0,0,false,-1,114,0.122,0.004,272.797,31.279,0.478,0.001,304.869
picsum_72__crop_border_15pct,picsum_72,crop_border_15pct,crop_border,borderline,true,false,false,false,false,none,no_match,true,true,1054,1.309,13.750,7832,0.478,1,1,false,-1,114,0.062,0.003,184.795,29.317,0.417,45.757,260.431
picsum_72__hue_shift_60deg,picsum_72,hue_shift_60deg,hue_shift,borderline,false,false,false,true,true,base,visual_match,true,true,1891,0.323,1.772,16384,1.000,1,1,true,0,2,0.106,0.003,235.880,33.927,0.465,54.460,324.969
picsum_72__sharpen_light,picsum_72,sharpen_light,sharpen,high,true,false,false,true,true,base,visual_match,true,true,1649,2.130,21.133,16384,1.000,2,2,true,0,14,0.097,0.002,232.694,37.335,0.562,57.793,328.599
picsum_730__downscale_0.75x,picsum_730,downscale_0.75x,downscale,borderline,true,false,false,true,true,base,visual_match,true,true,574,2.072,16.745,16384,1.000,2,2,true,0,42,0.059,0.003,204.659,23.802,0.482,44.847,273.946
picsum_730__jpeg_recompress_q90,picsum_730,jpeg_recompress_q90,jpeg_recompress,high,true,false,false,true,true,base,visual_match,true,true,1843,0.399,1.547,16384,1.000,1,1,true,0,2,0.146,0.003,249.038,36.453,0.447,51.698,337.997
picsum_731__brightness_plus10pct,picsum_731,brightness_plus10pct,brightness,borderline,true,false,false,true,true,base,visual_match,true,true,1844,0.712,4.365,16384,1.000,2,2,true,0,8,0.077,0.003,230.869,29.688,0.461,62.488,323.692
picsum_731__format_change_tiff,picsum_731,format_change_tiff,format_change,borderline,true,false,false,true,true,base,visual_match,true,true,1990,0.300,0.843,16384,1.000,2,2,true,0,0,0.441,0.002,213.808,34.520,0.454,62.765,312.295
picsum_731__rotate_180,picsum_731,rotate_180,rotate_cardinal,borderline,true,false,false,false,false,none,no_match,true,false,1741,2.590,54.104,16257,0.992,3,3,true,0,8,0.069,0.002,184.552,23.616,0.472,112.278,321.097
picsum_732__content_overlay_30pct,picsum_732,content_overlay_30pct,content_overlay,high,false,false,false,false,false,none,no_match,true,false,1408,27.140,150.599,16384,1.000,2,2,true,0,32,0.040,0.003,181.656,19.590,0.419,63.692,265.463
picsum_732__hue_shift_180deg,picsum_732,hue_shift_180deg,hue_shift,borderline,false,false,false,false,false,none,no_match,true,false,1322,17.530,47.916,16384,1.000,2,2,true,0,2,0.039,0.003,176.162,21.329,0.515,56.223,254.343
picsum_732__saturation_boost_2.0x,picsum_732,saturation_boost_2.0x,saturation_boost,borderline,false,false,false,false,false,none,no_match,true,false,1153,11.491,33.743,16384,1.000,2,2,true,0,14,0.040,0.002,184.014,18.850,0.431,53.784,257.208
picsum_733__downscale_0.33x,picsum_733,downscale_0.33x,downscale,borderline,true,false,false,false,false,none,no_match,true,false,73,2.162,41.021,16342,0.997,1,1,true,0,18,0.011,0.003,150.460,13.288,0.592,29.907,194.292
picsum_733__jpeg_recompress_q50,picsum_733,jpeg_recompress_q50,jpeg_recompress,high,true,false,false,true,true,base,visual_match,true,true,544,1.084,13.801,16317,0.996,1,1,true,0,10,0.026,0.003,221.600,21.588,0.479,33.955,277.731
picsum_735__brightness_minus10pct,picsum_735,brightness_minus10pct,brightness,borderline,true,false,false,true,true,base,visual_match,true,true,1493,0.775,3.145,16384,1.000,1,1,true,0,4,0.060,0.003,229.879,37.735,0.634,47.405,315.845
picsum_735__format_change_gif,picsum_735,format_change_gif,format_change,borderline,true,false,false,true,true,base,visual_match,true,true,1667,0.379,0.866,16384,1.000,2,2,true,0,0,0.613,0.001,194.622,31.382,0.553,52.570,281.211
picsum_735__p3_as_srgb_q70,picsum_735,p3_as_srgb_q70,p3_as_srgb,borderline,true,false,false,true,true,base,visual_match,true,true,1487,5.521,11.989,16384,1.000,2,2,true,0,4,0.044,0.002,237.176,23.301,0.402,49.696,310.693
picsum_736__content_overlay_15pct,picsum_736,content_overlay_15pct,content_overlay,high,false,false,false,false,false,none,no_match,true,false,1699,17.363,142.913,16384,1.000,2,2,true,0,40,0.055,0.003,230.209,28.030,0.505,98.695,357.590
picsum_736__heavy_crop_60pct,picsum_736,heavy_crop_60pct,heavy_crop,high,false,false,false,false,false,none,prefilter_empty,true,false,282,2.024,24.188,2504,0.153,0,0,false,-1,126,0.022,0.002,118.081,12.511,0.453,0.003,131.133
picsum_736__rotate_90,picsum_736,rotate_90,rotate_cardinal,borderline,true,false,false,false,false,none,no_match,true,false,1694,2.362,78.361,16101,0.983,2,2,true,0,4,0.048,0.002,186.271,31.890,0.609,101.151,320.046
picsum_737__crop_border_5pct,picsum_737,crop_border_5pct,crop_border,borderline,true,false,false,false,false,none,no_match,true,true,1184,1.472,11.315,12996,0.793,2,2,false,-1,108,0.072,0.003,183.729,23.494,0.489,41.811,249.714
picsum_737__jpeg_recompress_q20,picsum_737,jpeg_recompress_q20,jpeg_recompress,high,true,false,false,true,true,base,visual_match,true,true,1477,3.465,15.071,16384,1.000,3,3,true,0,30,0.036,0.003,227.113,29.973,0.611,55.092,312.886
picsum_737__upscale_2.0x,picsum_737,upscale_2.0x,upscale,borderline,true,false,false,false,false,none,no_match,true,false,642,3.652,43.869,16191,0.988,1,1,true,0,22,0.142,0.002,549.096,57.621,0.540,86.325,693.866
picsum_738__downscale_256px,picsum_738,downscale_256px,downscale,borderline,true,false,false,false,false,none,no_match,true,false,43,2.138,154.357,16215,0.990,4,4,true,0,16,0.017,0.003,173.242,9.807,0.561,86.646,270.300
picsum_738__noise_sigma10,picsum_738,noise_sigma10,noise_light,high,true,false,false,true,true,base,visual_match,true,true,224,2.228,13.274,16178,0.987,2,2,true,0,24,0.141,0.003,236.218,24.392,0.564,35.654,297.173
picsum_739__color_invert,picsum_739,color_invert,color_invert,high,false,false,false,false,false,none,prefilter_empty,true,false,0,+Inf,+Inf,0,0.000,0,0,false,-1,122,0.063,0.004,234.941,27.263,0.824,0.001,263.183
picsum_739__heavy_crop_40pct,picsum_739,heavy_crop_40pct,heavy_crop,borderline,false,false,false,false,false,none,no_match,true,false,552,0.427,12.033,5776,0.353,1,1,false,-1,124,0.025,0.003,172.400,21.690,0.515,24.644,219.326
picsum_739__rotate_32deg,picsum_739,rotate_32deg,rotate_small,borderline,true,false,false,false,false,none,no_match,true,true,895,0.748,26.443,13473,0.822,1,1,false,-1,116,0.057,0.002,260.545,32.375,0.527,31.542,325.116
picsum_73__crop_border_15pct,picsum_73,crop_border_15pct,crop_border,borderline,true,false,false,false,false,none,no_match,true,true,335,1.913,19.731,7921,0.483,2,2,false,-1,106,0.029,0.002,197.303,17.296,0.606,65.814,281.094
picsum_73__hue_shift_60deg,picsum_73,hue_shift_60deg,hue_shift,borderline,false,false,false,false,false,none,no_match,true,false,453,33.642,84.596,16384,1.000,1,1,true,0,20,0.054,0.003,258.954,20.792,0.464,32.798,313.130
picsum_73__sharpen_light,picsum_73,sharpen_light,sharpen,high,true,false,false,true,true,base,visual_match,true,true,783,0.816,12.065,16384,1.000,1,1,true,0,6,0.041,0.002,203.493,19.190,0.491,31.128,254.419
picsum_740__downscale_0.75x,picsum_740,downscale_0.75x,downscale,borderline,true,false,false,false,false,none,no_match,true,false,563,2.798,41.499,16094,0.982,1,1,true,0,14,0.032,0.003,161.709,18.111,0.398,40.971,221.278
picsum_740__jpeg_recompress_q90,picsum_740,jpeg_recompress_q90,jpeg_recompress,high,true,false,false,true,true,base,visual_match,true,true,1890,0.576,2.667,16384,1.000,1,1,true,0,4,0.079,0.002,174.217,22.655,0.394,40.947,238.418
picsum_741__brightness_plus10pct,picsum_741,brightness_plus10pct,brightness,borderline,true,false,false,true,true,base,visual_match,true,true,1415,0.941,18.102,16384,1.000,2,2,true,0,6,0.035,0.002,170.565,17.172,0.489,41.166,229.476
picsum_741__format_change_tiff,picsum_741,format_change_tiff,format_change,borderline,true,false,false,true,true,base,visual_match,true,true,1591,0.435,0.866,16384,1.000,1,1,true,0,2,0.284,0.001,154.077,20.014,0.522,39.298,214.467
picsum_741__rotate_180,picsum_741,rotate_180,rotate_cardinal,borderline,true,false,false,true,true,base,visual_match,true,true,1459,1.531,26.887,16021,0.978,1,1,true,0,2,0.043,0.002,173.823,18.655,0.497,48.115,241.203
picsum_742__content_overlay_30pct,picsum_742,content_overlay_30pct,content_overlay,high,false,false,false,false,false,none,no_match,true,false,1171,26.428,159.159,16384,1.000,1,1,true,0,68,0.040,0.003,172.524,18.502,0.372,44.666,236.169
picsum_742__hue_shift_180deg,picsum_742,hue_shift_180deg,hue_shift,borderline,false,false,false,true,true,base,visual_match,true,true,1870,0.339,12.972,16384,1.000,1,1,true,0,4,0.043,0.003,173.896,20.837,0.511,41.893,237.265
picsum_742__saturation_boost_2.0x,picsum_742,saturation_boost_2.0x,saturation_boost,borderline,false,false,false,true,true,base,visual_match,true,true,1870,0.339,12.972,16384,1.000,1,1,true,0,4,0.041,0.002,173.815,18.986,0.440,44.480,237.842
picsum_743__downscale_0.33x,picsum_743,downscale_0.33x,downscale,borderline,true,false,false,false,false,none,no_match,true,false,157,4.636,42.556,16140,0.985,1,1,true,0,36,0.016,0.003,114.999,9.677,0.452,36.332,161.513
picsum_743__jpeg_recompress_q50,picsum_743,jpeg_recompress_q50,jpeg_recompress,high,true,false,false,true,true,base,visual_match,true,true,1500,1.670,9.671,16384,1.000,1,1,true,0,18,0.045,0.003,179.767,24.779,0.431,52.622,257.739
picsum_744__brightness_minus10pct,picsum_744,brightness_minus10pct,brightness,borderline,true,false,false,true,true,base,visual_match,true,true,1800,0.895,17.381,16384,1.000,1,1,true,0,0,0.078,0.002,238.158,27.822,0.486,54.465,321.090
picsum_744__format_change_gif,picsum_744,format_change_gif,format_change,borderline,true,false,false,true,true,base,visual_match,true,true,1986,0.431,0.866,16384,1.000,1,1,true,0,0,0.696,0.003,224.308,35.706,0.388,76.335,337.966
picsum_744__p3_as_srgb_q70,picsum_744,p3_as_srgb_q70,p3_as_srgb,borderline,true,false,false,true,true,base,visual_match,true,true,1757,7.007,11.965,16384,1.000,1,1,true,0,2,0.065,0.003,203.101,23.364,0.456,56.069,283.145
picsum_74__content_overlay_15pct,picsum_74,content_overlay_15pct,content_overlay,high,false,false,false,false,false,none,no_match,true,false,1753,21.531,154.574,16384,1.000,2,2,true,0,50,0.079,0.003,203.190,30.971,0.435,106.562,341.317
picsum_74__heavy_crop_60pct,picsum_74,heavy_crop_60pct,heavy_crop,high,false,false,false,false,false,none,no_match,true,false,480,2.824,34.685,2513,0.153,1,1,false,-1,116,0.023,0.004,177.713,13.332,0.589,36.757,228.455
picsum_74__rotate_90,picsum_74,rotate_90,rotate_cardinal,borderline,true,false,false,false,false,none,no_match,true,false,1836,3.855,51.329,16210,0.989,1,1,true,0,4,0.094,0.004,268.366,38.219,0.528,60.624,367.947
picsum_755__crop_border_5pct,picsum_755,crop_border_5pct,crop_border,borderline,true,false,false,true,true,base,visual_match,true,true,1192,0.958,7.388,12996,0.793,1,1,true,0,68,0.068,0.002,229.512,25.593,0.532,52.437,308.234
picsum_755__jpeg_recompress_q20,picsum_755,jpeg_recompress_q20,jpeg_recompress,high,true,false,false,true,true,base,visual_match,true,true,1331,2.515,9.764,16384,1.000,1,1,true,0,6,0.030,0.005,253.037,29.255,0.549,51.203,334.145
picsum_755__upscale_2.0x,picsum_755,upscale_2.0x,upscale,borderline,true,false,false,true,true,base,visual_match,true,true,759,1.190,16.945,16290,0.994,1,1,true,0,8,0.130,0.005,560.735,52.021,0.497,80.044,693.558
picsum_756__downscale_256px,picsum_756,downscale_256px,downscale,borderline,true,false,false,false,false,none,no_match,true,false,180,4.854,84.586,16148,0.986,1,1,true,0,28,0.036,0.002,165.134,15.176,0.769,35.533,216.695
picsum_756__noise_sigma10,picsum_756,noise_sigma10,noise_light,high,true,false,false,true,true,base,visual_match,true,true,1678,1.868,9.849,16384,1.000,1,1,true,0,20,0.184,0.003,257.761,28.633,0.385,56.252,343.372
picsum_757__color_invert,picsum_757,color_invert,color_invert,high,false,false,false,false,false,none,prefilter_empty,true,false,9,86.460,263.024,16142,0.985,0,0,false,-1,124,0.102,0.008,247.246,30.902,0.461,0.000,278.810
picsum_757__heavy_crop_40pct,picsum_757,heavy_crop_40pct,heavy_crop,borderline,false,false,false,false,false,none,no_match,true,false,774,1.897,38.873,5776,0.353,1,1,false,-1,112,0.039,0.004,152.208,17.074,0.455,14.249,184.131
picsum_757__rotate_32deg,picsum_757,rotate_32deg,rotate_small,borderline,true,false,false,false,false,none,prefilter_empty,true,true,1174,1.394,21.154,13468,0.822,0,0,false,-1,116,0.075,0.003,174.911,26.060,0.420,0.000,201.587
picsum_758__crop_border_15pct,picsum_758,crop_border_15pct,crop_border,borderline,true,false,false,false,false,none,no_match,true,true,308,1.509,16.119,7828,0.478,1,1,false,-1,122,0.061,0.003,140.744,15.395,0.398,25.100,181.792
picsum_758__hue_shift_60deg,picsum_758,hue_shift_60deg,hue_shift,borderline,false,false,false,false,false,none,no_match,true,false,702,22.918,93.099,16384,1.000,1,1,true,0,32,0.108,0.002,221.882,25.697,0.440,45.263,293.516
picsum_758__sharpen_light,picsum_758,sharpen_light,sharpen,high,true,false,false,true,true,base,visual_match,true,true,1417,1.166,17.555,16384,1.000,1,1,true,0,10,0.082,0.004,232.318,28.288,0.481,46.562,307.848
picsum_75__downscale_0.75x,picsum_75,downscale_0.75x,downscale,borderline,true,false,false,true,true,base,visual_match,true,true,894,2.380,15.821,16384,1.000,1,1,true,0,8,0.041,0.002,203.858,22.499,0.357,44.315,271.128
picsum_75__jpeg_recompress_q90,picsum_75,jpeg_recompress_q90,jpeg_recompress,high,true,false,false,true,true,base,visual_match,true,true,1935,0.644,2.720,16384,1.000,1,1,true,0,0,0.093,0.003,177.567,25.819,0.539,46.374,250.503
picsum_760__brightness_plus10pct,picsum_760,brightness_plus10pct,brightness,borderline,true,false,false,true,true,base,visual_match,true,true,1051,5.461,18.446,16384,1.000,3,3,true,0,16,0.035,0.003,175.972,19.561,0.484,33.668,229.782
picsum_760__format_change_tiff,picsum_760,format_change_tiff,format_change,borderline,true,false,false,true,true,base,visual_match,true,true,1253,0.367,0.866,16384,1.000,3,3,true,0,0,0.302,0.003,194.119,24.081,0.786,42.012,261.693
picsum_760__rotate_180,picsum_760,rotate_180,rotate_cardinal,borderline,true,false,false,true,true,base,visual_match,true,true,1133,0.777,21.459,16264,0.993,2,2,true,0,2,0.044,0.003,231.767,19.951,0.408,34.193,286.446
picsum_764__content_overlay_30pct,picsum_764,content_overlay_30pct,content_overlay,high,false,false,false,false,false,none,no_match,true,false,889,27.173,153.696,16349,0.998,1,1,true,0,78,0.049,0.002,224.485,25.199,0.451,53.837,304.076
picsum_764__hue_shift_180deg,picsum_764,hue_shift_180deg,hue_shift,borderline,false,false,false,false,false,none,no_match,true,false,1182,13.869,66.606,16384,1.000,2,2,true,0,6,0.074,0.003,233.143,24.977,0.505,75.000,333.805
picsum_764__saturation_boost_2.0x,picsum_764,saturation_boost_2.0x,saturation_boost,borderline,false,false,false,true,true,base,visual_match,true,true,1186,7.558,32.785,16384,1.000,2,2,true,0,10,0.056,0.003,233.678,28.000,0.459,50.163,312.439
picsum_765__downscale_0.33x,picsum_765,downscale_0.33x,downscale,borderline,true,false,false,false,false,none,no_match,true,false,0,+Inf,+Inf,0,0.000,2,2,true,0,58,0.010,0.002,140.626,9.127,0.497,2.643,152.929
picsum_765__jpeg_recompress_q50,picsum_765,jpeg_recompress_q50,jpeg_recompress,high,true,false,false,true,true,base,visual_match,true,true,41,1.190,15.639,16249,0.992,1,1,true,0,34,0.020,0.003,221.626,18.304,0.489,33.508,274.005
picsum_766__brightness_minus10pct,picsum_766,brightness_minus10pct,brightness,borderline,true,false,false,true,true,base,visual_match,true,true,1714,5.686,27.739,16384,1.000,1,1,true,0,8,0.085,0.002,226.446,30.178,0.342,51.375,308.517
picsum_766__format_change_gif,picsum_766,format_change_gif,format_change,borderline,true,false,false,true,true,base,visual_match,true,true,2000,0.480,0.866,16384,1.000,1,1,true,0,4,0.724,0.003,212.403,41.849,0.522,53.366,309.586
picsum_766__p3_as_srgb_q70,picsum_766,p3_as_srgb_q70,p3_as_srgb,borderline,true,false,false,true,true,base,visual_match,true,true,1855,4.300,12.230,16384,1.000,1,1,true,0,6,0.057,0.003,175.784,30.953,0.476,50.469,257.885
picsum_767__content_overlay_15pct,picsum_767,content_overlay_15pct,content_overlay,high,false,false,false,false,false,none,no_match,true,false,1823,20.667,141.041,16384,1.000,1,1,true,0,14,0.098,0.006,201.392,30.161,0.514,47.964,280.291
picsum_767__heavy_crop_60pct,picsum_767,heavy_crop_60pct,heavy_crop,high,false,false,false,false,false,none,prefilter_empty,true,false,53,1.606,16.871,2516,0.154,0,0,false,-1,110,0.031,0.003,118.124,11.975,0.399,0.000,130.610
picsum_767__rotate_90,picsum_767,rotate_90,rotate_cardinal,borderline,true,false,false,false,false,none,no_match,true,false,1888,4.224,41.429,16251,0.992,1,1,true,0,2,0.140,0.002,190.437,30.006,0.516,45.962,267.219
picsum_768__crop_border_5pct,picsum_768,crop_border_5pct,crop_border,borderline,true,false,false,true,true,base,visual_match,true,true,1275,0.849,6.329,12996,0.793,1,1,true,0,82,0.069,0.003,161.655,19.854,0.480,40.408,222.581
picsum_768__jpeg_recompress_q20,picsum_768,jpeg_recompress_q20,jpeg_recompress,high,true,false,false,true,true,base,visual_match,true,true,1397,2.908,24.309,16384,1.000,1,1,true,0,22,0.023,0.003,243.570,37.323,0.660,54.374,336.038
picsum_768__upscale_2.0x,picsum_768,upscale_2.0x,upscale,borderline,true,false,false,true,true,base,visual_match,true,true,797,1.368,18.915,16384,1.000,1,1,true,0,14,0.124,0.005,561.525,53.276,0.504,67.157,682.754
picsum_769__downscale_256px,picsum_769,downscale_256px,downscale,borderline,true,false,false,false,false,none,no_match,true,false,26,3.937,120.547,15954,0.974,1,1,true,0,14,0.014,0.021,148.835,9.240,0.473,25.008,183.620
picsum_769__noise_sigma10,picsum_769,noise_sigma10,noise_light,high,true,false,false,true,true,base,visual_match,true,true,119,2.238,12.563,16205,0.989,1,1,true,0,32,0.118,0.003,276.293,28.692,0.597,40.664,346.512
picsum_76__color_invert,picsum_76,color_invert,color_invert,high,false,false,false,false,false,none,prefilter_empty,true,false,4,58.088,226.282,15228,0.929,0,0,false,-1,118,0.163,0.003,253.641,39.322,0.456,0.000,293.851
picsum_76__heavy_crop_40pct,picsum_76,heavy_crop_40pct,heavy_crop,borderline,false,false,false,false,false,none,prefilter_empty,true,false,318,2.300,14.740,5776,0.353,0,0,false,-1,110,0.067,0.003,191.702,25.191,0.609,0.001,217.683
picsum_76__rotate_32deg,picsum_76,rotate_32deg,rotate_small,borderline,true,false,false,false,false,none,prefilter_empty,true,false,941,3.671,86.023,13445,0.821,0,0,false,-1,120,0.194,0.003,246.545,35.928,0.483,0.000,283.330
picsum_770__crop_border_15pct,picsum_770,crop_border_15pct,crop_border,borderline,true,false,false,false,false,none,prefilter_empty,true,true,714,0.956,14.562,7832,0.478,0,0,false,-1,118,0.038,0.002,211.888,18.411,0.626,0.000,231.026
picsum_770__hue_shift_60deg,picsum_770,hue_shift_60deg,hue_shift,borderline,false,false,false,false,false,none,no_match,true,false,1425,10.768,74.954,16384,1.000,1,1,true,0,8,0.051,0.003,238.589,26.260,0.657,55.254,320.901
picsum_770__sharpen_light,picsum_770,sharpen_light,sharpen,high,true,false,false,true,true,base,visual_match,true,true,1477,0.882,16.717,16384,1.000,1,1,true,0,6,0.045,0.002,187.480,19.847,0.425,44.284,252.147
picsum_772__downscale_0.75x,picsum_772,downscale_0.75x,downscale,borderline,true,false,false,true,true,base,visual_match,true,true,710,2.224,19.290,16384,1.000,1,1,true,0,22,0.063,0.004,146.935,20.675,0.464,44.796,213.022
picsum_772__jpeg_recompress_q90,picsum_772,jpeg_recompress_q90,jpeg_recompress,high,true,false,false,true,true,base,visual_match,true,true,1866,0.551,2.495,16384,1.000,1,1,true,0,2,0.108,0.002,180.487,28.201,0.321,51.196,260.439
picsum_773__brightness_plus10pct,picsum_773,brightness_plus10pct,brightness,borderline,true,false,false,true,true,base,visual_match,true,true,1629,4.691,32.218,16384,1.000,1,1,true,0,14,0.118,0.002,267.267,29.230,0.522,78.453,375.684
picsum_773__format_change_tiff,picsum_773,format_change_tiff,format_change,borderline,true,false,false,true,true,base,visual_match,true,true,1967,0.438,0.866,16384,1.000,1,1,true,0,0,0.626,0.003,229.054,30.583,0.432,54.887,316.275
picsum_773__rotate_180,picsum_773,rotate_180,rotate_cardinal,borderline,true,false,false,false,false,none,no_match,true,false,1816,1.946,42.631,16311,0.996,1,1,true,0,2,0.095,0.003,239.970,33.774,0.607,58.483,333.046
picsum_774__content_overlay_30pct,picsum_774,content_overlay_30pct,content_overlay,high,false,false,false,false,false,none,no_match,true,false,511,19.230,120.006,16316,0.996,1,1,true,0,94,0.040,0.004,256.740,22.619,0.689,45.150,325.334
picsum_774__hue_shift_180deg,picsum_774,hue_shift_180deg,hue_shift,borderline,false,false,false,false,false,none,prefilter_empty,true,false,67,102.005,148.808,9126,0.557,0,0,false,-1,94,0.042,0.002,254.534,22.229,0.472,0.000,277.329
picsum_774__saturation_boost_2.0x,picsum_774,saturation_boost_2.0x,saturation_boost,borderline,false,false,false,false,false,none,no_match,true,false,34,25.480,91.768,15094,0.921,1,1,true,0,80,0.038,0.003,247.543,19.743,0.490,29.374,297.245
picsum_775__downscale_0.33x,picsum_775,downscale_0.33x,downscale,borderline,true,false,false,true,true,base,visual_match,true,true,201,4.047,33.209,16197,0.989,1,1,true,0,16,0.011,0.002,123.337,8.252,0.378,23.386,155.406
picsum_775__jpeg_recompress_q50,picsum_775,jpeg_recompress_q50,jpeg_recompress,high,true,false,false,true,true,base,visual_match,true,true,1500,1.633,7.877,16384,1.000,1,1,true,0,6,0.039,0.002,187.407,23.117,0.477,51.873,262.994
picsum_776__brightness_minus10pct,picsum_776,brightness_minus10pct,brightness,borderline,true,false,false,true,true,base,visual_match,true,true,1748,0.931,7.005,16384,1.000,1,1,true,0,0,0.051,0.005,182.840,23.791,0.443,51.027,258.232
picsum_776__format_change_gif,picsum_776,format_change_gif,format_change,borderline,true,false,false,true,true,base,visual_match,true,true,1965,0.470,0.866,16384,1.000,1,1,true,0,0,0.457,0.005,165.627,29.151,0.497,55.686,251.894
picsum_776__p3_as_srgb_q70,picsum_776,p3_as_srgb_q70,p3_as_srgb,borderline,true,false,false,true,true,base,visual_match,true,true,1722,6.590,13.786,16384,1.000,1,1,true,0,0,0.046,0.004,197.179,29.391,0.448,60.126,287.282
picsum_777__content_overlay_15pct,picsum_777,content_overlay_15pct,content_overlay,high,false,false,false,false,false,none,no_match,true,false,1645,20.793,165.006,16384,1.000,1,1,true,0,40,0.065,0.004,240.710,31.241,0.548,59.663,332.325
picsum_777__heavy_crop_60pct,picsum_777,heavy_crop_60pct,heavy_crop,high,false,false,false,false,false,none,no_match,true,false,74,2.514,54.743,2557,0.156,1,1,false,-1,112,0.030,0.004,193.515,14.380,0.367,7.191,215.543
picsum_777__rotate_90,picsum_777,rotate_90,rotate_cardinal,borderline,true,false,false,false,false,none,no_match,true,false,1701,2.358,42.814,16269,0.993,1,1,true,0,2,0.093,0.003,250.715,27.837,0.471,58.096,337.318
picsum_778__crop_border_5pct,picsum_778,crop_border_5pct,crop_border,borderline,true,false,false,false,false,none,prefilter_empty,true,true,1017,1.040,11.952,12996,0.793,0,0,false,-1,98,0.066,0.002,220.341,29.333,0.488,0.000,250.341
picsum_778__jpeg_recompress_q20,picsum_778,jpeg_recompress_q20,jpeg_recompress,high,true,false,false,true,true,base,visual_match,true,true,1466,3.225,19.115,16384,1.000,1,1,true,0,22,0.030,0.002,242.607,38.327,0.471,56.275,337.770
picsum_778__upscale_2.0x,picsum_778,upscale_2.0x,upscale,borderline,true,false,false,true,true,base,visual_match,true,true,892,1.122,9.843,16384,1.000,1,1,true,0,14,0.122,0.002,535.050,60.861,0.480,69.113,665.741
picsum_779__downscale_256px,picsum_779,downscale_256px,downscale,borderline,true,false,false,true,true,base,visual_match,true,true,182,3.149,32.522,16166,0.987,1,1,true,0,34,0.019,0.003,153.482,12.645,0.367,30.312,196.893
picsum_779__noise_sigma10,picsum_779,noise_sigma10,noise_light,high,true,false,false,true,true,base,visual_match,true,true,1586,1.883,9.228,16384,1.000,1,1,true,0,22,0.202,0.007,276.563,29.196,0.461,56.608,363.245
picsum_77__color_invert,picsum_77,color_invert,color_invert,high,false,false,false,false,false,none,prefilter_empty,true,false,0,+Inf,+Inf,0,0.000,0,0,false,-1,138,0.101,0.007,248.673,26.737,0.440,0.000,276.074
picsum_77__heavy_crop_40pct,picsum_77,heavy_crop_40pct,heavy_crop,borderline,false,false,false,false,false,none,no_match,true,false,1045,1.227,14.914,5776,0.353,1,1,false,-1,98,0.039,0.003,161.625,17.574,0.458,9.316,189.107
picsum_77__rotate_32deg,picsum_77,rotate_32deg,rotate_small,borderline,true,false,false,false,false,none,no_match,true,true,1037,1.561,29.789,13472,0.822,3,3,false,-1,102,0.104,0.003,245.377,26.242,0.422,164.515,436.768
picsum_780__crop_border_15pct,picsum_780,crop_border_15pct,crop_border,borderline,true,false,false,false,false,none,no_match,true,true,631,1.811,29.876,7845,0.479,1,1,false,-1,118,0.063,0.002,175.842,20.657,0.469,40.814,237.965
picsum_780__hue_shift_60deg,picsum_780,hue_shift_60deg,hue_shift,borderline,false,false,false,false,false,none,no_match,true,false,1446,12.823,149.565,16384,1.000,1,1,true,0,26,0.086,0.002,176.717,24.033,0.401,45.987,247.325
picsum_780__sharpen_light,picsum_780,sharpen_light,sharpen,high,true,false,false,true,true,base,visual_match,true,true,1729,1.409,15.774,16384,1.000,1,1,true,0,12,0.078,0.002,178.939,26.089,0.394,50.407,256.026
picsum_781__downscale_0.75x,picsum_781,downscale_0.75x,downscale,borderline,true,false,false,true,true,base,visual_match,true,true,561,1.418,23.900,16384,1.000,1,1,true,0,14,0.029,0.002,144.041,14.876,0.309,47.408,206.735
picsum_781__jpeg_recompress_q90,picsum_781,jpeg_recompress_q90,jpeg_recompress,high,true,false,false,true,true,base,visual_match,true,true,1820,0.276,3.440,16384,1.000,1,1,true,0,2,0.077,0.004,267.343,27.179,0.416,58.464,353.563
picsum_782__brightness_plus10pct,picsum_782,brightness_plus10pct,brightness,borderline,true,false,false,true,true,base,visual_match,true,true,1623,0.762,17.310,16384,1.000,1,1,true,0,4,0.088,0.003,263.188,31.314,0.587,70.079,365.395
picsum_782__format_change_tiff,picsum_782,format_change_tiff,format_change,borderline,true,false,false,true,true,base,visual_match,true,true,2000,0.348,0.866,16384,1.000,1,1,true,0,2,0.525,0.004,244.568,53.191,0.675,60.334,359.840
picsum_782__rotate_180,picsum_782,rotate_180,rotate_cardinal,borderline,true,false,false,false,false,none,no_match,true,false,1859,4.704,67.279,16177,0.987,1,1,true,0,2,0.094,0.006,255.854,34.657,0.452,71.976,363.131
picsum_783__content_overlay_30pct,picsum_783,content_overlay_30pct,content_overlay,high,false,false,false,false,false,none,no_match,true,false,470,22.349,188.018,16384,1.000,1,1,true,0,52,0.082,0.002,172.743,21.122,0.431,36.743,231.195
picsum_783__hue_shift_180deg,picsum_783,hue_shift_180deg,hue_shift,borderline,false,false,false,false,false,none,no_match,true,false,949,18.451,108.248,16384,1.000,1,1,true,0,14,0.080,0.003,186.696,24.238,0.482,50.237,261.835
picsum_783__saturation_boost_2.0x,picsum_783,saturation_boost_2.0x,saturation_boost,borderline,false,false,false,false,false,none,no_match,true,false,812,10.004,46.854,16384,1.000,1,1,true,0,26,0.127,0.002,239.653,34.234,0.529,62.272,336.957
picsum_784__downscale_0.33x,picsum_784,downscale_0.33x,downscale,borderline,true,false,false,false,false,none,no_match,true,false,40,78.096,194.287,15396,0.940,1,1,true,0,28,0.020,0.004,153.599,14.507,0.600,31.684,200.454
picsum_784__jpeg_recompress_q50,picsum_784,jpeg_recompress_q50,jpeg_recompress,high,true,false,false,true,true,base,visual_match,true,true,1120,1.350,9.002,16384,1.000,3,3,true,0,18,0.034,0.005,197.199,20.386,0.477,40.229,258.384
picsum_785__brightness_minus10pct,picsum_785,brightness_minus10pct,brightness,borderline,true,false,false,true,true,base,visual_match,true,true,1754,3.877,25.001,16384,1.000,1,1,true,0,2,0.060,0.005,188.414,22.019,0.424,45.464,256.506
picsum_785__format_change_gif,picsum_785,format_change_gif,format_change,borderline,true,false,false,true,true,base,visual_match,true,true,2000,0.469,0.846,16384,1.000,1,1,true,0,0,0.521,0.008,173.871,27.391,0.431,46.640,249.453
picsum_785__p3_as_srgb_q70,picsum_785,p3_as_srgb_q70,p3_as_srgb,borderline,true,false,false,true,true,base,visual_match,true,true,1833,5.504,13.254,16384,1.000,1,1,true,0,6,0.048,0.002,203.514,32.893,0.483,62.435,299.470
picsum_786__content_overlay_15pct,picsum_786,content_overlay_15pct,content_overlay,high,false,false,false,false,false,none,no_match,true,false,1374,20.205,150.666,16384,1.000,1,1,true,0,24,0.093,0.003,269.555,32.097,0.500,53.803,356.216
picsum_786__heavy_crop_60pct,picsum_786,heavy_crop_60pct,heavy_crop,high,false,false,false,false,false,none,prefilter_empty,true,false,66,2.227,22.983,2558,0.156,0,0,false,-1,128,0.043,0.003,147.859,11.895,0.461,0.001,160.313
picsum_786__rotate_90,picsum_786,rotate_90,rotate_cardinal,borderline,true,false,false,true,true,base,visual_match,true,true,1887,3.355,35.004,16257,0.992,1,1,true,0,2,0.145,0.003,268.398,34.282,0.451,64.444,367.845
picsum_787__crop_border_5pct,picsum_787,crop_border_5pct,crop_border,borderline,true,false,false,true,true,base,visual_match,true,true,1224,0.935,6.987,12996,0.793,2,2,true,0,94,0.059,0.003,249.678,27.229,0.487,56.160,333.711
picsum_787__jpeg_recompress_q20,picsum_787,jpeg_recompress_q20,jpeg_recompress,high,true,false,false,true,true,base,visual_match,true,true,1257,3.167,21.974,16280,0.994,1,1,true,0,10,0.023,0.003,224.047,23.919,0.453,50.679,299.177
picsum_787__upscale_2.0x,picsum_787,upscale_2.0x,upscale,borderline,true,false,false,true,true,base,visual_match,true,true,954,1.184,17.310,16164,0.987,1,1,true,0,8,0.095,0.003,477.360,34.158,0.472,55.458,567.660
picsum_788__downscale_256px,picsum_788,downscale_256px,downscale,borderline,true,false,false,false,false,none,no_match,true,false,106,4.846,57.583,16124,0.984,2,2,true,0,26,0.022,0.003,113.831,9.017,0.523,46.356,169.789
picsum_788__noise_sigma10,picsum_788,noise_sigma10,noise_light,high,true,false,false,true,true,base,visual_match,true,true,890,2.072,15.924,16384,1.000,2,2,true,0,16,0.113,0.003,190.134,22.633,0.452,42.303,255.809
picsum_789__color_invert,picsum_789,color_invert,color_invert,high,false,false,false,false,false,none,prefilter_empty,true,false,6,71.071,216.260,14740,0.900,0,0,false,-1,126,0.083,0.003,179.913,24.199,0.430,0.000,204.793
picsum_789__heavy_crop_40pct,picsum_789,heavy_crop_40pct,heavy_crop,borderline,false,false,false,false,false,none,prefilter_empty,true,false,433,1.765,22.570,5776,0.353,0,0,false,-1,118,0.050,0.002,131.665,16.276,0.434,0.003,148.504
picsum_789__rotate_32deg,picsum_789,rotate_32deg,rotate_small,borderline,true,false,false,false,false,none,no_match,true,true,914,1.383,17.518,13469,0.822,1,1,false,-1,106,0.092,0.002,189.629,23.811,0.419,14.527,228.632
picsum_78__crop_border_15pct,picsum_78,crop_border_15pct,crop_border,borderline,true,false,false,false,false,none,prefilter_empty,true,true,392,1.185,8.578,7832,0.478,0,0,false,-1,112,0.067,0.002,191.080,20.453,0.465,0.000,212.168
picsum_78__hue_shift_60deg,picsum_78,hue_shift_60deg,hue_shift,borderline,false,false,false,false,false,none,no_match,true,false,1523,22.780,61.901,16384,1.000,1,1,true,0,6,0.128,0.002,251.154,31.990,0.544,61.519,345.444
picsum_78__sharpen_light,picsum_78,sharpen_light,sharpen,high,true,false,false,true,true,base,visual_match,true,true,1673,1.952,15.328,16384,1.000,1,1,true,0,14,0.161,0.004,234.488,29.184,0.588,51.607,316.264
picsum_790__downscale_0.75x,picsum_790,downscale_0.75x,downscale,borderline,true,false,false,true,true,base,visual_match,true,true,674,2.149,22.252,16360,0.999,1,1,true,0,22,0.036,0.003,151.633,18.567,0.472,47.686,218.465
picsum_790__jpeg_recompress_q90,picsum_790,jpeg_recompress_q90,jpeg_recompress,high,true,false,false,true,true,base,visual_match,true,true,1860,0.510,2.599,16384,1.000,1,1,true,0,4,0.105,0.003,235.833,30.823,0.549,53.788,321.218
picsum_791__brightness_plus10pct,picsum_791,brightness_plus10pct,brightness,borderline,true,false,false,true,true,base,visual_match,true,true,1766,3.268,18.669,16384,1.000,1,1,true,0,2,0.098,0.004,272.849,39.381,0.456,57.219,370.145
picsum_791__format_change_tiff,picsum_791,format_change_tiff,format_change,borderline,true,false,false,true,true,base,visual_match,true,true,2000,0.446,0.866,16384,1.000,1,1,true,0,2,0.623,0.003,205.996,29.653,0.428,49.322,286.720
picsum_791__rotate_180,picsum_791,rotate_180,rotate_cardinal,borderline,true,false,false,true,true,base,visual_match,true,true,1806,2.970,33.133,16120,0.984,1,1,true,0,2,0.098,0.002,229.883,26.905,0.347,48.471,305.824
picsum_793__content_overlay_30pct,picsum_793,content_overlay_30pct,content_overlay,high,false,false,false,false,false,none,no_match,true,false,1233,28.707,192.092,16384,1.000,3,3,true,0,40,0.040,0.003,252.191,26.630,0.543,112.581,392.053
picsum_793__hue_shift_180deg,picsum_793,hue_shift_180deg,hue_shift,borderline,false,false,false,false,false,none,no_match,true,false,1284,27.794,64.458,16384,1.000,2,2,true,0,4,0.057,0.003,239.011,25.210,0.489,108.940,373.780
picsum_793__saturation_boost_2.0x,picsum_793,saturation_boost_2.0x,saturation_boost,borderline,false,false,false,false,false,none,no_match,true,false,1046,12.970,44.483,16384,1.000,1,1,true,0,8,0.055,0.003,247.080,25.160,0.501,48.434,321.336
picsum_794__downscale_0.33x,picsum_794,downscale_0.33x,downscale,borderline,true,false,false,false,false,none,no_match,true,false,53,4.682,54.625,16080,0.981,1,1,true,0,30,0.015,0.003,121.693,7.673,0.445,23.219,153.075
picsum_794__jpeg_recompress_q50,picsum_794,jpeg_recompress_q50,jpeg_recompress,high,true,false,false,true,true,base,visual_match,true,true,965,1.695,14.195,16200,0.989,2,2,true,0,6,0.022,0.002,190.005,19.149,0.424,33.904,243.560
picsum_795__brightness_minus10pct,picsum_795,brightness_minus10pct,brightness,borderline,true,false,false,true,true,base,visual_match,true,true,1848,0.916,4.252,16384,1.000,1,1,true,0,4,0.070,0.003,173.973,24.051,0.420,43.801,242.441
picsum_795__format_change_gif,picsum_795,format_change_gif,format_change,borderline,true,false,false,true,true,base,visual_match,true,true,2000,0.463,0.866,16384,1.000,1,1,true,0,0,0.563,0.002,170.386,35.489,0.426,62.826,270.135
picsum_795__p3_as_srgb_q70,picsum_795,p3_as_srgb_q70,p3_as_srgb,borderline,true,false,false,true,true,base,visual_match,true,true,1850,3.454,11.658,16384,1.000,1,1,true,0,2,0.088,0.004,238.994,30.066,0.372,56.752,326.402
picsum_796__content_overlay_15pct,picsum_796,content_overlay_15pct,content_overlay,high,false,false,false,false,false,none,no_match,true,false,817,21.250,156.887,16384,1.000,2,2,true,0,60,0.055,0.002,225.909,30.009,0.520,104.681,361.266
picsum_796__heavy_crop_60pct,picsum_796,heavy_crop_60pct,heavy_crop,high,false,false,false,false,false,none,no_match,true,false,28,2.239,79.897,2583,0.158,1,1,false,-1,124,0.019,0.004,166.240,10.740,0.517,27.818,205.383
picsum_796__rotate_90,picsum_796,rotate_90,rotate_cardinal,borderline,true,false,false,false,false,none,no_match,true,false,905,1.065,39.816,16384,1.000,2,2,true,0,0,0.056,0.003,245.383,24.910,0.562,56.152,327.148
picsum_797__crop_border_5pct,picsum_797,crop_border_5pct,crop_border,borderline,true,false,false,true,true,base,visual_match,true,true,806,1.430,35.227,13148,0.802,1,1,true,0,82,0.054,0.002,223.963,26.727,0.587,51.108,302.502
picsum_797__jpeg_recompress_q20,picsum_797,jpeg_recompress_q20,jpeg_recompress,high,true,false,false,true,true,base,visual_match,true,true,1360,3.884,25.235,16384,1.000,2,2,true,0,10,0.020,0.003,194.804,21.180,0.327,47.583,263.968
picsum_797__upscale_2.0x,picsum_797,upscale_2.0x,upscale,borderline,true,false,false,true,true,base,visual_match,true,true,685,1.309,12.358,16384,1.000,1,1,true,0,8,0.091,0.002,398.842,39.541,0.457,49.117,488.158
picsum_798__downscale_256px,picsum_798,downscale_256px,downscale,borderline,true,false,false,false,false,none,no_match,true,false,139,2.576,45.203,16207,0.989,4,4,true,0,12,0.011,0.004,115.700,8.104,0.506,69.908,194.263
picsum_798__noise_sigma10,picsum_798,noise_sigma10,noise_light,high,true,false,false,true,true,base,visual_match,true,true,1383,1.796,22.198,16236,0.991,1,1,true,0,18,0.102,0.003,197.626,26.033,0.511,62.088,286.520
picsum_799__color_invert,picsum_799,color_invert,color_invert,high,false,false,false,false,false,none,no_match,true,false,5,75.192,320.419,15700,0.958,1,1,false,-1,122,0.110,0.002,258.928,30.583,0.373,53.091,343.222
picsum_799__heavy_crop_40pct,picsum_799,heavy_crop_40pct,heavy_crop,borderline,false,false,false,false,false,none,prefilter_empty,true,false,872,1.447,9.474,5776,0.353,0,0,false,-1,118,0.048,0.002,179.709,21.373,0.578,0.000,201.771
picsum_799__rotate_32deg,picsum_799,rotate_32deg,rotate_small,borderline,true,false,false,false,false,none,prefilter_empty,true,true,1141,1.878,23.692,13462,0.822,0,0,false,-1,112,0.091,0.003,190.399,23.070,0.483,0.000,214.158
picsum_79__crop_border_15pct,picsum_79,crop_border_15pct,crop_border,borderline,true,false,false,false,false,none,prefilter_empty,true,true,95,1.139,23.092,7863,0.480,0,0,false,-1,116,0.047,0.003,138.032,14.822,0.396,0.000,153.369
picsum_79__hue_shift_60deg,picsum_79,hue_shift_60deg,hue_shift,borderline,false,false,false,true,true,base,visual_match,true,true,1735,0.352,3.839,16384,1.000,1,1,true,0,2,0.098,0.003,184.869,22.884,0.399,39.288,247.661
picsum_79__sharpen_light,picsum_79,sharpen_light,sharpen,high,true,false,false,true,true,base,visual_match,true,true,1517,1.163,14.992,16384,1.000,1,1,true,0,14,0.091,0.003,180.190,29.387,0.410,50.612,260.868
picsum_7__downscale_0.75x,picsum_7,downscale_0.75x,downscale,borderline,true,false,false,true,true,base,visual_match,true,true,860,2.198,21.648,16384,1.000,1,1,true,0,6,0.036,0.004,186.231,19.430,0.471,43.078,249.367
picsum_7__jpeg_recompress_q90,picsum_7,jpeg_recompress_q90,jpeg_recompress,high,true,false,false,true,true,base,visual_match,true,true,1891,0.633,3.884,16384,1.000,1,1,true,0,2,0.069,0.002,243.119,37.460,0.339,53.869,334.930
picsum_800__brightness_plus10pct,picsum_800,brightness_plus10pct,brightness,borderline,true,false,false,true,true,base,visual_match,true,true,1760,2.473,25.192,16384,1.000,1,1,true,0,14,0.088,0.002,242.088,32.359,0.461,59.236,334.311
picsum_800__format_change_tiff,picsum_800,format_change_tiff,format_change,borderline,true,false,false,true,true,base,visual_match,true,true,2000,0.450,0.847,16384,1.000,1,1,true,0,2,0.761,0.004,228.251,42.239,0.600,72.109,344.695
picsum_800__rotate_180,picsum_800,rotate_180,rotate_cardinal,borderline,true,false,false,false,false,none,no_match,true,false,1765,2.817,50.873,16175,0.987,1,1,true,0,2,0.077,0.002,177.412,25.779,0.422,51.667,255.458
picsum_802__content_overlay_30pct,picsum_802,content_overlay_30pct,content_overlay,high,false,false,false,false,false,none,no_match,true,false,1349,23.791,158.698,16384,1.000,2,2,true,0,28,0.050,0.003,254.954,24.643,0.536,60.585,340.859
picsum_802__hue_shift_180deg,picsum_802,hue_shift_180deg,hue_shift,borderline,false,false,false,false,false,none,no_match,true,false,1046,20.482,43.964,16384,1.000,2,2,true,0,10,0.050,0.003,251.636,27.327,0.596,75.089,354.763
picsum_802__saturation_boost_2.0x,picsum_802,saturation_boost_2.0x,saturation_boost,borderline,false,false,false,false,false,none,no_match,true,false,1370,10.176,26.610,16384,1.000,3,3,true,0,4,0.076,0.003,248.976,28.237,0.469,103.744,381.596
picsum_803__downscale_0.33x,picsum_803,downscale_0.33x,downscale,borderline,true,false,false,false,false,none,no_match,true,false,236,9.761,94.508,16209,0.989,2,2,true,0,18,0.019,0.002,168.800,16.857,0.532,76.315,262.563
picsum_803__jpeg_recompress_q50,picsum_803,jpeg_recompress_q50,jpeg_recompress,high,true,false,false,true,true,base,visual_match,true,true,1672,2.570,26.759,16384,1.000,2,2,true,0,6,0.068,0.003,250.947,33.067,0.627,61.079,345.906
picsum_804__brightness_minus10pct,picsum_804,brightness_minus10pct,brightness,borderline,true,false,false,true,true,base,visual_match,true,true,1800,1.331,8.474,16384,1.000,1,1,true,0,2,0.086,0.003,251.279,28.895,0.503,69.856,350.764
picsum_804__format_change_gif,picsum_804,format_change_gif,format_change,borderline,true,false,false,true,true,base,visual_match,true,true,1974,0.473,0.866,16384,1.000,1,1,true,0,0,0.687,0.003,202.297,33.915,0.438,64.509,302.483
picsum_804__p3_as_srgb_q70,picsum_804,p3_as_srgb_q70,p3_as_srgb,borderline,true,false,false,true,true,base,visual_match,true,true,1768,5.978,12.984,16384,1.000,1,1,true,0,6,0.055,0.003,257.443,29.706,0.529,66.625,354.474
picsum_805__content_overlay_15pct,picsum_805,content_overlay_15pct,content_overlay,high,false,false,false,false,false,none,no_match,true,false,1067,22.930,156.280,16384,1.000,1,1,true,0,66,0.063,0.003,224.900,21.630,0.359,39.836,286.874
picsum_805__heavy_crop_60pct,picsum_805,heavy_crop_60pct,heavy_crop,high,false,false,false,false,false,none,prefilter_empty,true,false,624,0.376,5.625,2500,0.153,0,0,false,-1,106,0.018,0.004,162.682,11.362,0.409,0.000,174.541
picsum_805__rotate_90,picsum_805,rotate_90,rotate_cardinal,borderline,true,false,false,true,true,base,visual_match,true,true,1583,0.891,28.435,16329,0.997,3,3,true,0,6,0.050,0.002,229.372,25.032,0.507,50.399,305.423
picsum_806__crop_border_5pct,picsum_806,crop_border_5pct,crop_border,borderline,true,false,false,true,true,base,visual_match,true,true,1289,0.803,6.802,12996,0.793,2,2,true,0,78,0.056,0.002,210.000,25.242,0.505,57.563,293.459
picsum_806__jpeg_recompress_q20,picsum_806,jpeg_recompress_q20,jpeg_recompress,high,true,false,false,true,true,base,visual_match,true,true,1285,3.310,13.889,16384,1.000,1,1,true,0,22,0.024,0.003,233.432,35.090,0.499,57.742,326.860
picsum_806__upscale_2.0x,picsum_806,upscale_2.0x,upscale,borderline,true,false,false,true,true,base,visual_match,true,true,865,1.102,12.242,16383,1.000,1,1,true,0,16,0.123,0.002,563.144,44.460,0.475,69.641,677.951
picsum_807__downscale_256px,picsum_807,downscale_256px,downscale,borderline,true,false,false,false,false,none,no_match,true,false,118,3.861,40.851,16139,0.985,2,2,true,0,30,0.021,0.003,145.678,10.600,0.605,33.180,190.128
picsum_807__noise_sigma10,picsum_807,noise_sigma10,noise_light,high,true,false,false,true,true,base,visual_match,true,true,1531,2.083,13.834,16384,1.000,1,1,true,0,10,0.151,0.002,241.412,27.392,0.450,46.792,316.401
picsum_808__color_invert,picsum_808,color_invert,color_invert,high,false,false,false,false,false,none,prefilter_empty,true,false,0,+Inf,+Inf,0,0.000,0,0,false,-1,120,0.094,0.003,223.123,30.422,0.469,0.000,254.229
picsum_808__heavy_crop_40pct,picsum_808,heavy_crop_40pct,heavy_crop,borderline,false,false,false,false,false,none,no_match,true,false,265,1.155,13.652,5776,0.353,1,1,false,-1,120,0.029,0.001,135.357,13.831,0.470,18.282,168.012
picsum_808__rotate_32deg,picsum_808,rotate_32deg,rotate_small,borderline,true,false,false,false,false,none,prefilter_empty,true,false,729,2.445,53.393,13353,0.815,0,0,false,-1,118,0.096,0.002,179.808,28.699,0.358,0.000,209.065
picsum_809__crop_border_15pct,picsum_809,crop_border_15pct,crop_border,borderline,true,false,false,false,false,none,prefilter_empty,true,true,1155,0.699,19.661,7832,0.478,0,0,false,-1,122,0.028,0.003,137.829,14.035,0.436,0.001,152.392
picsum_809__hue_shift_60deg,picsum_809,hue_shift_60deg,hue_shift,borderline,false,false,false,true,true,base,visual_match,true,true,1726,3.097,18.178,16384,1.000,1,1,true,0,4,0.031,0.003,170.593,22.943,0.508,48.466,242.607
picsum_809__sharpen_light,picsum_809,sharpen_light,sharpen,high,true,false,false,true,true,base,visual_match,true,true,1543,0.560,11.347,16384,1.000,1,1,true,0,4,0.047,0.003,275.066,32.933,0.509,50.029,358.676
picsum_80__downscale_0.75x,picsum_80,downscale_0.75x,downscale,borderline,true,false,false,true,true,base,visual_match,true,true,668,1.177,17.171,16206,0.989,2,2,true,0,14,0.026,0.004,203.345,21.361,0.567,53.206,278.567
picsum_80__jpeg_recompress_q90,picsum_80,jpeg_recompress_q90,jpeg_recompress,high,true,false,false,true,true,base,visual_match,true,true,1884,0.276,3.479,16384,1.000,2,2,true,0,2,0.081,0.004,261.156,31.614,0.594,59.559,353.085
picsum_810__brightness_plus10pct,picsum_810,brightness_plus10pct,brightness,borderline,true,false,false,true,true,base,visual_match,true,true,417,0.785,5.790,16384,1.000,3,3,true,0,4,0.052,0.003,283.828,31.646,0.571,48.322,364.500
picsum_810__format_change_tiff,picsum_810,format_change_tiff,format_change,borderline,true,false,false,true,true,base,visual_match,true,true,437,0.442,0.866,16384,1.000,2,2,true,0,2,0.413,0.004,229.367,24.476,0.461,44.339,299.465
picsum_810__rotate_180,picsum_810,rotate_180,rotate_cardinal,borderline,true,false,false,true,true,base,visual_match,true,true,394,0.885,16.777,16311,0.996,2,2,true,0,2,0.056,0.002,221.199,19.720,0.506,29.314,270.884
picsum_811__content_overlay_30pct,picsum_811,content_overlay_30pct,content_overlay,high,false,false,false,false,false,none,no_match,true,false,1466,31.448,184.864,16384,1.000,1,1,true,0,64,0.101,0.003,235.098,30.754,0.497,52.872,319.481
picsum_811__hue_shift_180deg,picsum_811,hue_shift_180deg,hue_shift,borderline,false,false,false,false,false,none,no_match,true,false,41,32.735,121.850,16384,1.000,1,1,true,0,46,0.187,0.003,236.785,27.881,0.318,52.217,317.508
picsum_811__saturation_boost_2.0x,picsum_811,saturation_boost_2.0x,saturation_boost,borderline,false,false,false,false,false,none,no_match,true,false,1319,9.143,17.805,16384,1.000,1,1,true,0,12,0.134,0.002,189.934,28.372,0.419,51.850,270.828
picsum_813__downscale_0.33x,picsum_813,downscale_0.33x,downscale,borderline,true,false,false,false,false,none,no_match,true,false,9,22.753,88.862,14446,0.882,1,1,true,0,38,0.010,0.003,136.505,9.473,0.538,22.071,168.624
picsum_813__jpeg_recompress_q50,picsum_813,jpeg_recompress_q50,jpeg_recompress,high,true,false,false,true,true,base,visual_match,true,true,239,0.977,8.680,16365,0.999,2,2,true,0,24,0.022,0.003,225.919,17.601,0.403,26.717,270.709
picsum_814__brightness_minus10pct,picsum_814,brightness_minus10pct,brightness,borderline,true,false,false,true,true,base,visual_match,true,true,1693,0.804,6.892,16384,1.000,4,4,true,0,6,0.054,0.003,246.093,37.814,0.608,53.019,337.668
picsum_814__format_change_gif,picsum_814,format_change_gif,format_change,borderline,true,false,false,true,true,base,visual_match,true,true,1898,0.330,0.866,16384,1.000,2,2,true,0,2,0.408,0.003,237.066,28.967,0.412,54.319,321.575
picsum_814__p3_as_srgb_q70,picsum_814,p3_as_srgb_q70,p3_as_srgb,borderline,true,false,false,true,true,base,visual_match,true,true,1729,7.776,12.198,16384,1.000,2,2,true,0,2,0.064,0.004,228.448,27.322,0.373,48.508,304.810
picsum_815__content_overlay_15pct,picsum_815,content_overlay_15pct,content_overlay,high,false,false,false,false,false,none,no_match,true,false,374,21.207,156.091,16384,1.000,1,1,true,0,40,0.031,0.003,215.496,22.580,0.610,36.101,274.891
picsum_815__heavy_crop_60pct,picsum_815,heavy_crop_60pct,heavy_crop,high,false,false,false,false,false,none,prefilter_empty,true,false,151,1.817,39.591,2520,0.154,0,0,false,-1,108,0.015,0.004,146.783,11.057,0.503,0.001,158.393
picsum_815__rotate_90,picsum_815,rotate_90,rotate_cardinal,borderline,true,false,false,true,true,base,visual_match,true,true,407,1.147,34.051,16279,0.994,2,2,true,0,2,0.032,0.003,217.894,24.082,0.601,34.551,277.264
picsum_816__crop_border_5pct,picsum_816,crop_border_5pct,crop_border,borderline,true,false,false,true,true,base,visual_match,true,true,866,1.446,20.302,13195,0.805,2,2,true,0,56,0.045,0.003,208.978,18.864,0.402,34.738,263.098
picsum_816__jpeg_recompress_q20,picsum_816,jpeg_recompress_q20,jpeg_recompress,high,true,false,false,true,true,base,visual_match,true,true,802,2.809,22.845,16294,0.995,2,2,true,0,4,0.024,0.002,219.332,19.834,0.391,37.773,277.403
picsum_816__upscale_2.0x,picsum_816,upscale_2.0x,upscale,borderline,true,false,false,false,false,none,no_match,true,false,572,1.556,48.648,16176,0.987,1,1,true,0,4,0.081,0.003,558.799,38.467,0.409,65.081,662.907
picsum_817__downscale_256px,picsum_817,downscale_256px,downscale,borderline,true,false,false,false,false,none,no_match,true,false,185,10.468,58.303,16152,0.986,1,1,true,0,28,0.024,0.003,164.439,14.051,0.503,52.287,231.379
picsum_817__noise_sigma10,picsum_817,noise_sigma10,noise_light,high,true,false,false,true,true,base,visual_match,true,true,1645,1.971,7.985,16384,1.000,1,1,true,0,10,0.176,0.005,212.344,32.187,0.418,55.621,300.929
picsum_818__color_invert,picsum_818,color_invert,color_invert,high,false,false,false,false,false,none,prefilter_empty,true,false,6,51.214,140.641,4354,0.266,0,0,false,-1,114,0.048,0.004,185.623,20.819,0.459,0.000,207.031
picsum_818__heavy_crop_40pct,picsum_818,heavy_crop_40pct,heavy_crop,borderline,false,false,false,false,false,none,prefilter_empty,true,false,508,0.816,12.211,5776,0.353,0,0,false,-1,114,0.020,0.003,126.478,12.719,0.504,0.000,139.769
picsum_818__rotate_32deg,picsum_818,rotate_32deg,rotate_small,borderline,true,false,false,false,false,none,no_match,true,true,1221,0.820,13.958,13478,0.823,1,1,false,-1,118,0.058,0.007,232.512,27.459,0.518,60.495,321.138
picsum_819__crop_border_15pct,picsum_819,crop_border_15pct,crop_border,borderline,true,false,false,false,false,none,prefilter_empty,true,true,1230,1.693,20.595,7832,0.478,0,0,false,-1,120,0.056,0.003,201.071,22.228,0.499,0.000,223.957
picsum_819__hue_shift_60deg,picsum_819,hue_shift_60deg,hue_shift,borderline,false,false,false,false,false,none,no_match,true,false,1508,10.599,81.285,16384,1.000,1,1,true,0,22,0.088,0.002,252.060,30.062,0.587,60.452,343.332
picsum_819__sharpen_light,picsum_819,sharpen_light,sharpen,high,true,false,false,true,true,base,visual_match,true,true,1473,1.842,17.535,16384,1.000,1,1,true,0,14,0.096,0.003,248.200,44.125,0.552,62.307,355.429
picsum_81__downscale_0.75x,picsum_81,downscale_0.75x,downscale,borderline,true,false,false,true,true,base,visual_match,true,true,710,2.753,16.445,16384,1.000,1,1,true,0,10,0.049,0.003,210.622,29.679,0.482,56.923,297.839
picsum_81__jpeg_recompress_q90,picsum_81,jpeg_recompress_q90,jpeg_recompress,high,true,false,false,true,true,base,visual_match,true,true,1893,0.755,4.313,16384,1.000,2,2,true,0,2,0.110,0.005,202.871,26.126,0.469,48.238,277.970
picsum_820__brightness_plus10pct,picsum_820,brightness_plus10pct,brightness,borderline,true,false,false,true,true,base,visual_match,true,true,1802,1.321,21.590,16384,1.000,1,1,true,0,6,0.046,0.004,175.717,26.474,0.434,53.770,256.519
picsum_820__format_change_tiff,picsum_820,format_change_tiff,format_change,borderline,true,false,false,true,true,base,visual_match,true,true,2000,0.454,0.866,16384,1.000,1,1,true,0,0,0.397,0.003,164.982,22.245,0.398,48.737,237.210
picsum_820__rotate_180,picsum_820,rotate_180,rotate_cardinal,borderline,true,false,false,true,true,base,visual_match,true,true,1663,2.170,24.349,16384,1.000,1,1,true,0,2,0.049,0.002,216.561,26.946,0.451,67.774,311.866
picsum_821__content_overlay_30pct,picsum_821,content_overlay_30pct,content_overlay,high,false,false,false,false,false,none,no_match,true,false,1107,26.246,187.796,16384,1.000,1,1,true,0,32,0.046,0.003,246.140,31.375,0.744,56.848,335.227
picsum_821__hue_shift_180deg,picsum_821,hue_shift_180deg,hue_shift,borderline,false,false,false,false,false,none,no_match,true,false,1330,1.056,62.803,16384,1.000,1,1,true,0,2,0.048,0.003,261.035,21.971,0.427,41.646,325.200
picsum_821__saturation_boost_2.0x,picsum_821,saturation_boost_2.0x,saturation_boost,borderline,false,false,false,false,false,none,no_match,true,false,1294,0.800,46.694,16384,1.000,1,1,true,0,2,0.039,0.003,184.228,18.686,0.371,34.247,237.631
picsum_822__downscale_0.33x,picsum_822,downscale_0.33x,downscale,borderline,true,false,false,false,false,none,no_match,true,false,219,6.518,73.715,16289,0.994,2,2,true,0,18,0.015,0.003,111.438,11.800,0.517,70.177,193.983
picsum_822__jpeg_recompress_q50,picsum_822,jpeg_recompress_q50,jpeg_recompress,high,true,false,false,true,true,base,visual_match,true,true,1758,1.970,17.632,16384,1.000,1,1,true,0,8,0.053,0.003,210.681,34.264,0.555,84.719,330.389
picsum_823__brightness_minus10pct,picsum_823,brightness_minus10pct,brightness,borderline,true,false,false,true,true,base,visual_match,true,true,1737,2.983,7.724,16384,1.000,2,2,true,0,2,0.106,0.004,259.329,28.452,0.425,50.569,339.020
picsum_823__format_change_gif,picsum_823,format_change_gif,format_change,borderline,true,false,false,true,true,base,visual_match,true,true,2000,0.480,0.866,16384,1.000,1,1,true,0,0,0.725,0.004,224.405,37.549,0.589,76.944,340.922
picsum_823__p3_as_srgb_q70,picsum_823,p3_as_srgb_q70,p3_as_srgb,borderline,true,false,false,true,true,base,visual_match,true,true,1827,2.866,13.109,16384,1.000,1,1,true,0,6,0.075,0.003,245.716,30.865,0.596,60.865,338.222
picsum_824__content_overlay_15pct,picsum_824,content_overlay_15pct,content_overlay,high,false,false,false,false,false,none,no_match,true,false,1882,17.688,141.860,16384,1.000,2,2,true,0,34,0.073,0.003,217.887,28.121,0.739,63.758,310.687
picsum_824__heavy_crop_60pct,picsum_824,heavy_crop_60pct,heavy_crop,high,false,false,false,false,false,none,prefilter_empty,true,false,164,1.539,30.790,2550,0.156,0,0,false,-1,118,0.016,0.002,122.516,10.278,0.438,0.000,133.303
picsum_824__rotate_90,picsum_824,rotate_90,rotate_cardinal,borderline,true,false,false,false,false,none,no_match,true,false,1575,2.655,66.882,16378,1.000,1,1,true,0,4,0.089,0.003,265.388,31.286,0.472,58.810,356.153
picsum_825__crop_border_5pct,picsum_825,crop_border_5pct,crop_border,borderline,true,false,false,true,true,base,visual_match,true,true,475,0.695,3.641,12996,0.793,1,1,true,0,94,0.048,0.004,216.791,24.081,0.504,42.404,283.910
picsum_825__jpeg_recompress_q20,picsum_825,jpeg_recompress_q20,jpeg_recompress,high,true,false,false,true,true,base,visual_match,true,true,95,2.993,10.964,16384,1.000,2,2,true,0,34,0.019,0.005,221.519,20.504,0.478,32.893,275.475
picsum_825__upscale_2.0x,picsum_825,upscale_2.0x,upscale,borderline,true,false,false,true,true,base,visual_match,true,true,193,0.950,16.601,16269,0.993,3,3,true,0,18,0.079,0.006,496.397,35.915,0.443,43.359,576.309
picsum_826__downscale_256px,picsum_826,downscale_256px,downscale,borderline,true,false,false,false,false,none,no_match,true,false,159,4.672,39.743,16309,0.995,3,3,true,0,60,0.014,0.003,118.388,8.078,0.505,36.140,163.164
picsum_826__noise_sigma10,picsum_826,noise_sigma10,noise_light,high,true,false,false,true,true,base,visual_match,true,true,1600,1.941,8.003,16384,1.000,1,1,true,0,12,0.229,0.003,252.715,31.525,0.602,58.780,344.061
picsum_827__color_invert,picsum_827,color_invert,color_invert,high,false,false,false,false,false,none,no_match,true,false,0,+Inf,+Inf,0,0.000,1,1,false,-1,122,0.063,0.003,242.597,26.708,0.470,24.684,294.623
picsum_827__heavy_crop_40pct,picsum_827,heavy_crop_40pct,heavy_crop,borderline,false,false,false,false,false,none,prefilter_empty,true,false,294,0.688,12.881,5776,0.353,0,0,false,-1,112,0.032,0.003,183.420,17.982,0.516,0.000,202.019
picsum_827__rotate_32deg,picsum_827,rotate_32deg,rotate_small,borderline,true,false,false,false,false,none,prefilter_empty,true,true,418,0.725,14.779,13469,0.822,0,0,false,-1,124,0.078,0.003,238.814,24.575,0.569,0.002,264.157
picsum_828__crop_border_15pct,picsum_828,crop_border_15pct,crop_border,borderline,true,false,false,false,false,none,prefilter_empty,true,false,755,1.916,44.040,7885,0.481,0,0,false,-1,120,0.055,0.004,163.040,17.989,0.420,0.000,181.598
picsum_828__hue_shift_60deg,picsum_828,hue_shift_60deg,hue_shift,borderline,false,false,false,false,false,none,no_match,true,false,1207,21.874,92.707,16384,1.000,1,1,true,0,14,0.067,0.003,255.116,28.857,0.506,53.982,338.658
picsum_828__sharpen_light,picsum_828,sharpen_light,sharpen,high,true,false,false,true,true,base,visual_match,true,true,1449,1.966,18.683,16384,1.000,3,3,true,0,8,0.094,0.004,253.227,33.008,0.736,58.840,346.049
picsum_829__downscale_0.75x,picsum_829,downscale_0.75x,downscale,borderline,true,false,false,true,true,base,visual_match,true,true,806,2.571,16.656,16384,1.000,2,2,true,0,20,0.080,0.002,203.390,28.961,0.514,49.122,282.128
picsum_829__jpeg_recompress_q90,picsum_829,jpeg_recompress_q90,jpeg_recompress,high,true,false,false,true,true,base,visual_match,true,true,1884,0.730,3.709,16384,1.000,2,2,true,0,2,0.126,0.005,301.225,37.369,0.463,69.642,409.048
picsum_82__brightness_plus10pct,picsum_82,brightness_plus10pct,brightness,borderline,true,false,false,true,true,base,visual_match,true,true,1584,3.174,25.229,16384,1.000,2,2,true,0,4,0.079,0.004,253.081,30.368,0.429,64.443,348.510
picsum_82__format_change_tiff,picsum_82,format_change_tiff,format_change,borderline,true,false,false,true,true,base,visual_match,true,true,2000,0.458,0.866,16384,1.000,1,1,true,0,0,0.713,0.004,245.987,33.358,0.477,66.630,347.983
picsum_82__rotate_180,picsum_82,rotate_180,rotate_cardinal,borderline,true,false,false,false,false,none,no_match,true,false,1839,3.393,50.809,16147,0.986,1,1,true,0,0,0.086,0.003,246.223,31.729,0.470,60.984,339.609
picsum_830__content_overlay_30pct,picsum_830,content_overlay_30pct,content_overlay,high,false,false,false,false,false,none,no_match,true,false,326,20.789,129.795,16384,1.000,1,1,true,0,62,0.045,0.003,189.556,16.064,0.333,27.701,233.773
picsum_830__hue_shift_180deg,picsum_830,hue_shift_180deg,hue_shift,borderline,false,false,false,false,false,none,no_match,true,false,100,55.704,92.428,16384,1.000,1,1,true,0,18,0.032,0.006,180.325,19.195,0.476,29.345,229.436
picsum_830__saturation_boost_2.0x,picsum_830,saturation_boost_2.0x,saturation_boost,borderline,false,false,false,false,false,none,no_match,true,false,73,31.163,45.996,16358,0.998,1,1,true,0,40,0.029,0.003,177.072,16.296,0.367,24.818,218.640
picsum_831__downscale_0.33x,picsum_831,downscale_0.33x,downscale,borderline,true,false,false,false,false,none,no_match,true,false,93,3.604,58.596,15777,0.963,1,1,true,0,40,0.017,0.003,197.561,10.836,0.583,39.016,248.049
picsum_831__jpeg_recompress_q50,picsum_831,jpeg_recompress_q50,jpeg_recompress,high,true,false,false,true,true,base,visual_match,true,true,1257,1.723,11.332,16384,1.000,1,1,true,0,22,0.036,0.003,239.828,29.273,0.465,61.508,331.218
picsum_832__brightness_minus10pct,picsum_832,brightness_minus10pct,brightness,borderline,true,false,false,true,true,base,visual_match,true,true,894,2.312,18.884,16384,1.000,5,5,true,0,4,0.034,0.003,253.127,21.611,0.462,36.296,311.591
picsum_832__format_change_gif,picsum_832,format_change_gif,format_change,borderline,true,false,false,true,true,base,visual_match,true,true,1051,0.336,0.866,16384,1.000,3,3,true,0,2,0.331,0.004,195.643,28.847,0.734,44.745,270.637
picsum_832__p3_as_srgb_q70,picsum_832,p3_as_srgb_q70,p3_as_srgb,borderline,true,false,false,true,true,base,visual_match,true,true,970,3.262,11.067,16384,1.000,3,3,true,0,2,0.033,0.003,252.944,20.828,0.395,40.770,315.024
picsum_833__content_overlay_15pct,picsum_833,content_overlay_15pct,content_overlay,high,false,false,false,false,false,none,prefilter_empty,true,false,39,20.831,139.904,16384,1.000,0,0,false,-1,104,0.025,0.003,226.293,19.572,0.455,0.000,246.410
picsum_833__heavy_crop_60pct,picsum_833,heavy_crop_60pct,heavy_crop,high,false,false,false,false,false,none,prefilter_empty,true,false,34,2.997,30.833,3078,0.188,0,0,false,-1,118,0.015,0.003,125.517,10.472,0.456,0.001,136.490
picsum_833__rotate_90,picsum_833,rotate_90,rotate_cardinal,borderline,true,false,false,false,false,none,no_match,true,false,39,7.116,57.371,14777,0.902,3,3,true,0,6,0.020,0.003,188.839,18.244,0.432,41.274,248.886
picsum_834__crop_border_5pct,picsum_834,crop_border_5pct,crop_border,borderline,true,false,false,false,false,none,prefilter_empty,true,true,629,0.768,10.590,12996,0.793,0,0,false,-1,102,0.035,0.003,176.624,18.143,0.403,0.000,195.274
picsum_834__jpeg_recompress_q20,picsum_834,jpeg_recompress_q20,jpeg_recompress,high,true,false,false,true,true,base,visual_match,true,true,765,2.895,12.451,16384,1.000,1,1,true,0,6,0.025,0.003,169.048,21.145,0.457,38.572,229.306
picsum_834__upscale_2.0x,picsum_834,upscale_2.0x,upscale,borderline,true,false,false,true,true,base,visual_match,true,true,453,1.668,22.555,16338,0.997,1,1,true,0,6,0.079,0.003,408.898,40.321,0.471,50.736,500.593
picsum_835__downscale_256px,picsum_835,downscale_256px,downscale,borderline,true,false,false,false,false,none,no_match,true,false,208,6.584,63.260,16129,0.984,2,2,true,0,22,0.017,0.003,159.653,16.211,0.578,104.660,281.163
picsum_835__noise_sigma10,picsum_835,noise_sigma10,noise_light,high,true,false,false,true,true,base,visual_match,true,true,1671,2.163,8.504,16384,1.000,2,2,true,0,10,0.166,0.003,273.258,35.269,0.621,67.083,376.597
picsum_836__color_invert,picsum_836,color_invert,color_invert,high,false,false,false,false,false,none,prefilter_empty,true,false,6,67.427,315.213,16333,0.997,0,0,false,-1,124,0.115,0.002,251.337,33.260,0.538,0.001,285.336
picsum_836__heavy_crop_40pct,picsum_836,heavy_crop_40pct,heavy_crop,borderline,false,false,false,false,false,none,prefilter_empty,true,false,171,6.877,168.525,5889,0.359,0,0,false,-1,110,0.045,0.030,195.404,25.070,0.487,0.024,221.145
picsum_836__rotate_32deg,picsum_836,rotate_32deg,rotate_small,borderline,true,false,false,false,false,none,prefilter_empty,true,true,1061,2.800,28.891,13469,0.822,0,0,false,-1,116,0.146,0.003,217.376,24.612,0.283,0.000,242.547
picsum_837__crop_border_15pct,picsum_837,crop_border_15pct,crop_border,borderline,true,false,false,false,false,none,prefilter_empty,true,false,621,1.828,43.954,7874,0.481,0,0,false,-1,118,0.063,0.003,231.306,21.518,0.441,0.000,253.416
picsum_837__hue_shift_60deg,picsum_837,hue_shift_60deg,hue_shift,borderline,false,false,false,false,false,none,no_match,true,false,1689,7.747,65.245,16384,1.000,2,2,true,0,2,0.108,0.002,245.888,30.711,0.594,93.965,371.355
picsum_837__sharpen_light,picsum_837,sharpen_light,sharpen,high,true,false,false,true,true,base,visual_match,true,true,1616,1.382,16.555,16384,1.000,2,2,true,0,4,0.081,0.006,186.463,23.564,0.579,49.930,260.745
picsum_838__downscale_0.75x,picsum_838,downscale_0.75x,downscale,borderline,true,false,false,true,true,base,visual_match,true,true,848,2.143,15.848,16384,1.000,2,2,true,0,10,0.045,0.005,145.231,17.849,0.439,39.571,203.215
picsum_838__jpeg_recompress_q90,picsum_838,jpeg_recompress_q90,jpeg_recompress,high,true,false,false,true,true,base,visual_match,true,true,1903,0.569,3.345,16384,1.000,1,1,true,0,0,0.070,0.004,175.366,23.722,0.442,58.799,258.536
picsum_839__brightness_plus10pct,picsum_839,brightness_plus10pct,brightness,borderline,true,false,false,true,true,base,visual_match,true,true,1877,5.222,24.242,16384,1.000,2,2,true,0,8,0.080,0.003,231.324,33.801,0.690,57.959,323.976
picsum_839__format_change_tiff,picsum_839,format_change_tiff,format_change,borderline,true,false,false,true,true,base,visual_match,true,true,2000,0.396,0.866,16384,1.000,1,1,true,0,2,0.715,0.003,206.126,31.639,0.524,74.103,313.720
picsum_839__rotate_180,picsum_839,rotate_180,rotate_cardinal,borderline,true,false,false,false,false,none,no_match,true,false,1869,3.178,44.846,16278,0.994,1,1,true,0,4,0.100,0.003,209.487,22.707,0.369,46.754,279.543
picsum_83__content_overlay_30pct,picsum_83,content_overlay_30pct,content_overlay,high,false,false,false,false,false,none,no_match,true,false,1159,31.094,189.653,16384,1.000,1,1,true,0,86,0.043,0.002,175.706,19.308,0.424,43.643,239.213
picsum_83__hue_shift_180deg,picsum_83,hue_shift_180deg,hue_shift,borderline,false,false,false,false,false,none,no_match,true,false,1458,32.303,91.541,16384,1.000,3,3,true,0,10,0.050,0.003,186.632,19.317,0.323,100.743,307.175
picsum_83__saturation_boost_2.0x,picsum_83,saturation_boost_2.0x,saturation_boost,borderline,false,false,false,false,false,none,no_match,true,false,1665,10.497,56.535,16384,1.000,1,1,true,0,16,0.047,0.002,178.459,20.823,0.543,41.875,241.835
picsum_840__downscale_0.33x,picsum_840,downscale_0.33x,downscale,borderline,true,false,false,false,false,none,no_match,true,false,41,6.118,101.590,16231,0.991,1,1,true,0,22,0.023,0.003,127.032,7.793,0.323,22.310,157.532
picsum_840__jpeg_recompress_q50,picsum_840,jpeg_recompress_q50,jpeg_recompress,high,true,false,false,true,true,base,visual_match,true,true,1264,1.670,9.262,16384,1.000,1,1,true,0,12,0.043,0.004,187.916,19.796,0.426,42.328,250.596
picsum_841__brightness_minus10pct,picsum_841,brightness_minus10pct,brightness,borderline,true,false,false,true,true,base,visual_match,true,true,1753,1.068,22.276,16384,1.000,1,1,true,0,6,0.044,0.004,194.130,19.262,0.345,49.467,263.368
picsum_841__format_change_gif,picsum_841,format_change_gif,format_change,borderline,true,false,false,true,true,base,visual_match,true,true,1982,0.403,0.866,16384,1.000,1,1,true,0,0,0.283,0.002,158.641,25.548,0.545,56.184,241.511
picsum_841__p3_as_srgb_q70,picsum_841,p3_as_srgb_q70,p3_as_srgb,borderline,true,false,false,true,true,base,visual_match,true,true,1811,4.522,11.910,16384,1.000,1,1,true,0,6,0.068,0.004,264.642,26.637,0.440,63.101,354.996
picsum_842__content_overlay_15pct,picsum_842,content_overlay_15pct,content_overlay,high,false,false,false,false,false,none,no_match,true,false,1226,21.296,141.549,16384,1.000,1,1,true,0,42,0.045,0.003,266.338,22.570,0.372,40.497,329.913
picsum_842__heavy_crop_60pct,picsum_842,heavy_crop_60pct,heavy_crop,high,false,false,false,false,false,none,prefilter_empty,true,false,0,+Inf,+Inf,0,0.000,0,0,false,-1,102,0.010,0.002,129.890,10.552,0.480,0.001,140.963
picsum_842__rotate_90,picsum_842,rotate_90,rotate_cardinal,borderline,true,false,false,true,true,base,visual_match,true,true,1235,0.754,19.818,16258,0.992,1,1,true,0,2,0.035,0.002,187.576,23.257,0.415,40.449,251.817
picsum_844__crop_border_5pct,picsum_844,crop_border_5pct,crop_border,borderline,true,false,false,true,true,base,visual_match,true,true,475,1.596,21.760,13163,0.803,1,1,true,0,86,0.059,0.002,221.230,19.378,0.377,31.461,272.592
picsum_844__jpeg_recompress_q20,picsum_844,jpeg_recompress_q20,jpeg_recompress,high,true,false,false,true,true,base,visual_match,true,true,435,3.282,16.342,16330,0.997,1,1,true,0,14,0.022,0.003,240.925,22.506,0.466,34.662,298.637
picsum_844__upscale_2.0x,picsum_844,upscale_2.0x,upscale,borderline,true,false,false,true,true,base,visual_match,true,true,299,1.788,30.510,16175,0.987,2,2,true,0,10,0.075,0.003,476.815,40.950,0.529,58.996,577.456
picsum_845__downscale_256px,picsum_845,downscale_256px,downscale,borderline,true,false,false,false,false,none,no_match,true,false,68,29.070,180.865,6902,0.421,4,4,true,0,22,0.015,0.003,152.438,10.104,0.575,26.083,189.247
picsum_845__noise_sigma10,picsum_845,noise_sigma10,noise_light,high,true,false,false,true,true,base,visual_match,true,true,450,2.356,17.382,16161,0.986,5,5,true,0,24,0.143,0.002,227.446,20.373,0.523,31.443,280.047
picsum_846__color_invert,picsum_846,color_invert,color_invert,high,false,false,false,false,false,none,prefilter_empty,true,false,0,+Inf,+Inf,0,0.000,0,0,false,-1,130,0.081,0.002,182.139,25.590,0.436,0.000,208.396
picsum_846__heavy_crop_40pct,picsum_846,heavy_crop_40pct,heavy_crop,borderline,false,false,false,false,false,none,prefilter_empty,true,false,1057,1.429,10.048,5776,0.353,0,0,false,-1,104,0.040,0.004,130.372,16.354,0.478,0.000,147.305
picsum_846__rotate_32deg,picsum_846,rotate_32deg,rotate_small,borderline,true,false,false,false,false,none,prefilter_empty,true,true,1335,1.402,17.284,13465,0.822,0,0,false,-1,124,0.118,0.003,231.952,30.369,0.440,0.000,263.033
picsum_847__crop_border_15pct,picsum_847,crop_border_15pct,crop_border,borderline,true,false,false,false,false,none,no_match,true,true,47,1.991,15.888,7668,0.468,3,3,false,-1,118,0.023,0.004,194.280,15.355,0.539,15.292,225.540
picsum_847__hue_shift_60deg,picsum_847,hue_shift_60deg,hue_shift,borderline,false,false,false,false,false,none,no_match,true,false,41,15.819,37.647,16182,0.988,2,2,true,0,12,0.036,0.003,249.516,23.276,0.547,46.000,319.443
picsum_847__sharpen_light,picsum_847,sharpen_light,sharpen,high,true,false,false,true,true,base,visual_match,true,true,67,0.453,10.518,16384,1.000,1,1,true,0,14,0.034,0.006,218.656,18.905,0.423,28.930,267.015
picsum_848__downscale_0.75x,picsum_848,downscale_0.75x,downscale,borderline,true,false,false,false,false,none,orb_extract_failed,false,false,0,0.000,0.000,0,0.000,0,2,true,0,26,0.023,0.003,193.423,3.790,0.000,0.000,197.310
picsum_848__jpeg_recompress_q90,picsum_848,jpeg_recompress_q90,jpeg_recompress,high,true,false,false,false,false,none,no_match,true,false,11,3.380,25.848,16370,0.999,2,2,true,0,4,0.029,0.003,236.149,22.734,0.495,63.165,322.629
picsum_849__brightness_plus10pct,picsum_849,brightness_plus10pct,brightness,borderline,true,false,false,true,true,base,visual_match,true,true,1754,1.298,12.248,16384,1.000,1,1,true,0,4,0.067,0.005,226.807,30.425,0.527,54.972,312.898
picsum_849__format_change_tiff,picsum_849,format_change_tiff,format_change,borderline,true,false,false,true,true,base,visual_match,true,true,1899,0.445,0.866,16384,1.000,1,1,true,0,0,0.565,0.002,237.342,28.735,0.388,52.933,320.290
picsum_849__rotate_180,picsum_849,rotate_180,rotate_cardinal,borderline,true,false,false,false,false,none,no_match,true,false,1580,2.005,87.732,15850,0.967,1,1,true,0,0,0.074,0.003,251.383,34.515,0.545,58.428,345.067
picsum_84__content_overlay_30pct,picsum_84,content_overlay_30pct,content_overlay,high,false,false,false,false,false,none,no_match,true,false,1854,23.496,153.232,16384,1.000,1,1,true,0,30,0.047,0.002,237.389,22.746,0.567,53.825,314.633
picsum_84__hue_shift_180deg,picsum_84,hue_shift_180deg,hue_shift,borderline,false,false,false,false,false,none,no_match,true,false,900,35.884,111.213,16384,1.000,1,1,true,0,12,0.050,0.005,218.269,26.113,0.447,48.306,293.290
picsum_84__saturation_boost_2.0x,picsum_84,saturation_boost_2.0x,saturation_boost,borderline,false,false,false,false,false,none,no_match,true,false,1275,20.034,47.395,16254,0.992,1,1,true,0,38,0.078,0.003,246.001,27.544,0.523,54.809,329.037
picsum_851__downscale_0.33x,picsum_851,downscale_0.33x,downscale,borderline,true,false,false,false,false,none,no_match,true,false,198,5.519,67.750,15937,0.973,2,2,true,0,40,0.017,0.003,160.409,16.826,0.476,49.709,227.481
picsum_851__jpeg_recompress_q50,picsum_851,jpeg_recompress_q50,jpeg_recompress,high,true,false,false,true,true,base,visual_match,true,true,1614,2.074,12.013,16380,1.000,1,1,true,0,16,0.067,0.002,246.403,38.510,0.501,75.543,361.130
picsum_852__brightness_minus10pct,picsum_852,brightness_minus10pct,brightness,borderline,true,false,false,false,false,none,orb_extract_failed,false,false,0,0.000,0.000,0,0.000,0,1,true,0,42,0.036,0.003,238.504,8.470,0.000,0.000,247.158
picsum_852__format_change_gif,picsum_852,format_change_gif,format_change,borderline,true,false,false,false,false,none,orb_extract_failed,false,false,0,0.000,0.000,0,0.000,0,2,true,0,14,0.124,0.001,211.845,13.002,0.000,0.000,225.136
picsum_852__p3_as_srgb_q70,picsum_852,p3_as_srgb_q70,p3_as_srgb,borderline,true,false,false,false,false,none,orb_extract_failed,false,false,0,0.000,0.000,0,0.000,0,1,true,0,44,0.031,0.002,246.749,7.987,0.000,0.000,254.877
picsum_853__content_overlay_15pct,picsum_853,content_overlay_15pct,content_overlay,high,false,false,false,false,false,none,no_match,true,false,1342,19.390,144.728,16384,1.000,1,1,true,0,48,0.077,0.002,256.545,27.355,0.497,56.823,341.447
picsum_853__heavy_crop_60pct,picsum_853,heavy_crop_60pct,heavy_crop,high,false,false,false,false,false,none,no_match,true,false,5,34.442,177.993,6995,0.427,1,1,false,-1,116,0.022,0.002,167.355,11.971,0.484,2.418,182.288
picsum_853__rotate_90,picsum_853,rotate_90,rotate_cardinal,borderline,true,false,false,true,true,base,visual_match,true,true,1368,1.040,10.775,16150,0.986,3,3,true,0,4,0.085,0.002,249.062,27.586,0.487,50.416,327.729
picsum_855__crop_border_5pct,picsum_855,crop_border_5pct,crop_border,borderline,true,false,false,false,false,none,no_match,true,false,9,11.857,222.364,15701,0.958,2,2,false,-1,118,0.025,0.002,174.555,13.592,0.297,11.029,199.542
picsum_855__jpeg_recompress_q20,picsum_855,jpeg_recompress_q20,jpeg_recompress,high,true,false,false,true,true,base,visual_match,true,true,131,2.571,32.933,16380,1.000,1,1,true,0,18,0.026,0.003,179.463,14.660,0.286,23.283,217.764
picsum_855__upscale_2.0x,picsum_855,upscale_2.0x,upscale,borderline,true,false,false,false,false,none,no_match,true,false,92,2.051,40.134,16052,0.980,1,1,true,0,6,0.065,0.003,551.035,41.365,0.492,50.110,643.188
picsum_856__downscale_256px,picsum_856,downscale_256px,downscale,borderline,true,false,false,false,false,none,no_match,true,false,104,3.587,162.083,16145,0.985,1,1,true,0,20,0.013,0.006,163.804,10.774,0.506,35.538,210.676
picsum_856__noise_sigma10,picsum_856,noise_sigma10,noise_light,high,true,false,false,true,true,base,visual_match,true,true,791,1.924,7.642,16384,1.000,3,3,true,0,8,0.139,0.004,252.529,26.698,0.476,41.366,321.389
picsum_857__color_invert,picsum_857,color_invert,color_invert,high,false,false,false,false,false,none,prefilter_empty,true,false,5,73.898,289.189,14538,0.887,0,0,false,-1,112,0.102,0.003,307.106,36.462,0.538,0.004,344.405
picsum_857__heavy_crop_40pct,picsum_857,heavy_crop_40pct,heavy_crop,borderline,false,false,false,false,false,none,prefilter_empty,true,false,398,1.945,16.051,5776,0.353,0,0,false,-1,118,0.058,0.003,187.397,20.634,0.490,0.008,208.664
picsum_857__rotate_32deg,picsum_857,rotate_32deg,rotate_small,borderline,true,false,false,false,false,none,no_match,true,true,1064,2.192,19.669,13449,0.821,1,1,false,-1,116,0.123,0.003,240.355,29.731,0.520,30.025,300.954
picsum_858__crop_border_15pct,picsum_858,crop_border_15pct,crop_border,borderline,true,false,false,false,false,none,prefilter_empty,true,true,563,1.267,24.462,7836,0.478,0,0,false,-1,118,0.043,0.002,193.864,18.975,0.493,0.000,213.449
picsum_858__hue_shift_60deg,picsum_858,hue_shift_60deg,hue_shift,borderline,false,false,false,false,false,none,no_match,true,false,1443,9.763,69.244,16384,1.000,1,1,true,0,12,0.052,0.003,179.303,24.287,0.418,53.274,257.442
picsum_858__sharpen_light,picsum_858,sharpen_light,sharpen,high,true,false,false,true,true,base,visual_match,true,true,1640,1.209,22.976,16384,1.000,2,2,true,0,2,0.057,0.003,180.881,23.847,0.507,48.539,253.947
picsum_859__downscale_0.75x,picsum_859,downscale_0.75x,downscale,borderline,true,false,false,true,true,base,visual_match,true,true,652,2.320,19.674,16384,1.000,1,1,true,0,30,0.040,0.003,160.058,23.758,0.590,49.625,234.156
picsum_859__jpeg_recompress_q90,picsum_859,jpeg_recompress_q90,jpeg_recompress,high,true,false,false,true,true,base,visual_match,true,true,1640,0.699,4.291,16384,1.000,1,1,true,0,4,0.094,0.002,194.365,21.888,0.461,45.752,262.673
picsum_85__brightness_plus10pct,picsum_85,brightness_plus10pct,brightness,borderline,true,false,false,true,true,base,visual_match,true,true,1708,1.231,20.644,16384,1.000,1,1,true,0,8,0.077,0.003,242.810,26.607,0.530,51.128,321.250
picsum_85__format_change_tiff,picsum_85,format_change_tiff,format_change,borderline,true,false,false,true,true,base,visual_match,true,true,1876,0.453,0.866,16384,1.000,1,1,true,0,2,0.400,0.003,190.099,22.924,0.549,45.968,260.385
picsum_85__rotate_180,picsum_85,rotate_180,rotate_cardinal,borderline,true,false,false,true,true,base,visual_match,true,true,1762,2.026,37.916,16275,0.993,1,1,true,0,4,0.060,0.003,184.642,31.221,0.612,62.658,279.292
picsum_860__content_overlay_30pct,picsum_860,content_overlay_30pct,content_overlay,high,false,false,false,false,false,none,no_match,true,false,1594,25.475,144.386,16384,1.000,1,1,true,0,54,0.080,0.004,193.356,25.063,0.426,49.220,268.281
picsum_860__hue_shift_180deg,picsum_860,hue_shift_180deg,hue_shift,borderline,false,false,false,false,false,none,no_match,true,false,1664,4.322,92.532,16384,1.000,1,1,true,0,8,0.090,0.002,193.419,30.930,0.500,60.099,285.134
picsum_860__saturation_boost_2.0x,picsum_860,saturation_boost_2.0x,saturation_boost,borderline,false,false,false,false,false,none,no_match,true,false,1671,2.819,44.238,16384,1.000,1,1,true,0,6,0.130,0.003,252.868,31.565,0.355,57.069,342.174
picsum_861__downscale_0.33x,picsum_861,downscale_0.33x,downscale,borderline,true,false,false,false,false,none,no_match,true,false,231,3.628,53.828,16197,0.989,1,1,true,0,22,0.014,0.003,140.069,10.309,0.522,36.991,187.941
picsum_861__jpeg_recompress_q50,picsum_861,jpeg_recompress_q50,jpeg_recompress,high,true,false,false,true,true,base,visual_match,true,true,1552,1.641,13.690,16384,1.000,1,1,true,0,10,0.032,0.003,172.420,22.432,0.473,50.446,245.869
picsum_862__brightness_minus10pct,picsum_862,brightness_minus10pct,brightness,borderline,true,false,false,true,true,base,visual_match,true,true,1630,2.192,23.911,16384,1.000,1,1,true,0,4,0.135,0.004,250.683,35.395,0.343,56.064,342.790
picsum_862__format_change_gif,picsum_862,format_change_gif,format_change,borderline,true,false,false,true,true,base,visual_match,true,true,2000,0.426,0.866,16384,1.000,1,1,true,0,2,0.795,0.003,222.441,45.809,0.559,68.076,338.467
picsum_862__p3_as_srgb_q70,picsum_862,p3_as_srgb_q70,p3_as_srgb,borderline,true,false,false,true,true,base,visual_match,true,true,1807,7.858,13.478,16384,1.000,1,1,true,0,4,0.104,0.004,262.273,39.388,0.470,69.100,371.491
picsum_863__content_overlay_15pct,picsum_863,content_overlay_15pct,content_overlay,high,false,false,false,false,false,none,no_match,true,false,1404,21.796,149.499,16384,1.000,1,1,true,0,50,0.046,0.004,193.431,25.522,0.495,49.146,268.768
picsum_863__heavy_crop_60pct,picsum_863,heavy_crop_60pct,heavy_crop,high,false,false,false,false,false,none,prefilter_empty,true,false,16,56.794,199.200,16354,0.998,0,0,false,-1,122,0.013,0.005,117.495,9.642,0.577,0.000,127.778
picsum_863__rotate_90,picsum_863,rotate_90,rotate_cardinal,borderline,true,false,false,true,true,base,visual_match,true,true,1568,1.090,25.274,16384,1.000,1,1,true,0,4,0.044,0.002,201.963,24.700,0.411,50.539,277.730
picsum_864__crop_border_5pct,picsum_864,crop_border_5pct,crop_border,borderline,true,false,false,true,true,base,visual_match,true,true,1153,1.844,29.120,13133,0.802,1,1,true,0,90,0.103,0.003,258.411,38.067,0.457,55.434,352.600
picsum_864__jpeg_recompress_q20,picsum_864,jpeg_recompress_q20,jpeg_recompress,high,true,false,false,true,true,base,visual_match,true,true,1539,3.422,16.515,16384,1.000,1,1,true,0,22,0.056,0.004,249.624,33.428,0.464,60.312,343.957
picsum_864__upscale_2.0x,picsum_864,upscale_2.0x,upscale,borderline,true,false,false,true,true,base,visual_match,true,true,850,2.430,33.091,16113,0.983,2,2,true,0,14,0.181,0.003,558.606,59.253,0.463,81.871,700.556
picsum_865__downscale_256px,picsum_865,downscale_256px,downscale,borderline,true,false,false,false,false,none,no_match,true,false,169,7.016,121.961,16114,0.984,2,2,true,0,24,0.022,0.003,167.546,11.939,0.383,71.661,251.594
picsum_865__noise_sigma10,picsum_865,noise_sigma10,noise_light,high,true,false,false,true,true,base,visual_match,true,true,1659,2.004,7.965,16384,1.000,2,2,true,0,10,0.153,0.003,238.605,31.202,0.553,56.757,327.433
picsum_866__color_invert,picsum_866,color_invert,color_invert,high,false,false,false,false,false,none,no_match,true,false,0,+Inf,+Inf,0,0.000,1,1,false,-1,130,0.038,0.005,229.216,25.875,0.554,22.272,278.029
picsum_866__heavy_crop_40pct,picsum_866,heavy_crop_40pct,heavy_crop,borderline,false,false,false,false,false,none,prefilter_empty,true,false,566,1.228,56.410,5764,0.352,0,0,false,-1,118,0.044,0.003,175.921,20.516,0.493,0.001,197.028
picsum_866__rotate_32deg,picsum_866,rotate_32deg,rotate_small,borderline,true,false,false,false,false,none,no_match,true,true,877,1.019,19.666,13482,0.823,1,1,false,-1,126,0.055,0.003,234.554,23.800,0.479,44.078,303.056
picsum_867__crop_border_15pct,picsum_867,crop_border_15pct,crop_border,borderline,true,false,false,false,false,none,prefilter_empty,true,true,1255,1.810,11.513,7832,0.478,0,0,false,-1,116,0.079,0.006,208.114,21.362,0.499,0.000,230.133
picsum_867__hue_shift_60deg,picsum_867,hue_shift_60deg,hue_shift,borderline,false,false,false,false,false,none,no_match,true,false,1256,26.866,84.304,16384,1.000,2,2,true,0,16,0.076,0.003,244.575,29.958,0.511,93.047,368.286
picsum_867__sharpen_light,picsum_867,sharpen_light,sharpen,high,true,false,false,true,true,base,visual_match,true,true,1687,1.639,17.131,16384,1.000,2,2,true,0,8,0.083,0.004,218.178,26.112,0.493,51.982,296.952
picsum_868__downscale_0.75x,picsum_868,downscale_0.75x,downscale,borderline,true,false,false,true,true,base,visual_match,true,true,704,2.037,14.303,16384,1.000,1,1,true,0,22,0.033,0.002,187.275,31.921,0.408,66.229,285.926
picsum_868__jpeg_recompress_q90,picsum_868,jpeg_recompress_q90,jpeg_recompress,high,true,false,false,true,true,base,visual_match,true,true,1887,0.597,7.812,16384,1.000,2,2,true,0,0,0.117,0.003,307.458,36.143,0.450,55.446,399.757
picsum_869__brightness_plus10pct,picsum_869,brightness_plus10pct,brightness,borderline,true,false,false,true,true,base,visual_match,true,true,1575,0.833,3.360,16384,1.000,2,2,true,0,10,0.052,0.002,186.637,22.460,0.446,43.752,253.466
picsum_869__format_change_tiff,picsum_869,format_change_tiff,format_change,borderline,true,false,false,true,true,base,visual_match,true,true,1761,0.449,0.847,16384,1.000,1,1,true,0,4,0.406,0.003,161.998,23.877,0.496,40.521,227.774
picsum_869__rotate_180,picsum_869,rotate_180,rotate_cardinal,borderline,true,false,false,true,true,base,visual_match,true,true,1615,1.034,11.891,16256,0.992,2,2,true,0,4,0.061,0.003,178.655,21.224,0.455,40.166,240.645
picsum_870__content_overlay_30pct,picsum_870,content_overlay_30pct,content_overlay,high,false,false,false,false,false,none,no_match,true,false,1209,21.224,120.935,16384,1.000,2,2,true,0,22,0.049,0.003,182.269,21.030,0.483,71.026,274.925
picsum_870__hue_shift_180deg,picsum_870,hue_shift_180deg,hue_shift,borderline,false,false,false,false,false,none,no_match,true,false,135,73.764,201.139,16374,0.999,2,2,true,0,38,0.066,0.003,273.925,27.905,0.648,60.610,363.275
picsum_870__saturation_boost_2.0x,picsum_870,saturation_boost_2.0x,saturation_boost,borderline,false,false,false,false,false,none,no_match,true,false,175,18.692,56.209,16160,0.986,1,1,true,0,42,0.059,0.002,248.244,25.568,0.594,46.819,321.355
picsum_871__downscale_0.33x,picsum_871,downscale_0.33x,downscale,borderline,true,false,false,false,false,none,no_match,true,false,224,6.575,93.384,16076,0.981,2,2,true,0,24,0.039,0.003,118.095,9.503,0.537,62.792,191.003
picsum_871__jpeg_recompress_q50,picsum_871,jpeg_recompress_q50,jpeg_recompress,high,true,false,false,true,true,base,visual_match,true,true,1567,2.133,12.295,16384,1.000,1,1,true,0,16,0.052,0.004,182.419,27.807,0.448,49.512,260.318
picsum_872__brightness_minus10pct,picsum_872,brightness_minus10pct,brightness,borderline,true,false,false,true,true,base,visual_match,true,true,1696,1.737,17.170,16384,1.000,1,1,true,0,8,0.044,0.003,193.633,22.683,0.486,51.549,268.464
picsum_872__format_change_gif,picsum_872,format_change_gif,format_change,borderline,true,false,false,true,true,base,visual_match,true,true,1862,0.444,0.866,16384,1.000,1,1,true,0,2,0.297,0.002,156.638,23.473,0.392,49.560,230.628
picsum_872__p3_as_srgb_q70,picsum_872,p3_as_srgb_q70,p3_as_srgb,borderline,true,false,false,true,true,base,visual_match,true,true,1726,4.683,12.038,16384,1.000,2,2,true,0,4,0.042,0.003,177.787,22.000,0.577,50.952,251.442
picsum_873__content_overlay_15pct,picsum_873,content_overlay_15pct,content_overlay,high,false,false,false,false,false,none,no_match,true,false,1189,21.856,154.263,16384,1.000,1,1,true,0,62,0.055,0.003,266.212,31.122,0.612,55.804,353.886
picsum_873__heavy_crop_60pct,picsum_873,heavy_crop_60pct,heavy_crop,high,false,false,false,false,false,none,prefilter_empty,true,false,42,72.395,201.045,16384,1.000,0,0,false,-1,126,0.014,0.002,170.002,11.399,0.327,0.000,181.786
picsum_873__rotate_90,picsum_873,rotate_90,rotate_cardinal,borderline,true,false,false,true,true,base,visual_match,true,true,1694,1.098,18.946,16256,0.992,3,3,true,0,0,0.058,0.005,266.417,29.427,0.553,61.091,357.638
picsum_874__crop_border_5pct,picsum_874,crop_border_5pct,crop_border,borderline,true,false,false,true,true,base,visual_match,true,true,1084,0.581,25.500,13096,0.799,4,4,true,0,86,0.047,0.002,219.349,22.923,0.565,43.571,286.536
picsum_874__jpeg_recompress_q20,picsum_874,jpeg_recompress_q20,jpeg_recompress,high,true,false,false,true,true,base,visual_match,true,true,954,1.337,15.796,16222,0.990,1,1,true,0,10,0.018,0.003,195.971,19.996,0.488,40.721,257.239
picsum_874__upscale_2.0x,picsum_874,upscale_2.0x,upscale,borderline,true,false,false,true,true,base,visual_match,true,true,719,0.584,23.320,16215,0.990,2,2,true,0,6,0.084,0.003,466.237,35.967,0.360,56.343,559.106
picsum_875__downscale_256px,picsum_875,downscale_256px,downscale,borderline,true,false,false,false,false,none,no_match,true,false,76,2.872,47.957,16142,0.985,1,1,true,0,12,0.013,0.005,113.005,7.894,0.440,24.369,145.761
picsum_875__noise_sigma10,picsum_875,noise_sigma10,noise_light,high,true,false,false,true,true,base,visual_match,true,true,568,1.899,7.451,16384,1.000,1,1,true,0,22,0.105,0.003,193.207,21.635,0.459,32.031,247.575
picsum_876__color_invert,picsum_876,color_invert,color_invert,high,false,false,false,false,false,none,prefilter_empty,true,false,0,+Inf,+Inf,0,0.000,0,0,false,-1,122,0.054,0.003,236.747,24.195,0.477,0.002,261.555
picsum_876__heavy_crop_40pct,picsum_876,heavy_crop_40pct,heavy_crop,borderline,false,false,false,false,false,none,prefilter_empty,true,false,340,0.956,10.844,5776,0.353,0,0,false,-1,126,0.038,0.003,202.882,23.905,0.637,0.001,227.527
picsum_876__rotate_32deg,picsum_876,rotate_32deg,rotate_small,borderline,true,false,false,false,false,none,prefilter_empty,true,true,812,0.709,15.337,13469,0.822,0,0,false,-1,122,0.063,0.022,251.424,28.751,0.547,0.000,280.888
picsum_877__crop_border_15pct,picsum_877,crop_border_15pct,crop_border,borderline,true,false,false,false,false,none,prefilter_empty,true,true,575,1.338,20.500,7811,0.477,0,0,false,-1,118,0.074,0.005,221.184,20.335,0.384,0.002,242.093
picsum_877__hue_shift_60deg,picsum_877,hue_shift_60deg,hue_shift,borderline,false,false,false,false,false,none,no_match,true,false,1683,9.130,37.826,16384,1.000,1,1,true,0,6,0.097,0.003,247.532,32.415,0.489,58.458,339.120
picsum_877__sharpen_light,picsum_877,sharpen_light,sharpen,high,true,false,false,true,true,base,visual_match,true,true,1730,1.321,15.310,16384,1.000,2,2,true,0,10,0.122,0.008,270.737,36.561,0.510,68.919,376.996
picsum_878__downscale_0.75x,picsum_878,downscale_0.75x,downscale,borderline,true,false,false,true,true,base,visual_match,true,true,694,2.052,19.500,16384,1.000,1,1,true,0,40,0.077,0.004,243.469,32.962,0.625,58.453,335.718
picsum_878__jpeg_recompress_q90,picsum_878,jpeg_recompress_q90,jpeg_recompress,high,true,false,false,true,true,base,visual_match,true,true,1900,0.354,2.250,16384,1.000,1,1,true,0,4,0.189,0.003,237.710,36.296,0.493,56.288,331.176
picsum_879__brightness_plus10pct,picsum_879,brightness_plus10pct,brightness,borderline,true,false,false,true,true,base,visual_match,true,true,1854,1.016,4.842,16384,1.000,2,2,true,0,4,0.093,0.003,257.603,35.241,0.562,65.897,359.530
picsum_879__format_change_tiff,picsum_879,format_change_tiff,format_change,borderline,true,false,false,true,true,base,visual_match,true,true,2000,0.463,0.866,16384,1.000,2,2,true,0,0,0.792,0.003,219.697,34.324,0.478,57.289,313.239
picsum_879__rotate_180,picsum_879,rotate_180,rotate_cardinal,borderline,true,false,false,true,true,base,visual_match,true,true,1850,2.842,32.798,16265,0.993,2,2,true,0,2,0.123,0.003,247.901,32.990,0.395,62.768,344.275
picsum_87__content_overlay_30pct,picsum_87,content_overlay_30pct,content_overlay,high,false,false,false,false,false,none,no_match,true,false,958,24.911,184.103,16384,1.000,1,1,true,0,58,0.083,0.001,195.212,20.629,0.424,40.530,256.952
picsum_87__hue_shift_180deg,picsum_87,hue_shift_180deg,hue_shift,borderline,false,false,false,true,true,base,visual_match,true,true,1445,7.944,34.058,16384,1.000,2,2,true,0,6,0.078,0.002,174.385,22.258,0.417,48.605,245.861
picsum_87__saturation_boost_2.0x,picsum_87,saturation_boost_2.0x,saturation_boost,borderline,false,false,false,true,true,base,visual_match,true,true,1335,4.537,18.472,16384,1.000,1,1,true,0,6,0.097,0.002,180.569,22.340,0.419,68.262,271.819
picsum_880__downscale_0.33x,picsum_880,downscale_0.33x,downscale,borderline,true,false,false,false,false,none,no_match,true,false,124,3.252,44.305,16014,0.977,2,2,true,0,28,0.019,0.003,157.746,11.304,0.645,48.616,218.367
picsum_880__jpeg_recompress_q50,picsum_880,jpeg_recompress_q50,jpeg_recompress,high,true,false,false,true,true,base,visual_match,true,true,1466,1.697,17.718,16384,1.000,1,1,true,0,10,0.045,0.003,254.155,27.497,0.461,52.218,334.463
picsum_881__brightness_minus10pct,picsum_881,brightness_minus10pct,brightness,borderline,true,false,false,false,false,none,no_match,true,false,103,5.795,38.887,15737,0.961,1,1,true,0,20,0.031,0.003,238.131,21.756,0.529,34.340,294.835
picsum_881__format_change_gif,picsum_881,format_change_gif,format_change,borderline,true,false,false,true,true,base,visual_match,true,true,186,0.414,0.866,16384,1.000,1,1,true,0,4,0.311,0.004,210.928,25.190,0.590,34.536,271.839
picsum_881__p3_as_srgb_q70,picsum_881,p3_as_srgb_q70,p3_as_srgb,borderline,true,false,false,true,true,base,visual_match,true,true,170,3.734,20.566,16164,0.987,1,1,true,0,8,0.027,0.003,246.098,21.006,0.529,34.002,301.760
picsum_882__content_overlay_15pct,picsum_882,content_overlay_15pct,content_overlay,high,false,false,false,false,false,none,no_match,true,false,1660,18.565,123.233,16384,1.000,1,1,true,0,14,0.069,0.003,237.298,23.883,0.349,50.418,312.114
picsum_882__heavy_crop_60pct,picsum_882,heavy_crop_60pct,heavy_crop,high,false,false,false,false,false,none,no_match,true,false,229,1.382,17.412,2500,0.153,1,1,false,-1,120,0.024,0.003,135.743,10.359,0.487,6.938,153.593
picsum_882__rotate_90,picsum_882,rotate_90,rotate_cardinal,borderline,true,false,false,false,false,none,no_match,true,false,1681,1.681,49.681,16174,0.987,1,1,true,0,2,0.058,0.003,172.624,21.334,0.456,40.408,234.991
picsum_883__crop_border_5pct,picsum_883,crop_border_5pct,crop_border,borderline,true,false,false,true,true,base,visual_match,true,true,1333,1.420,33.977,12996,0.793,1,1,true,0,70,0.067,0.003,194.069,19.101,0.427,41.687,255.441
picsum_883__jpeg_recompress_q20,picsum_883,jpeg_recompress_q20,jpeg_recompress,high,true,false,false,true,true,base,visual_match,true,true,1514,3.344,13.518,16384,1.000,2,2,true,0,6,0.041,0.004,247.380,33.968,0.592,68.399,350.458
picsum_883__upscale_2.0x,picsum_883,upscale_2.0x,upscale,borderline,true,false,false,true,true,base,visual_match,true,true,908,1.303,14.732,16359,0.998,3,3,true,0,6,0.119,0.003,495.512,44.311,0.635,64.876,605.603
picsum_884__downscale_256px,picsum_884,downscale_256px,downscale,borderline,true,false,false,false,false,none,no_match,true,false,166,3.920,45.100,16140,0.985,1,1,true,0,20,0.013,0.003,158.337,13.619,0.672,37.366,210.042
picsum_884__noise_sigma10,picsum_884,noise_sigma10,noise_light,high,true,false,false,true,true,base,visual_match,true,true,1463,2.137,17.148,16384,1.000,1,1,true,0,20,0.157,0.003,243.906,27.120,0.528,47.577,319.450
picsum_885__color_invert,picsum_885,color_invert,color_invert,high,false,false,false,false,false,none,prefilter_empty,true,false,4,68.016,236.114,15006,0.916,0,0,false,-1,128,0.092,0.003,220.502,25.969,0.441,0.000,247.150
picsum_885__heavy_crop_40pct,picsum_885,heavy_crop_40pct,heavy_crop,borderline,false,false,false,false,false,none,prefilter_empty,true,false,194,0.856,8.311,5776,0.353,0,0,false,-1,118,0.039,0.003,130.284,19.597,0.364,0.001,150.373
picsum_885__rotate_32deg,picsum_885,rotate_32deg,rotate_small,borderline,true,false,false,false,false,none,prefilter_empty,true,true,630,1.413,24.850,13473,0.822,0,0,false,-1,116,0.122,0.004,237.471,27.346,0.441,0.000,265.493
picsum_886__crop_border_15pct,picsum_886,crop_border_15pct,crop_border,borderline,true,false,false,false,false,none,no_match,true,true,42,1.008,14.426,7313,0.446,2,2,false,-1,130,0.025,0.003,195.869,15.855,0.490,9.547,221.870
picsum_886__hue_shift_60deg,picsum_886,hue_shift_60deg,hue_shift,borderline,false,false,false,false,false,none,no_match,true,false,236,15.971,52.764,16191,0.988,2,2,true,0,20,0.037,0.002,251.184,22.905,0.579,45.877,320.633
picsum_886__sharpen_light,picsum_886,sharpen_light,sharpen,high,true,false,false,true,true,base,visual_match,true,true,301,0.544,12.728,16203,0.989,1,1,true,0,16,0.038,0.003,172.222,16.465,0.329,23.647,212.833
picsum_887__downscale_0.75x,picsum_887,downscale_0.75x,downscale,borderline,true,false,false,true,true,base,visual_match,true,true,268,2.477,30.264,16364,0.999,1,1,true,0,30,0.037,0.004,158.112,19.793,0.391,54.329,232.739
picsum_887__jpeg_recompress_q90,picsum_887,jpeg_recompress_q90,jpeg_recompress,high,true,false,false,true,true,base,visual_match,true,true,1906,0.518,2.737,16384,1.000,2,2,true,0,2,0.131,0.004,172.417,23.871,0.348,45.232,242.154
picsum_888__brightness_plus10pct,picsum_888,brightness_plus10pct,brightness,borderline,true,false,false,true,true,base,visual_match,true,true,945,1.676,25.605,16384,1.000,3,3,true,0,10,0.023,0.003,176.985,17.180,0.338,28.922,223.491
picsum_888__format_change_tiff,picsum_888,format_change_tiff,format_change,borderline,true,false,false,true,true,base,visual_match,true,true,1202,0.361,0.866,16384,1.000,3,3,true,0,2,0.168,0.002,155.146,19.280,0.554,33.231,208.538
picsum_888__rotate_180,picsum_888,rotate_180,rotate_cardinal,borderline,true,false,false,true,true,base,visual_match,true,true,1105,0.865,28.854,16329,0.997,3,3,true,0,2,0.029,0.003,267.556,28.841,0.586,53.818,350.902
picsum_889__content_overlay_30pct,picsum_889,content_overlay_30pct,content_overlay,high,false,false,false,false,false,none,no_match,true,false,1727,25.688,146.551,16384,1.000,3,3,true,0,48,0.069,0.003,262.552,28.534,0.572,140.033,431.864
picsum_889__hue_shift_180deg,picsum_889,hue_shift_180deg,hue_shift,borderline,false,false,false,false,false,none,no_match,true,false,1174,45.789,142.514,16384,1.000,2,2,true,0,16,0.053,0.004,220.903,24.631,0.525,95.088,341.267
picsum_889__saturation_boost_2.0x,picsum_889,saturation_boost_2.0x,saturation_boost,borderline,false,false,false,false,false,none,no_match,true,false,952,25.733,62.740,16384,1.000,1,1,true,0,22,0.053,0.003,230.161,25.452,0.503,51.136,307.384
picsum_88__downscale_0.33x,picsum_88,downscale_0.33x,downscale,borderline,true,false,false,false,false,none,no_match,true,false,203,4.968,72.452,16110,0.983,2,2,true,0,32,0.017,0.003,155.649,14.484,0.517,90.887,261.621
picsum_88__jpeg_recompress_q50,picsum_88,jpeg_recompress_q50,jpeg_recompress,high,true,false,false,true,true,base,visual_match,true,true,1671,0.847,6.098,16384,1.000,2,2,true,0,8,0.061,0.004,265.931,28.129,0.371,57.501,352.134
picsum_890__brightness_minus10pct,picsum_890,brightness_minus10pct,brightness,borderline,true,false,false,true,true,base,visual_match,true,true,1831,0.757,2.829,16384,1.000,1,1,true,0,2,0.070,0.002,172.443,22.110,0.415,42.640,237.773
picsum_890__format_change_gif,picsum_890,format_change_gif,format_change,borderline,true,false,false,true,true,base,visual_match,true,true,2000,0.430,0.866,16384,1.000,1,1,true,0,0,0.623,0.002,207.342,35.531,0.386,65.418,309.751
picsum_890__p3_as_srgb_q70,picsum_890,p3_as_srgb_q70,p3_as_srgb,borderline,true,false,false,true,true,base,visual_match,true,true,1794,7.076,12.117,16384,1.000,1,1,true,0,2,0.106,0.003,247.411,42.692,0.554,73.550,364.397
picsum_891__content_overlay_15pct,picsum_891,content_overlay_15pct,content_overlay,high,false,false,false,false,false,none,no_match,true,false,865,27.581,188.479,16384,1.000,2,2,true,0,64,0.054,0.003,239.413,29.058,0.659,91.344,360.605
picsum_891__heavy_crop_60pct,picsum_891,heavy_crop_60pct,heavy_crop,high,false,false,false,false,false,none,no_match,true,false,242,0.515,4.681,2500,0.153,1,1,false,-1,120,0.020,0.003,159.509,12.649,0.461,10.121,182.841
picsum_891__rotate_90,picsum_891,rotate_90,rotate_cardinal,borderline,true,false,false,true,true,base,visual_match,true,true,1148,0.618,14.439,16384,1.000,4,4,true,0,2,0.080,0.003,241.917,26.781,0.624,46.650,316.141
picsum_892__crop_border_5pct,picsum_892,crop_border_5pct,crop_border,borderline,true,false,false,true,true,base,visual_match,true,true,1198,1.587,31.752,13137,0.802,1,1,true,0,86,0.066,0.002,226.519,26.285,0.471,72.492,325.905
picsum_892__jpeg_recompress_q20,picsum_892,jpeg_recompress_q20,jpeg_recompress,high,true,false,false,true,true,base,visual_match,true,true,1334,3.067,15.223,16356,0.998,1,1,true,0,10,0.024,0.002,237.186,25.657,0.432,58.626,321.969
picsum_892__upscale_2.0x,picsum_892,upscale_2.0x,upscale,borderline,true,false,false,false,false,none,no_match,true,false,841,2.103,48.629,16166,0.987,1,1,true,0,10,0.110,0.002,446.302,34.968,0.400,54.889,536.769
picsum_893__downscale_256px,picsum_893,downscale_256px,downscale,borderline,true,false,false,false,false,none,no_match,true,false,86,8.019,115.233,15764,0.962,2,2,true,0,60,0.021,0.003,154.127,12.646,0.556,82.091,249.495
picsum_893__noise_sigma10,picsum_893,noise_sigma10,noise_light,high,true,false,false,true,true,base,visual_match,true,true,1703,1.896,6.618,16384,1.000,1,1,true,0,14,0.180,0.003,242.381,30.517,0.539,58.862,332.714
picsum_894__color_invert,picsum_894,color_invert,color_invert,high,false,false,false,false,false,none,prefilter_empty,true,false,0,+Inf,+Inf,0,0.000,0,0,false,-1,122,0.069,0.003,251.132,27.517,0.331,0.000,279.151
picsum_894__heavy_crop_40pct,picsum_894,heavy_crop_40pct,heavy_crop,borderline,false,false,false,false,false,none,prefilter_empty,true,false,13,17.327,127.997,6116,0.373,0,0,false,-1,114,0.027,0.002,198.755,16.229,0.444,0.000,215.500
picsum_894__rotate_32deg,picsum_894,rotate_32deg,rotate_small,borderline,true,false,false,false,false,none,no_match,true,false,748,1.707,41.240,13410,0.818,1,1,false,-1,108,0.115,0.007,298.299,31.124,0.472,22.166,352.304
picsum_896__crop_border_15pct,picsum_896,crop_border_15pct,crop_border,borderline,true,false,false,false,false,none,prefilter_empty,true,true,241,1.420,19.634,7952,0.485,0,0,false,-1,94,0.047,0.004,157.399,12.760,0.474,0.000,170.742
picsum_896__hue_shift_60deg,picsum_896,hue_shift_60deg,hue_shift,borderline,false,false,false,false,false,none,no_match,true,false,72,58.280,129.624,16211,0.989,1,1,true,0,60,0.037,0.006,232.494,28.953,0.766,37.752,300.094
picsum_896__sharpen_light,picsum_896,sharpen_light,sharpen,high,true,false,false,true,true,base,visual_match,true,true,363,0.935,17.820,16365,0.999,4,4,true,0,8,0.061,0.003,247.085,26.591,0.578,35.580,309.980
picsum_898__downscale_0.75x,picsum_898,downscale_0.75x,downscale,borderline,true,false,false,true,true,base,visual_match,true,true,602,1.352,15.362,16384,1.000,1,1,true,0,8,0.026,0.003,201.139,21.156,0.592,46.222,269.194
picsum_898__jpeg_recompress_q90,picsum_898,jpeg_recompress_q90,jpeg_recompress,high,true,false,false,true,true,base,visual_match,true,true,1685,0.432,3.809,16384,1.000,2,2,true,0,2,0.042,0.002,184.247,21.709,0.431,53.689,260.184
picsum_89__brightness_plus10pct,picsum_89,brightness_plus10pct,brightness,borderline,true,false,false,true,true,base,visual_match,true,true,1495,1.027,21.636,16384,1.000,1,1,true,0,4,0.073,0.006,250.280,32.403,0.513,59.035,342.478
picsum_89__format_change_tiff,picsum_89,format_change_tiff,format_change,borderline,true,false,false,true,true,base,visual_match,true,true,1694,0.452,0.866,16384,1.000,1,1,true,0,0,0.724,0.004,240.431,34.345,0.620,55.880,332.662
picsum_89__rotate_180,picsum_89,rotate_180,rotate_cardinal,borderline,true,false,false,false,false,none,no_match,true,false,1516,3.465,59.374,16280,0.994,1,1,true,0,0,0.081,0.004,244.563,28.166,0.616,54.698,328.231
picsum_8__content_overlay_30pct,picsum_8,content_overlay_30pct,content_overlay,high,false,false,false,false,false,none,no_match,true,false,1627,27.643,189.708,16384,1.000,1,1,true,0,36,0.070,0.003,236.636,31.841,0.503,66.150,335.281
picsum_8__hue_shift_180deg,picsum_8,hue_shift_180deg,hue_shift,borderline,false,false,false,false,false,none,no_match,true,false,1426,36.680,93.253,16384,1.000,2,2,true,0,12,0.070,0.003,212.858,23.214,0.418,89.489,326.152
picsum_8__saturation_boost_2.0x,picsum_8,saturation_boost_2.0x,saturation_boost,borderline,false,false,false,false,false,none,no_match,true,false,1411,16.984,43.170,16384,1.000,3,3,true,0,16,0.056,0.003,176.995,20.364,0.414,147.302,345.245
picsum_900__downscale_0.33x,picsum_900,downscale_0.33x,downscale,borderline,true,false,false,false,false,none,no_match,true,false,194,10.198,65.993,16073,0.981,2,2,true,0,14,0.016,0.003,111.423,10.030,0.455,44.144,166.104
picsum_900__jpeg_recompress_q50,picsum_900,jpeg_recompress_q50,jpeg_recompress,high,true,false,false,true,true,base,visual_match,true,true,1702,2.801,18.877,16384,1.000,1,1,true,0,8,0.052,0.003,178.465,31.280,0.572,47.587,258.033
picsum_901__brightness_minus10pct,picsum_901,brightness_minus10pct,brightness,borderline,true,false,false,true,true,base,visual_match,true,true,140,5.928,22.917,16384,1.000,1,1,true,0,14,0.041,0.003,196.943,23.716,0.575,29.437,250.805
picsum_901__format_change_gif,picsum_901,format_change_gif,format_change,borderline,true,false,false,true,true,base,visual_match,true,true,803,0.429,0.866,16384,1.000,1,1,true,0,2,0.288,0.003,158.307,20.833,0.536,31.793,212.090
picsum_901__p3_as_srgb_q70,picsum_901,p3_as_srgb_q70,p3_as_srgb,borderline,true,false,false,true,true,base,visual_match,true,true,647,2.103,8.196,16384,1.000,1,1,true,0,6,0.029,0.002,195.102,17.700,0.435,27.223,240.546
picsum_902__content_overlay_15pct,picsum_902,content_overlay_15pct,content_overlay,high,false,false,false,false,false,none,no_match,true,false,1235,19.964,146.795,16384,1.000,2,2,true,0,52,0.038,0.002,198.896,19.677,0.427,61.793,280.892
picsum_902__heavy_crop_60pct,picsum_902,heavy_crop_60pct,heavy_crop,high,false,false,false,false,false,none,prefilter_empty,true,false,468,0.938,5.994,2500,0.153,0,0,false,-1,112,0.012,0.002,119.339,9.936,0.447,0.000,129.762
picsum_902__rotate_90,picsum_902,rotate_90,rotate_cardinal,borderline,true,false,false,true,true,base,visual_match,true,true,1870,2.043,23.764,16383,1.000,1,1,true,0,2,0.044,0.002,172.635,23.172,0.455,58.686,255.058
picsum_903__crop_border_5pct,picsum_903,crop_border_5pct,crop_border,borderline,true,false,false,true,true,base,visual_match,true,true,1203,0.960,12.080,12996,0.793,3,3,true,0,82,0.067,0.003,162.620,21.337,0.479,37.829,222.462
picsum_903__jpeg_recompress_q20,picsum_903,jpeg_recompress_q20,jpeg_recompress,high,true,false,false,true,true,base,visual_match,true,true,1164,2.495,18.488,16384,1.000,4,4,true,0,22,0.032,0.004,172.814,21.683,0.491,48.997,244.081
picsum_903__upscale_2.0x,picsum_903,upscale_2.0x,upscale,borderline,true,false,false,true,true,base,visual_match,true,true,880,1.078,12.949,16384,1.000,5,5,true,0,16,0.107,0.003,381.126,41.411,0.473,53.573,476.821
picsum_904__downscale_256px,picsum_904,downscale_256px,downscale,borderline,true,false,false,false,false,none,no_match,true,false,149,6.275,184.617,15978,0.975,2,2,true,0,24,0.017,0.003,155.962,11.573,0.465,64.472,232.521
picsum_904__noise_sigma10,picsum_904,noise_sigma10,noise_light,high,true,false,false,true,true,base,visual_match,true,true,1551,2.091,11.379,16384,1.000,4,4,true,0,28,0.149,0.003,262.021,28.649,0.512,57.019,348.512
picsum_905__color_invert,picsum_905,color_invert,color_invert,high,false,false,false,false,false,none,prefilter_empty,true,false,5,53.843,338.777,15740,0.961,0,0,false,-1,124,0.102,0.003,245.064,30.826,0.367,0.000,276.485
picsum_905__heavy_crop_40pct,picsum_905,heavy_crop_40pct,heavy_crop,borderline,false,false,false,false,false,none,prefilter_empty,true,false,363,1.398,26.482,5776,0.353,0,0,false,-1,120,0.047,0.002,210.815,28.482,0.487,0.001,239.898
picsum_905__rotate_32deg,picsum_905,rotate_32deg,rotate_small,borderline,true,false,false,false,false,none,prefilter_empty,true,true,1012,1.483,19.522,13478,0.823,0,0,false,-1,126,0.164,0.006,276.826,41.400,0.583,0.001,319.130
picsum_906__crop_border_15pct,picsum_906,crop_border_15pct,crop_border,borderline,true,false,false,false,false,none,prefilter_empty,true,true,1220,1.025,9.136,7832,0.478,0,0,false,-1,114,0.040,0.006,206.437,23.599,0.500,0.000,230.652
picsum_906__hue_shift_60deg,picsum_906,hue_shift_60deg,hue_shift,borderline,false,false,false,false,false,none,no_match,true,false,1543,19.396,33.429,16384,1.000,2,2,true,0,12,0.048,0.003,248.827,28.674,0.509,98.855,376.994
picsum_906__sharpen_light,picsum_906,sharpen_light,sharpen,high,true,false,false,true,true,base,visual_match,true,true,1586,0.751,14.591,16384,1.000,1,1,true,0,8,0.045,0.003,217.637,20.240,0.432,41.957,280.384
picsum_907__downscale_0.75x,picsum_907,downscale_0.75x,downscale,borderline,true,false,false,true,true,base,visual_match,true,true,690,3.051,20.327,16340,0.997,1,1,true,0,36,0.055,0.003,149.470,17.030,0.322,36.236,203.176
picsum_907__jpeg_recompress_q90,picsum_907,jpeg_recompress_q90,jpeg_recompress,high,true,false,false,true,true,base,visual_match,true,true,1855,0.843,4.081,16384,1.000,2,2,true,0,4,0.084,0.002,199.872,23.879,0.429,43.599,267.945
picsum_908__brightness_plus10pct,picsum_908,brightness_plus10pct,brightness,borderline,true,false,false,false,false,none,no_match,true,false,1553,8.509,23.657,16384,1.000,1,1,true,0,16,0.116,0.002,182.624,27.416,0.316,40.878,251.474
picsum_908__format_change_tiff,picsum_908,format_change_tiff,format_change,borderline,true,false,false,true,true,base,visual_match,true,true,2000,0.448,0.866,16384,1.000,1,1,true,0,0,0.639,0.003,169.934,30.563,0.482,51.586,253.908
picsum_908__rotate_180,picsum_908,rotate_180,rotate_cardinal,borderline,true,false,false,true,true,base,visual_match,true,true,1668,3.875,35.634,16331,0.997,1,1,true,0,6,0.123,0.004,185.767,29.861,0.423,43.953,260.317
picsum_909__content_overlay_30pct,picsum_909,content_overlay_30pct,content_overlay,high,false,false,false,false,false,none,no_match,true,false,787,22.202,162.476,16384,1.000,2,2,true,0,74,0.039,0.003,188.863,22.350,0.480,100.707,312.505
picsum_909__hue_shift_180deg,picsum_909,hue_shift_180deg,hue_shift,borderline,false,false,false,false,false,none,no_match,true,false,1020,62.695,109.681,16363,0.999,2,2,true,0,14,0.072,0.003,250.527,24.823,0.447,75.345,351.312
picsum_909__saturation_boost_2.0x,picsum_909,saturation_boost_2.0x,saturation_boost,borderline,false,false,false,false,false,none,no_match,true,false,352,19.798,50.652,16376,1.000,1,1,true,0,30,0.058,0.002,246.726,25.387,0.674,53.689,326.610
picsum_90__downscale_0.33x,picsum_90,downscale_0.33x,downscale,borderline,true,false,false,false,false,none,no_match,true,false,219,6.696,48.626,16201,0.989,2,2,true,0,22,0.019,0.005,157.540,11.524,0.367,46.875,216.380
picsum_90__jpeg_recompress_q50,picsum_90,jpeg_recompress_q50,jpeg_recompress,high,true,false,false,true,true,base,visual_match,true,true,1615,2.264,15.385,16384,1.000,1,1,true,0,10,0.064,0.004,242.557,30.713,0.464,72.444,346.329
picsum_910__brightness_minus10pct,picsum_910,brightness_minus10pct,brightness,borderline,true,false,false,true,true,base,visual_match,true,true,1759,1.528,23.293,16384,1.000,1,1,true,0,6,0.079,0.003,225.657,27.385,0.453,54.550,308.284
picsum_910__format_change_gif,picsum_910,format_change_gif,format_change,borderline,true,false,false,true,true,base,visual_match,true,true,2000,0.445,0.866,16384,1.000,1,1,true,0,4,0.574,0.004,192.257,40.981,0.536,63.931,298.806
picsum_910__p3_as_srgb_q70,picsum_910,p3_as_srgb_q70,p3_as_srgb,borderline,true,false,false,true,true,base,visual_match,true,true,1824,6.762,12.010,16384,1.000,1,1,true,0,6,0.069,0.004,248.369,33.805,0.504,62.385,345.236
picsum_911__content_overlay_15pct,picsum_911,content_overlay_15pct,content_overlay,high,false,false,false,false,false,none,no_match,true,false,291,24.587,171.421,16384,1.000,2,2,true,0,86,0.059,0.004,253.656,32.924,0.649,66.021,353.373
picsum_911__heavy_crop_60pct,picsum_911,heavy_crop_60pct,heavy_crop,high,false,false,false,false,false,none,prefilter_empty,true,false,20,0.588,2.792,2500,0.153,0,0,false,-1,118,0.014,0.003,180.639,12.271,0.646,0.001,193.621
picsum_911__rotate_90,picsum_911,rotate_90,rotate_cardinal,borderline,true,false,false,true,true,base,visual_match,true,true,397,0.598,11.027,16384,1.000,1,1,true,0,8,0.043,0.003,252.735,25.255,0.478,36.723,315.336
picsum_912__crop_border_5pct,picsum_912,crop_border_5pct,crop_border,borderline,true,false,false,false,false,none,prefilter_empty,true,false,932,3.315,83.713,13132,0.802,0,0,false,-1,94,0.090,0.002,235.845,29.398,0.539,0.000,265.997
picsum_912__jpeg_recompress_q20,picsum_912,jpeg_recompress_q20,jpeg_recompress,high,true,false,false,true,true,base,visual_match,true,true,1489,3.722,17.564,16384,1.000,2,2,true,0,10,0.036,0.002,225.513,25.981,0.455,46.172,298.219
picsum_912__upscale_2.0x,picsum_912,upscale_2.0x,upscale,borderline,true,false,false,false,false,none,no_match,true,false,639,3.618,69.620,16249,0.992,1,1,true,0,12,0.126,0.002,416.219,56.830,0.505,77.546,551.426
picsum_913__downscale_256px,picsum_913,downscale_256px,downscale,borderline,true,false,false,false,false,none,no_match,true,false,36,4.695,87.141,16077,0.981,2,2,true,0,30,0.015,0.002,167.578,9.955,0.495,25.927,204.001
picsum_913__noise_sigma10,picsum_913,noise_sigma10,noise_light,high,true,false,false,true,true,base,visual_match,true,true,514,2.279,8.862,16384,1.000,2,2,true,0,38,0.132,0.003,228.206,24.288,0.523,36.129,289.434
picsum_914__color_invert,picsum_914,color_invert,color_invert,high,false,false,false,false,false,none,prefilter_empty,true,false,8,89.007,202.124,15687,0.957,0,0,false,-1,104,0.040,0.003,277.338,24.102,0.509,0.000,302.069
picsum_914__heavy_crop_40pct,picsum_914,heavy_crop_40pct,heavy_crop,borderline,false,false,false,false,false,none,no_match,true,false,704,0.936,5.313,5776,0.353,1,1,false,-1,120,0.028,0.006,189.135,15.448,0.463,40.063,245.195
picsum_914__rotate_32deg,picsum_914,rotate_32deg,rotate_small,borderline,true,false,false,false,false,none,prefilter_empty,true,true,679,1.011,15.821,13486,0.823,0,0,false,-1,122,0.055,0.002,255.257,27.990,0.549,0.001,283.960
picsum_915__crop_border_15pct,picsum_915,crop_border_15pct,crop_border,borderline,true,false,false,false,false,none,prefilter_empty,true,true,778,1.428,6.043,7832,0.478,0,0,false,-1,118,0.090,0.002,193.496,27.504,0.537,0.000,221.734
picsum_915__hue_shift_60deg,picsum_915,hue_shift_60deg,hue_shift,borderline,false,false,false,false,false,none,no_match,true,false,1307,11.897,76.891,16384,1.000,1,1,true,0,8,0.178,0.004,291.971,38.843,0.435,57.170,388.840
picsum_915__sharpen_light,picsum_915,sharpen_light,sharpen,high,true,false,false,true,true,base,visual_match,true,true,1555,2.041,13.621,16384,1.000,1,1,true,0,12,0.186,0.002,228.320,40.416,0.352,64.384,333.797
picsum_916__downscale_0.75x,picsum_916,downscale_0.75x,downscale,borderline,true,false,false,true,true,base,visual_match,true,true,774,2.470,19.193,16345,0.998,1,1,true,0,18,0.042,0.002,204.460,24.030,0.435,49.406,278.435
picsum_916__jpeg_recompress_q90,picsum_916,jpeg_recompress_q90,jpeg_recompress,high,true,false,false,true,true,base,visual_match,true,true,1883,0.659,3.955,16384,1.000,1,1,true,0,2,0.113,0.004,251.694,28.579,0.346,48.310,329.198
picsum_918__brightness_plus10pct,picsum_918,brightness_plus10pct,brightness,borderline,true,false,false,true,true,base,visual_match,true,true,1349,1.135,25.759,16384,1.000,1,1,true,0,8,0.060,0.002,246.006,25.433,0.479,49.901,321.983
picsum_918__format_change_tiff,picsum_918,format_change_tiff,format_change,borderline,true,false,false,true,true,base,visual_match,true,true,1599,0.444,0.866,16384,1.000,1,1,true,0,2,0.436,0.003,194.698,28.335,0.445,51.259,275.550
picsum_918__rotate_180,picsum_918,rotate_180,rotate_cardinal,borderline,true,false,false,true,true,base,visual_match,true,true,1479,1.272,29.840,16352,0.998,1,1,true,0,2,0.062,0.003,219.711,25.649,0.466,49.163,295.162
picsum_919__content_overlay_30pct,picsum_919,content_overlay_30pct,content_overlay,high,false,false,false,false,false,none,no_match,true,false,1009,25.364,158.293,16384,1.000,1,1,true,0,50,0.149,0.003,222.436,36.092,0.482,50.390,309.749
picsum_919__hue_shift_180deg,picsum_919,hue_shift_180deg,hue_shift,borderline,false,false,false,false,false,none,no_match,true,false,1163,41.258,187.431,16384,1.000,1,1,true,0,26,0.178,0.002,221.857,39.814,0.503,54.616,317.117
picsum_919__saturation_boost_2.0x,picsum_919,saturation_boost_2.0x,saturation_boost,borderline,false,false,false,false,false,none,no_match,true,false,1417,10.341,31.112,16384,1.000,1,1,true,0,10,0.180,0.001,202.700,35.483,0.458,47.133,286.079
picsum_91__downscale_0.33x,picsum_91,downscale_0.33x,downscale,borderline,true,false,false,false,false,none,no_match,true,false,223,3.482,79.088,16249,0.992,1,1,true,0,8,0.014,0.002,118.506,10.115,0.326,27.588,156.583
picsum_91__jpeg_recompress_q50,picsum_91,jpeg_recompress_q50,jpeg_recompress,high,true,false,false,true,true,base,visual_match,true,true,1627,1.030,7.599,16384,1.000,1,1,true,0,4,0.030,0.002,169.212,21.282,0.462,49.235,240.283
picsum_921__brightness_minus10pct,picsum_921,brightness_minus10pct,brightness,borderline,true,false,false,true,true,base,visual_match,true,true,1683,1.623,11.682,16384,1.000,2,2,true,0,4,0.063,0.003,195.030,32.638,0.498,61.685,290.022
picsum_921__format_change_gif,picsum_921,format_change_gif,format_change,borderline,true,false,false,true,true,base,visual_match,true,true,1971,0.422,0.866,16384,1.000,2,2,true,0,0,0.614,0.003,225.722,42.542,0.536,61.670,331.636
picsum_921__p3_as_srgb_q70,picsum_921,p3_as_srgb_q70,p3_as_srgb,borderline,true,false,false,true,true,base,visual_match,true,true,1763,7.290,12.925,16384,1.000,2,2,true,0,4,0.064,0.003,263.826,31.499,0.542,63.842,359.877
picsum_922__content_overlay_15pct,picsum_922,content_overlay_15pct,content_overlay,high,false,false,false,false,false,none,no_match,true,false,90,19.348,132.079,16381,1.000,1,1,true,0,82,0.039,0.003,237.750,23.027,0.502,41.025,302.432
picsum_922__heavy_crop_60pct,picsum_922,heavy_crop_60pct,heavy_crop,high,false,false,false,false,false,none,orb_extract_failed,false,false,0,0.000,0.000,0,0.000,0,0,false,-1,116,0.012,0.003,162.034,2.085,0.000,0.000,164.219
picsum_922__rotate_90,picsum_922,rotate_90,rotate_cardinal,borderline,true,false,false,true,true,base,visual_match,true,true,82,0.526,18.583,16181,0.988,1,1,true,0,4,0.033,0.004,251.172,23.796,0.552,36.063,311.708
picsum_923__crop_border_5pct,picsum_923,crop_border_5pct,crop_border,borderline,true,false,false,true,true,base,visual_match,true,true,981,1.303,7.633,12996,0.793,2,2,true,1,96,0.092,0.003,174.953,23.637,0.401,78.443,277.632
picsum_923__jpeg_recompress_q20,picsum_923,jpeg_recompress_q20,jpeg_recompress,high,true,false,false,true,true,base,visual_match,true,true,1371,3.742,22.190,16384,1.000,1,1,true,0,32,0.033,0.002,186.836,25.722,0.297,38.948,251.905
picsum_923__upscale_2.0x,picsum_923,upscale_2.0x,upscale,borderline,true,false,false,true,true,base,visual_match,true,true,711,2.089,18.895,16327,0.997,1,1,true,0,18,0.151,0.002,504.659,66.609,0.580,69.988,642.131
picsum_924__downscale_256px,picsum_924,downscale_256px,downscale,borderline,true,false,false,false,false,none,no_match,true,false,182,7.416,41.202,16256,0.992,1,1,true,0,48,0.057,0.003,159.903,13.747,0.481,41.900,216.141
picsum_924__noise_sigma10,picsum_924,noise_sigma10,noise_light,high,true,false,false,true,true,base,visual_match,true,true,1579,2.092,7.914,16384,1.000,1,1,true,0,14,0.206,0.003,273.085,36.750,0.558,74.598,385.389
picsum_925__color_invert,picsum_925,color_invert,color_invert,high,false,false,false,false,false,none,prefilter_empty,true,false,0,+Inf,+Inf,0,0.000,0,0,false,-1,120,0.057,0.003,181.743,22.184,0.410,0.001,204.484
picsum_925__heavy_crop_40pct,picsum_925,heavy_crop_40pct,heavy_crop,borderline,false,false,false,false,false,none,prefilter_empty,true,false,57,1.262,36.091,5890,0.359,0,0,false,-1,104,0.019,0.002,156.866,20.562,0.614,0.001,178.104
picsum_925__rotate_32deg,picsum_925,rotate_32deg,rotate_small,borderline,true,false,false,false,false,none,prefilter_empty,true,false,1047,1.907,40.487,13378,0.817,0,0,false,-1,124,0.082,0.005,261.838,32.229,0.528,0.003,294.781
picsum_926__crop_border_15pct,picsum_926,crop_border_15pct,crop_border,borderline,true,false,false,false,false,none,prefilter_empty,true,false,0,+Inf,+Inf,0,0.000,0,0,false,-1,116,0.026,0.004,199.470,15.531,0.491,0.000,215.560
picsum_926__hue_shift_60deg,picsum_926,hue_shift_60deg,hue_shift,borderline,false,false,false,false,false,none,no_match,true,false,9,9.427,23.243,16384,1.000,2,2,true,0,14,0.027,0.003,197.789,16.164,0.428,34.396,248.882
picsum_926__sharpen_light,picsum_926,sharpen_light,sharpen,high,true,false,false,false,false,none,no_match,true,false,10,0.351,2.837,16384,1.000,1,1,true,0,10,0.090,0.003,242.838,21.621,0.471,32.727,297.812
picsum_927__downscale_0.75x,picsum_927,downscale_0.75x,downscale,borderline,true,false,false,true,true,base,visual_match,true,true,665,1.786,15.612,16238,0.991,1,1,true,0,14,0.037,0.003,202.481,22.210,0.476,51.346,276.644
picsum_927__jpeg_recompress_q90,picsum_927,jpeg_recompress_q90,jpeg_recompress,high,true,false,false,true,true,base,visual_match,true,true,1846,0.505,3.924,16384,1.000,2,2,true,0,4,0.101,0.003,243.836,31.442,0.449,51.394,327.336
picsum_928__brightness_plus10pct,picsum_928,brightness_plus10pct,brightness,borderline,true,false,false,true,true,base,visual_match,true,true,588,1.450,20.417,16384,1.000,2,2,true,0,10,0.039,0.003,218.986,18.577,0.391,29.169,267.230
picsum_928__format_change_tiff,picsum_928,format_change_tiff,format_change,borderline,true,false,false,true,true,base,visual_match,true,true,647,0.225,0.500,16384,1.000,1,1,true,0,0,0.348,0.003,270.330,26.940,0.609,38.734,337.279
picsum_928__rotate_180,picsum_928,rotate_180,rotate_cardinal,borderline,true,false,false,true,true,base,visual_match,true,true,595,0.708,24.083,16274,0.993,1,1,true,0,2,0.046,0.003,278.686,22.971,0.396,34.934,337.097
picsum_929__content_overlay_30pct,picsum_929,content_overlay_30pct,content_overlay,high,false,false,false,false,false,none,no_match,true,false,1619,26.273,180.255,16384,1.000,2,2,true,0,72,0.085,0.005,247.304,35.419,0.504,90.899,374.336
picsum_929__hue_shift_180deg,picsum_929,hue_shift_180deg,hue_shift,borderline,false,false,false,false,false,none,no_match,true,false,1030,12.223,84.761,16384,1.000,1,1,true,0,12,0.095,0.003,243.757,30.743,0.481,54.697,329.858
picsum_929__saturation_boost_2.0x,picsum_929,saturation_boost_2.0x,saturation_boost,borderline,false,false,false,true,true,base,visual_match,true,true,1702,5.449,23.925,16384,1.000,1,1,true,0,4,0.091,0.003,268.127,33.248,0.483,54.386,356.442
picsum_92__downscale_0.33x,picsum_92,downscale_0.33x,downscale,borderline,true,false,false,false,false,none,no_match,true,false,239,6.693,60.799,15837,0.967,2,2,true,0,18,0.019,0.004,154.493,12.685,0.381,65.016,232.630
picsum_92__jpeg_recompress_q50,picsum_92,jpeg_recompress_q50,jpeg_recompress,high,true,false,false,true,true,base,visual_match,true,true,1604,2.156,13.500,16200,0.989,1,1,true,0,2,0.056,0.004,251.708,23.996,0.416,54.927,331.166
picsum_930__brightness_minus10pct,picsum_930,brightness_minus10pct,brightness,borderline,true,false,false,true,true,base,visual_match,true,true,862,0.791,2.931,16384,1.000,2,2,true,0,4,0.068,0.004,256.229,29.255,0.618,53.781,340.055
picsum_930__format_change_gif,picsum_930,format_change_gif,format_change,borderline,true,false,false,true,true,base,visual_match,true,true,994,0.454,0.866,16384,1.000,1,1,true,0,2,0.536,0.003,235.579,31.400,0.528,47.817,316.249
picsum_930__p3_as_srgb_q70,picsum_930,p3_as_srgb_q70,p3_as_srgb,borderline,true,false,false,true,true,base,visual_match,true,true,920,5.381,11.027,16384,1.000,1,1,true,0,2,0.048,0.005,243.090,29.864,0.528,46.467,320.095
picsum_931__content_overlay_15pct,picsum_931,content_overlay_15pct,content_overlay,high,false,false,false,false,false,none,no_match,true,false,19,19.266,135.357,15016,0.917,1,1,true,0,74,0.035,0.003,228.906,19.225,0.455,30.012,278.699
picsum_931__heavy_crop_60pct,picsum_931,heavy_crop_60pct,heavy_crop,high,false,false,false,false,false,none,no_match,true,false,0,+Inf,+Inf,0,0.000,1,1,false,-1,112,0.016,0.007,175.381,11.592,0.467,2.003,189.498
picsum_931__rotate_90,picsum_931,rotate_90,rotate_cardinal,borderline,true,false,false,false,false,none,no_match,true,false,13,24.018,89.080,11049,0.674,4,4,true,0,2,0.030,0.006,289.276,19.578,0.405,53.159,362.511
picsum_932__crop_border_5pct,picsum_932,crop_border_5pct,crop_border,borderline,true,false,false,true,true,base,visual_match,true,true,763,1.195,8.402,12996,0.793,1,1,true,0,68,0.068,0.003,219.011,18.861,0.308,34.776,273.147
picsum_932__jpeg_recompress_q20,picsum_932,jpeg_recompress_q20,jpeg_recompress,high,true,false,false,true,true,base,visual_match,true,true,835,3.503,16.603,16384,1.000,2,2,true,0,18,0.019,0.002,181.582,21.605,0.407,40.790,244.444
picsum_932__upscale_2.0x,picsum_932,upscale_2.0x,upscale,borderline,true,false,false,true,true,base,visual_match,true,true,618,1.203,16.378,16377,1.000,2,2,true,0,12,0.084,0.003,497.121,45.311,0.556,62.935,606.139
picsum_933__downscale_256px,picsum_933,downscale_256px,downscale,borderline,true,false,false,false,false,none,no_match,true,false,179,7.409,62.432,16129,0.984,1,1,true,0,38,0.018,0.002,162.129,12.937,0.433,40.619,216.175
picsum_933__noise_sigma10,picsum_933,noise_sigma10,noise_light,high,true,false,false,true,true,base,visual_match,true,true,1639,1.954,8.338,16384,1.000,1,1,true,0,10,0.183,0.002,294.945,34.891,0.369,57.856,388.387
picsum_935__color_invert,picsum_935,color_invert,color_invert,high,false,false,false,false,false,none,no_match,true,false,0,+Inf,+Inf,0,0.000,1,1,false,-1,126,0.087,0.002,277.909,42.634,0.762,64.045,385.527
picsum_935__heavy_crop_40pct,picsum_935,heavy_crop_40pct,heavy_crop,borderline,false,false,false,false,false,none,no_match,true,false,1233,1.962,18.352,5776,0.353,1,1,false,-1,116,0.055,0.003,193.816,23.771,0.600,55.655,273.975
picsum_935__rotate_32deg,picsum_935,rotate_32deg,rotate_small,borderline,true,false,false,false,false,none,no_match,true,true,1283,1.418,20.225,13470,0.822,4,4,false,-1,116,0.099,0.003,250.972,33.750,0.622,144.969,430.555
picsum_936__crop_border_15pct,picsum_936,crop_border_15pct,crop_border,borderline,true,false,false,false,false,none,prefilter_empty,true,true,449,0.834,12.336,7832,0.478,0,0,false,-1,98,0.041,0.002,189.772,19.652,0.488,0.000,210.013
picsum_936__hue_shift_60deg,picsum_936,hue_shift_60deg,hue_shift,borderline,false,false,false,false,false,none,no_match,true,false,668,20.207,120.563,16384,1.000,1,1,true,0,24,0.073,0.003,220.942,23.432,0.454,36.858,281.863
picsum_936__sharpen_light,picsum_936,sharpen_light,sharpen,high,true,false,false,true,true,base,visual_match,true,true,857,0.884,15.927,16384,1.000,3,3,true,0,8,0.059,0.003,186.585,24.632,0.432,33.023,244.846
picsum_937__downscale_0.75x,picsum_937,downscale_0.75x,downscale,borderline,true,false,false,true,true,base,visual_match,true,true,762,3.386,20.982,16384,1.000,1,1,true,0,18,0.068,0.002,148.354,22.492,0.303,40.694,211.992
picsum_937__jpeg_recompress_q90,picsum_937,jpeg_recompress_q90,jpeg_recompress,high,true,false,false,true,true,base,visual_match,true,true,1915,0.811,4.065,16384,1.000,2,2,true,0,2,0.111,0.004,181.580,33.762,0.457,51.123,267.201
picsum_938__brightness_plus10pct,picsum_938,brightness_plus10pct,brightness,borderline,true,false,false,true,true,base,visual_match,true,true,1871,2.106,25.206,16384,1.000,3,3,true,0,10,0.078,0.002,194.735,32.871,0.610,58.360,286.758
picsum_938__format_change_tiff,picsum_938,format_change_tiff,format_change,borderline,true,false,false,true,true,base,visual_match,true,true,2000,0.434,0.866,16384,1.000,2,2,true,0,0,0.507,0.004,253.704,33.485,0.527,63.731,352.481
picsum_938__rotate_180,picsum_938,rotate_180,rotate_cardinal,borderline,true,false,false,false,false,none,no_match,true,false,1813,2.940,43.112,16354,0.998,2,2,true,0,4,0.092,0.003,246.608,30.075,0.481,124.095,401.462
picsum_939__content_overlay_30pct,picsum_939,content_overlay_30pct,content_overlay,high,false,false,false,false,false,none,no_match,true,false,1832,27.771,179.577,16384,1.000,1,1,true,0,62,0.067,0.003,250.278,30.523,0.544,64.422,345.932
picsum_939__hue_shift_180deg,picsum_939,hue_shift_180deg,hue_shift,borderline,false,false,false,true,true,base,visual_match,true,true,1860,0.138,1.875,16384,1.000,1,1,true,0,2,0.054,0.002,178.273,23.014,0.502,46.166,248.082
picsum_939__saturation_boost_2.0x,picsum_939,saturation_boost_2.0x,saturation_boost,borderline,false,false,false,true,true,base,visual_match,true,true,1860,0.138,1.875,16384,1.000,1,1,true,0,2,0.063,0.003,246.153,33.823,0.554,56.331,337.032
picsum_93__downscale_0.33x,picsum_93,downscale_0.33x,downscale,borderline,true,false,false,false,false,none,no_match,true,false,237,6.594,116.088,16188,0.988,1,1,true,0,54,0.016,0.003,165.022,14.248,0.613,46.305,226.247
picsum_93__jpeg_recompress_q50,picsum_93,jpeg_recompress_q50,jpeg_recompress,high,true,false,false,true,true,base,visual_match,true,true,1614,2.001,8.439,16384,1.000,1,1,true,0,20,0.081,0.002,243.992,44.055,0.727,60.444,349.406
picsum_940__brightness_minus10pct,picsum_940,brightness_minus10pct,brightness,borderline,true,false,false,true,true,base,visual_match,true,true,1789,1.300,8.588,16384,1.000,1,1,true,0,6,0.151,0.003,269.188,35.723,0.554,97.833,403.606
picsum_940__format_change_gif,picsum_940,format_change_gif,format_change,borderline,true,false,false,true,true,base,visual_match,true,true,2000,0.476,0.847,16384,1.000,1,1,true,0,2,0.939,0.004,255.161,43.732,0.579,72.365,373.678
picsum_940__p3_as_srgb_q70,picsum_940,p3_as_srgb_q70,p3_as_srgb,borderline,true,false,false,true,true,base,visual_match,true,true,1835,3.607,10.904,16384,1.000,1,1,true,0,2,0.097,0.004,218.964,25.368,0.430,45.797,290.798
picsum_941__content_overlay_15pct,picsum_941,content_overlay_15pct,content_overlay,high,false,false,false,false,false,none,no_match,true,false,528,22.439,149.393,16185,0.988,2,2,true,0,82,0.025,0.002,177.241,16.189,0.356,36.292,230.148
picsum_941__heavy_crop_60pct,picsum_941,heavy_crop_60pct,heavy_crop,high,false,false,false,false,false,none,no_match,true,false,188,1.722,18.919,2464,0.150,1,1,false,-1,120,0.013,0.003,154.707,10.750,0.327,28.815,194.648
picsum_941__rotate_90,picsum_941,rotate_90,rotate_cardinal,borderline,true,false,false,true,true,base,visual_match,true,true,524,1.158,22.310,16319,0.996,5,5,true,0,0,0.033,0.002,249.038,21.961,0.434,33.769,305.295
picsum_942__crop_border_5pct,picsum_942,crop_border_5pct,crop_border,borderline,true,false,false,false,false,none,no_match,true,false,395,0.680,52.733,13031,0.795,1,1,true,0,74,0.044,0.002,209.192,18.756,0.575,29.051,257.696
picsum_942__jpeg_recompress_q20,picsum_942,jpeg_recompress_q20,jpeg_recompress,high,true,false,false,true,true,base,visual_match,true,true,171,1.273,12.537,16384,1.000,2,2,true,0,2,0.021,0.003,224.876,19.960,0.531,30.000,275.439
picsum_942__upscale_2.0x,picsum_942,upscale_2.0x,upscale,borderline,true,false,false,true,true,base,visual_match,true,true,155,0.923,29.792,16340,0.997,2,2,true,0,4,0.082,0.003,477.919,39.225,0.533,47.969,565.833
picsum_943__downscale_256px,picsum_943,downscale_256px,downscale,borderline,true,false,false,false,false,none,no_match,true,false,14,41.572,180.132,12766,0.779,2,2,true,0,22,0.012,0.003,110.198,9.392,0.541,46.992,167.168
picsum_943__noise_sigma10,picsum_943,noise_sigma10,noise_light,high,true,false,false,false,false,none,no_match,true,false,70,3.247,45.126,15756,0.962,2,2,true,0,46,0.107,0.003,208.818,23.050,0.581,79.274,311.957
picsum_944__color_invert,picsum_944,color_invert,color_invert,high,false,false,false,false,false,none,prefilter_empty,true,false,4,57.685,215.839,15734,0.960,0,0,false,-1,130,0.161,0.003,260.278,38.232,0.444,0.000,299.269
picsum_944__heavy_crop_40pct,picsum_944,heavy_crop_40pct,heavy_crop,borderline,false,false,false,false,false,none,prefilter_empty,true,false,599,2.013,21.891,5776,0.353,0,0,false,-1,112,0.067,0.004,210.864,25.586,0.481,0.001,237.086
picsum_944__rotate_32deg,picsum_944,rotate_32deg,rotate_small,borderline,true,false,false,false,false,none,prefilter_empty,true,true,1011,1.858,19.850,13472,0.822,0,0,false,-1,122,0.185,0.004,281.846,38.965,0.544,0.001,321.735
picsum_945__crop_border_15pct,picsum_945,crop_border_15pct,crop_border,borderline,true,false,false,false,false,none,prefilter_empty,true,true,861,0.722,10.486,7832,0.478,0,0,false,-1,124,0.090,0.002,208.729,26.322,0.380,0.000,235.632
picsum_945__hue_shift_60deg,picsum_945,hue_shift_60deg,hue_shift,borderline,false,false,false,true,true,base,visual_match,true,true,1865,0.345,1.577,16384,1.000,1,1,true,0,4,0.159,0.003,257.930,36.770,0.433,64.553,359.979
picsum_945__sharpen_light,picsum_945,sharpen_light,sharpen,high,true,false,false,true,true,base,visual_match,true,true,1539,1.987,15.767,16384,1.000,1,1,true,0,12,0.166,0.004,250.521,39.998,0.440,62.763,354.080
picsum_946__downscale_0.75x,picsum_946,downscale_0.75x,downscale,borderline,true,false,false,true,true,base,visual_match,true,true,712,2.873,25.644,16184,0.988,1,1,true,0,18,0.048,0.002,184.374,21.613,0.519,49.783,256.419
picsum_946__jpeg_recompress_q90,picsum_946,jpeg_recompress_q90,jpeg_recompress,high,true,false,false,true,true,base,visual_match,true,true,1916,0.682,3.890,16384,1.000,1,1,true,0,2,0.101,0.003,231.738,26.928,0.521,47.609,307.026
picsum_947__brightness_plus10pct,picsum_947,brightness_plus10pct,brightness,borderline,true,false,false,true,true,base,visual_match,true,true,1494,4.382,20.168,16384,1.000,2,2,true,0,4,0.054,0.003,194.409,21.919,0.541,41.395,258.394
picsum_947__format_change_tiff,picsum_947,format_change_tiff,format_change,borderline,true,false,false,true,true,base,visual_match,true,true,1755,0.399,0.866,16384,1.000,2,2,true,0,2,0.341,0.004,160.525,21.635,0.484,44.153,227.498
picsum_947__rotate_180,picsum_947,rotate_180,rotate_cardinal,borderline,true,false,false,true,true,base,visual_match,true,true,1635,1.462,33.812,16256,0.992,2,2,true,0,4,0.046,0.003,176.769,21.519,0.625,43.642,242.688
picsum_948__content_overlay_30pct,picsum_948,content_overlay_30pct,content_overlay,high,false,false,false,false,false,none,no_match,true,false,1859,22.697,176.082,16384,1.000,1,1,true,0,38,0.095,0.007,249.899,36.347,0.489,62.536,349.503
picsum_948__hue_shift_180deg,picsum_948,hue_shift_180deg,hue_shift,borderline,false,false,false,false,false,none,no_match,true,false,1228,29.755,119.179,16384,1.000,1,1,true,0,8,0.146,0.003,281.791,40.993,0.563,66.965,390.633
picsum_948__saturation_boost_2.0x,picsum_948,saturation_boost_2.0x,saturation_boost,borderline,false,false,false,false,false,none,no_match,true,false,1293,20.385,68.441,16384,1.000,1,1,true,0,14,0.138,0.004,236.423,35.533,0.581,60.371,333.200
picsum_949__downscale_0.33x,picsum_949,downscale_0.33x,downscale,borderline,true,false,false,true,true,base,visual_match,true,true,36,2.019,28.054,16238,0.991,1,1,true,0,14,0.028,0.003,193.939,13.140,0.545,30.543,238.238
picsum_949__jpeg_recompress_q50,picsum_949,jpeg_recompress_q50,jpeg_recompress,high,true,false,false,true,true,base,visual_match,true,true,464,0.492,4.042,16384,1.000,1,1,true,0,4,0.041,0.005,241.967,24.712,0.552,41.231,308.599
picsum_94__brightness_minus10pct,picsum_94,brightness_minus10pct,brightness,borderline,true,false,false,true,true,base,visual_match,true,true,1777,1.510,14.364,16384,1.000,1,1,true,0,6,0.064,0.003,259.539,32.422,0.533,58.798,351.469
picsum_94__format_change_gif,picsum_94,format_change_gif,format_change,borderline,true,false,false,true,true,base,visual_match,true,true,2000,0.456,0.866,16384,1.000,1,1,true,0,2,0.615,0.003,232.041,46.107,0.470,64.760,344.578
picsum_94__p3_as_srgb_q70,picsum_94,p3_as_srgb_q70,p3_as_srgb,borderline,true,false,false,true,true,base,visual_match,true,true,1841,5.044,12.813,16384,1.000,1,1,true,0,6,0.063,0.002,254.659,29.977,0.462,55.119,340.372
picsum_950__content_overlay_15pct,picsum_950,content_overlay_15pct,content_overlay,high,false,false,false,false,false,none,no_match,true,false,309,21.961,154.755,16384,1.000,3,3,true,0,68,0.046,0.003,266.497,22.254,0.447,52.987,342.319
picsum_950__heavy_crop_60pct,picsum_950,heavy_crop_60pct,heavy_crop,high,false,false,false,false,false,none,no_match,true,false,109,2.951,22.172,2679,0.164,1,1,false,-1,122,0.015,0.004,171.553,11.464,0.651,4.503,188.244
picsum_950__rotate_90,picsum_950,rotate_90,rotate_cardinal,borderline,true,false,false,true,true,base,visual_match,true,true,489,1.169,13.902,16303,0.995,1,1,true,0,4,0.042,0.003,264.745,25.069,0.521,45.576,336.032
picsum_951__crop_border_5pct,picsum_951,crop_border_5pct,crop_border,borderline,true,false,false,false,false,none,prefilter_empty,true,true,566,1.354,13.310,12996,0.793,0,0,false,-1,102,0.080,0.002,229.583,27.538,0.388,0.000,257.676
picsum_951__jpeg_recompress_q20,picsum_951,jpeg_recompress_q20,jpeg_recompress,high,true,false,false,true,true,base,visual_match,true,true,599,3.812,27.887,16384,1.000,2,2,true,0,28,0.051,0.002,269.880,27.552,0.521,54.102,352.180
picsum_951__upscale_2.0x,picsum_951,upscale_2.0x,upscale,borderline,true,false,false,true,true,base,visual_match,true,true,153,2.707,24.290,16312,0.996,1,1,true,0,14,0.235,0.004,589.427,49.134,0.339,79.830,719.225
picsum_952__downscale_256px,picsum_952,downscale_256px,downscale,borderline,true,false,false,false,false,none,no_match,true,false,155,2.875,111.833,16181,0.988,2,2,true,0,42,0.013,0.003,142.425,10.815,0.556,45.004,198.844
picsum_952__noise_sigma10,picsum_952,noise_sigma10,noise_light,high,true,false,false,true,true,base,visual_match,true,true,1589,2.173,8.857,16384,1.000,1,1,true,0,14,0.163,0.003,247.875,31.815,0.456,58.513,338.976
picsum_953__color_invert,picsum_953,color_invert,color_invert,high,false,false,false,false,false,none,prefilter_empty,true,false,5,85.589,242.148,15953,0.974,0,0,false,-1,130,0.109,0.003,239.313,32.596,0.542,0.000,272.707
picsum_953__heavy_crop_40pct,picsum_953,heavy_crop_40pct,heavy_crop,borderline,false,false,false,false,false,none,prefilter_empty,true,false,590,1.689,13.710,5776,0.353,0,0,false,-1,120,0.055,0.003,203.689,20.572,0.540,0.001,224.937
picsum_953__rotate_32deg,picsum_953,rotate_32deg,rotate_small,borderline,true,false,false,false,false,none,prefilter_empty,true,true,1232,2.136,17.398,13474,0.822,0,0,false,-1,122,0.123,0.009,253.903,37.023,0.548,0.001,291.746
picsum_954__crop_border_15pct,picsum_954,crop_border_15pct,crop_border,borderline,true,false,false,false,false,none,prefilter_empty,true,true,586,0.541,26.868,7923,0.484,0,0,false,-1,120,0.024,0.002,212.205,17.302,0.574,0.000,230.146
picsum_954__hue_shift_60deg,picsum_954,hue_shift_60deg,hue_shift,borderline,false,false,false,false,false,none,no_match,true,false,547,4.953,38.070,16372,0.999,4,4,true,0,12,0.027,0.002,232.094,21.287,0.562,70.557,324.570
picsum_954__sharpen_light,picsum_954,sharpen_light,sharpen,high,true,false,false,true,true,base,visual_match,true,true,749,0.370,9.887,16384,1.000,5,5,true,0,8,0.036,0.005,243.683,23.886,0.549,41.271,309.533
picsum_955__downscale_0.75x,picsum_955,downscale_0.75x,downscale,borderline,true,false,false,true,true,base,visual_match,true,true,414,5.900,24.525,16384,1.000,2,2,true,0,34,0.090,0.002,204.148,30.290,0.388,53.844,288.854
picsum_955__jpeg_recompress_q90,picsum_955,jpeg_recompress_q90,jpeg_recompress,high,true,false,false,true,true,base,visual_match,true,true,1884,1.255,4.901,16384,1.000,2,2,true,0,8,0.248,0.003,260.678,54.987,0.446,64.091,380.775
picsum_957__brightness_plus10pct,picsum_957,brightness_plus10pct,brightness,borderline,true,false,false,true,true,base,visual_match,true,true,1618,2.008,25.958,16384,1.000,2,2,true,0,12,0.130,0.003,250.325,38.796,0.358,62.987,352.802
picsum_957__format_change_tiff,picsum_957,format_change_tiff,format_change,borderline,true,false,false,true,true,base,visual_match,true,true,2000,0.444,0.847,16384,1.000,2,2,true,0,2,0.617,0.003,162.574,33.207,0.450,48.491,246.096
picsum_957__rotate_180,picsum_957,rotate_180,rotate_cardinal,borderline,true,false,false,false,false,none,no_match,true,false,1812,3.810,59.445,16258,0.992,2,2,true,0,4,0.172,0.003,247.081,43.964,0.532,119.875,411.805
picsum_958__content_overlay_30pct,picsum_958,content_overlay_30pct,content_overlay,high,false,false,false,false,false,none,no_match,true,false,1596,30.100,192.606,16384,1.000,1,1,true,0,44,0.077,0.004,253.348,38.289,0.605,72.435,364.893
picsum_958__hue_shift_180deg,picsum_958,hue_shift_180deg,hue_shift,borderline,false,false,false,false,false,none,no_match,true,false,1608,27.686,92.567,16384,1.000,3,3,true,0,6,0.086,0.004,285.429,37.210,0.518,140.317,463.675
picsum_958__saturation_boost_2.0x,picsum_958,saturation_boost_2.0x,saturation_boost,borderline,false,false,false,false,false,none,no_match,true,false,1599,12.035,34.281,16384,1.000,2,2,true,0,12,0.091,0.004,256.787,34.538,0.609,94.945,387.090
picsum_959__downscale_0.33x,picsum_959,downscale_0.33x,downscale,borderline,true,false,false,false,false,none,no_match,true,false,212,5.375,40.986,16129,0.984,1,1,true,0,66,0.025,0.004,174.386,13.286,0.422,50.297,238.453
picsum_959__jpeg_recompress_q50,picsum_959,jpeg_recompress_q50,jpeg_recompress,high,true,false,false,true,true,base,visual_match,true,true,1428,1.730,10.549,16384,1.000,1,1,true,0,30,0.101,0.003,257.751,34.569,0.535,58.419,351.470
picsum_95__brightness_minus10pct,picsum_95,brightness_minus10pct,brightness,borderline,true,false,false,true,true,base,visual_match,true,true,1851,1.498,17.379,16384,1.000,1,1,true,0,0,0.126,0.004,291.355,35.833,0.607,57.681,385.797
picsum_95__format_change_gif,picsum_95,format_change_gif,format_change,borderline,true,false,false,true,true,base,visual_match,true,true,2000,0.446,0.866,16384,1.000,1,1,true,0,0,0.834,0.004,272.685,44.378,0.579,64.811,384.068
picsum_95__p3_as_srgb_q70,picsum_95,p3_as_srgb_q70,p3_as_srgb,borderline,true,false,false,true,true,base,visual_match,true,true,1854,6.692,12.521,16384,1.000,1,1,true,0,2,0.094,0.003,244.195,34.688,0.558,62.495,342.211
picsum_960__content_overlay_15pct,picsum_960,content_overlay_15pct,content_overlay,high,false,false,false,false,false,none,no_match,true,false,1141,22.590,162.081,16384,1.000,1,1,true,0,42,0.092,0.004,253.011,30.909,0.419,51.594,336.135
picsum_960__heavy_crop_60pct,picsum_960,heavy_crop_60pct,heavy_crop,high,false,false,false,false,false,none,prefilter_empty,true,false,323,1.449,9.062,2500,0.153,0,0,false,-1,122,0.028,0.006,163.373,14.930,0.468,0.000,178.860
picsum_960__rotate_90,picsum_960,rotate_90,rotate_cardinal,borderline,true,false,false,true,true,base,visual_match,true,true,1894,2.681,36.602,16256,0.992,1,1,true,0,6,0.163,0.004,276.915,40.627,0.670,66.135,384.656
picsum_961__crop_border_5pct,picsum_961,crop_border_5pct,crop_border,borderline,true,false,false,true,true,base,visual_match,true,true,1430,1.240,19.713,13083,0.799,1,1,true,0,78,0.085,0.003,228.301,30.726,0.665,56.969,316.900
picsum_961__jpeg_recompress_q20,picsum_961,jpeg_recompress_q20,jpeg_recompress,high,true,false,false,true,true,base,visual_match,true,true,1372,3.343,20.439,16384,1.000,3,3,true,0,22,0.032,0.003,266.839,33.244,0.555,52.517,353.259
picsum_961__upscale_2.0x,picsum_961,upscale_2.0x,upscale,borderline,true,false,false,true,true,base,visual_match,true,true,886,1.404,13.288,16384,1.000,1,1,true,0,10,0.146,0.003,534.606,54.664,0.522,69.119,659.191
picsum_962__downscale_256px,picsum_962,downscale_256px,downscale,borderline,true,false,false,false,false,none,no_match,true,false,25,3.451,48.095,16008,0.977,1,1,true,0,50,0.018,0.003,141.833,9.774,0.346,23.807,175.811
picsum_962__noise_sigma10,picsum_962,noise_sigma10,noise_light,high,true,false,false,true,true,base,visual_match,true,true,394,1.989,12.724,16327,0.997,1,1,true,0,30,0.138,0.003,231.974,23.117,0.500,34.848,290.739
picsum_964__color_invert,picsum_964,color_invert,color_invert,high,false,false,false,false,false,none,no_match,true,false,0,+Inf,+Inf,0,0.000,3,3,false,-1,118,0.092,0.003,217.519,21.475,0.503,94.706,334.442
picsum_964__heavy_crop_40pct,picsum_964,heavy_crop_40pct,heavy_crop,borderline,false,false,false,false,false,none,no_match,true,false,270,0.949,7.684,5776,0.353,1,1,false,-1,126,0.033,0.002,144.217,14.520,0.448,15.925,175.212
picsum_964__rotate_32deg,picsum_964,rotate_32deg,rotate_small,borderline,true,false,false,false,false,none,no_match,true,true,831,0.876,19.094,13466,0.822,1,1,false,-1,120,0.078,0.003,196.644,24.514,0.374,10.413,232.139
picsum_965__crop_border_15pct,picsum_965,crop_border_15pct,crop_border,borderline,true,false,false,false,false,none,no_match,true,true,590,0.625,6.233,7832,0.478,2,2,false,-1,116,0.021,0.002,140.790,13.214,0.517,69.404,223.998
picsum_965__hue_shift_60deg,picsum_965,hue_shift_60deg,hue_shift,borderline,false,false,false,false,false,none,no_match,true,false,1223,7.711,52.786,16384,1.000,2,2,true,0,4,0.068,0.003,307.491,32.747,0.594,101.522,442.526
picsum_965__sharpen_light,picsum_965,sharpen_light,sharpen,high,true,false,false,true,true,base,visual_match,true,true,1234,0.913,18.969,16384,1.000,2,2,true,0,10,0.061,0.003,176.658,19.516,0.502,36.892,233.705
picsum_966__downscale_0.75x,picsum_966,downscale_0.75x,downscale,borderline,true,false,false,true,true,base,visual_match,true,true,724,1.937,31.207,16384,1.000,1,1,true,0,26,0.029,0.003,155.414,18.649,0.466,39.973,214.611
picsum_966__jpeg_recompress_q90,picsum_966,jpeg_recompress_q90,jpeg_recompress,high,true,false,false,true,true,base,visual_match,true,true,1914,0.432,2.883,16384,1.000,2,2,true,0,2,0.080,0.003,191.991,25.527,0.472,49.364,267.598
picsum_967__brightness_plus10pct,picsum_967,brightness_plus10pct,brightness,borderline,true,false,false,true,true,base,visual_match,true,true,1621,1.566,25.858,16384,1.000,2,2,true,0,12,0.080,0.003,175.922,21.426,0.500,43.799,241.855
picsum_967__format_change_tiff,picsum_967,format_change_tiff,format_change,borderline,true,false,false,true,true,base,visual_match,true,true,1893,0.462,0.866,16384,1.000,3,3,true,0,0,0.682,0.003,170.378,24.643,0.524,48.308,246.577
picsum_967__rotate_180,picsum_967,rotate_180,rotate_cardinal,borderline,true,false,false,false,false,none,no_match,true,false,1725,1.911,38.930,16204,0.989,3,3,true,0,0,0.076,0.002,171.924,22.370,0.599,90.700,285.748
picsum_969__content_overlay_30pct,picsum_969,content_overlay_30pct,content_overlay,high,false,false,false,false,false,none,no_match,true,false,1519,25.050,182.583,16384,1.000,2,2,true,0,54,0.068,0.002,229.068,30.109,0.545,115.179,375.050
picsum_969__hue_shift_180deg,picsum_969,hue_shift_180deg,hue_shift,borderline,false,false,false,true,true,base,visual_match,true,true,1827,5.012,18.905,16384,1.000,3,3,true,0,8,0.085,0.003,226.505,27.649,0.548,52.197,307.119
picsum_969__saturation_boost_2.0x,picsum_969,saturation_boost_2.0x,saturation_boost,borderline,false,false,false,true,true,base,visual_match,true,true,1835,3.224,15.070,16384,1.000,3,3,true,0,4,0.071,0.003,233.862,30.476,0.355,62.299,327.167
picsum_96__downscale_0.33x,picsum_96,downscale_0.33x,downscale,borderline,true,false,false,false,false,none,no_match,true,false,132,4.131,53.852,15987,0.976,1,1,true,0,18,0.033,0.003,142.078,10.360,0.559,28.632,181.697
picsum_96__jpeg_recompress_q50,picsum_96,jpeg_recompress_q50,jpeg_recompress,high,true,false,false,true,true,base,visual_match,true,true,914,1.438,15.446,16384,1.000,1,1,true,0,8,0.026,0.002,217.008,22.484,0.702,38.320,278.612
picsum_970__brightness_minus10pct,picsum_970,brightness_minus10pct,brightness,borderline,true,false,false,true,true,base,visual_match,true,true,1499,0.947,20.080,16384,1.000,1,1,true,0,6,0.063,0.005,224.997,26.404,0.407,45.600,297.576
picsum_970__format_change_gif,picsum_970,format_change_gif,format_change,borderline,true,false,false,true,true,base,visual_match,true,true,1691,0.443,0.866,16384,1.000,1,1,true,0,2,0.377,0.003,153.599,25.178,0.346,41.494,221.398
picsum_970__p3_as_srgb_q70,picsum_970,p3_as_srgb_q70,p3_as_srgb,borderline,true,false,false,true,true,base,visual_match,true,true,1509,5.429,12.437,16384,1.000,1,1,true,0,6,0.041,0.003,175.378,21.753,0.472,50.163,247.884
picsum_971__content_overlay_15pct,picsum_971,content_overlay_15pct,content_overlay,high,false,false,false,false,false,none,no_match,true,false,1744,19.724,145.977,16384,1.000,1,1,true,0,44,0.035,0.002,188.626,24.455,0.385,50.379,263.939
picsum_971__heavy_crop_60pct,picsum_971,heavy_crop_60pct,heavy_crop,high,false,false,false,false,false,none,orb_extract_failed,false,false,0,0.000,0.000,0,0.000,0,0,false,-1,116,0.020,0.003,165.106,1.945,0.000,0.000,167.161
picsum_971__rotate_90,picsum_971,rotate_90,rotate_cardinal,borderline,true,false,false,false,false,none,no_match,true,false,1665,2.391,47.940,16277,0.993,1,1,true,0,2,0.061,0.005,256.425,34.972,0.679,70.288,362.590
picsum_972__crop_border_5pct,picsum_972,crop_border_5pct,crop_border,borderline,true,false,false,true,true,base,visual_match,true,true,716,0.921,10.592,12996,0.793,1,1,true,0,82,0.084,0.004,259.960,38.106,0.490,55.114,353.877
picsum_972__jpeg_recompress_q20,picsum_972,jpeg_recompress_q20,jpeg_recompress,high,true,false,false,true,true,base,visual_match,true,true,1012,2.939,18.216,16384,1.000,1,1,true,0,8,0.041,0.004,242.070,30.273,0.363,60.580,333.392
picsum_972__upscale_2.0x,picsum_972,upscale_2.0x,upscale,borderline,true,false,false,true,true,base,visual_match,true,true,257,1.880,18.014,16384,1.000,2,2,true,0,12,0.182,0.003,511.522,57.908,0.520,82.668,652.987
picsum_973__downscale_256px,picsum_973,downscale_256px,downscale,borderline,true,false,false,false,false,none,no_match,true,false,156,4.757,48.669,16132,0.985,2,2,true,0,44,0.019,0.004,185.616,13.849,0.527,38.147,238.203
picsum_973__noise_sigma10,picsum_973,noise_sigma10,noise_light,high,true,false,false,true,true,base,visual_match,true,true,1586,1.994,11.543,16384,1.000,1,1,true,0,26,0.156,0.003,259.532,28.219,0.527,74.551,363.153
picsum_974__color_invert,picsum_974,color_invert,color_invert,high,false,false,false,false,false,none,prefilter_empty,true,false,0,+Inf,+Inf,0,0.000,0,0,false,-1,122,0.102,0.002,197.714,22.748,0.521,0.000,221.201
picsum_974__heavy_crop_40pct,picsum_974,heavy_crop_40pct,heavy_crop,borderline,false,false,false,false,false,none,no_match,true,false,580,0.990,6.349,5776,0.353,1,1,false,-1,118,0.053,0.004,130.487,14.244,0.515,32.688,178.078
picsum_974__rotate_32deg,picsum_974,rotate_32deg,rotate_small,borderline,true,false,false,false,false,none,prefilter_empty,true,true,953,1.093,17.406,13466,0.822,0,0,false,-1,118,0.125,0.002,225.264,27.033,0.586,0.000,253.135
picsum_975__crop_border_15pct,picsum_975,crop_border_15pct,crop_border,borderline,true,false,false,false,false,none,prefilter_empty,true,true,839,2.047,16.607,7832,0.478,0,0,false,-1,118,0.086,0.003,197.723,28.908,0.438,0.000,227.252
picsum_975__hue_shift_60deg,picsum_975,hue_shift_60deg,hue_shift,borderline,false,false,false,false,false,none,no_match,true,false,1433,27.824,85.219,16384,1.000,1,1,true,0,20,0.174,0.003,237.952,40.256,0.482,62.273,341.295
picsum_975__sharpen_light,picsum_975,sharpen_light,sharpen,high,true,false,false,true,true,base,visual_match,true,true,1684,2.604,16.175,16384,1.000,1,1,true,0,6,0.192,0.003,250.246,43.096,0.542,65.219,359.476
picsum_976__downscale_0.75x,picsum_976,downscale_0.75x,downscale,borderline,true,false,false,true,true,base,visual_match,true,true,791,2.549,14.986,16384,1.000,1,1,true,0,6,0.053,0.003,206.869,25.063,0.506,54.491,287.105
picsum_976__jpeg_recompress_q90,picsum_976,jpeg_recompress_q90,jpeg_recompress,high,true,false,false,true,true,base,visual_match,true,true,1871,0.723,3.619,16384,1.000,1,1,true,0,2,0.131,0.002,306.215,34.775,0.508,70.767,412.530
picsum_977__brightness_plus10pct,picsum_977,brightness_plus10pct,brightness,borderline,true,false,false,true,true,base,visual_match,true,true,1671,3.387,27.080,16384,1.000,2,2,true,0,6,0.076,0.003,249.726,27.604,0.507,59.286,337.293
picsum_977__format_change_tiff,picsum_977,format_change_tiff,format_change,borderline,true,false,false,true,true,base,visual_match,true,true,1998,0.421,0.866,16384,1.000,1,1,true,0,0,0.492,0.004,198.813,26.023,0.368,60.918,287.052
picsum_977__rotate_180,picsum_977,rotate_180,rotate_cardinal,borderline,true,false,false,true,true,base,visual_match,true,true,1756,1.344,19.205,16302,0.995,1,1,true,0,2,0.040,0.003,173.292,26.018,0.540,61.634,261.598
picsum_978__content_overlay_30pct,picsum_978,content_overlay_30pct,content_overlay,high,false,false,false,false,false,none,no_match,true,false,1127,22.395,120.416,16384,1.000,1,1,true,0,34,0.053,0.003,234.686,22.697,0.414,42.003,299.913
picsum_978__hue_shift_180deg,picsum_978,hue_shift_180deg,hue_shift,borderline,false,false,false,false,false,none,no_match,true,false,843,6.618,51.970,16384,1.000,1,1,true,0,10,0.038,0.003,241.587,31.656,0.485,47.239,321.080
picsum_978__saturation_boost_2.0x,picsum_978,saturation_boost_2.0x,saturation_boost,borderline,false,false,false,false,false,none,no_match,true,false,779,5.260,42.443,16384,1.000,1,1,true,0,22,0.041,0.002,216.515,23.618,0.485,42.413,283.128
picsum_979__downscale_0.33x,picsum_979,downscale_0.33x,downscale,borderline,true,false,false,false,false,none,no_match,true,false,239,8.115,77.758,16140,0.985,1,1,true,0,18,0.017,0.003,143.673,12.265,0.473,48.014,204.487
picsum_979__jpeg_recompress_q50,picsum_979,jpeg_recompress_q50,jpeg_recompress,high,true,false,false,true,true,base,visual_match,true,true,1558,2.124,9.784,16384,1.000,1,1,true,0,12,0.096,0.003,224.495,31.899,0.509,60.113,317.214
picsum_980__brightness_minus10pct,picsum_980,brightness_minus10pct,brightness,borderline,true,false,false,true,true,base,visual_match,true,true,1872,1.120,22.542,16384,1.000,1,1,true,0,6,0.088,0.004,235.044,31.178,0.505,58.354,325.301
picsum_980__format_change_gif,picsum_980,format_change_gif,format_change,borderline,true,false,false,true,true,base,visual_match,true,true,2000,0.455,0.866,16384,1.000,1,1,true,0,0,0.701,0.004,203.117,37.200,0.651,80.385,322.778
picsum_980__p3_as_srgb_q70,picsum_980,p3_as_srgb_q70,p3_as_srgb,borderline,true,false,false,true,true,base,visual_match,true,true,1848,6.914,12.932,16384,1.000,1,1,true,0,6,0.071,0.003,262.510,36.189,0.564,56.466,355.907
picsum_981__content_overlay_15pct,picsum_981,content_overlay_15pct,content_overlay,high,false,false,false,false,false,none,no_match,true,false,1820,17.993,153.271,16384,1.000,1,1,true,0,32,0.115,0.003,219.406,28.460,0.442,45.808,294.370
picsum_981__heavy_crop_60pct,picsum_981,heavy_crop_60pct,heavy_crop,high,false,false,false,false,false,none,prefilter_empty,true,false,137,1.900,22.873,2505,0.153,0,0,false,-1,120,0.028,0.004,115.093,11.295,0.486,0.000,126.987
picsum_981__rotate_90,picsum_981,rotate_90,rotate_cardinal,borderline,true,false,false,false,false,none,no_match,true,false,1654,6.389,98.080,16384,1.000,4,4,true,0,0,0.176,0.004,193.161,30.754,0.447,154.110,378.813
picsum_982__crop_border_5pct,picsum_982,crop_border_5pct,crop_border,borderline,true,false,false,true,true,base,visual_match,true,true,1147,1.442,10.665,12996,0.793,2,2,true,0,76,0.077,0.005,221.992,26.206,0.573,53.270,302.264
picsum_982__jpeg_recompress_q20,picsum_982,jpeg_recompress_q20,jpeg_recompress,high,true,false,false,true,true,base,visual_match,true,true,1460,3.677,17.167,16384,1.000,1,1,true,0,26,0.049,0.002,250.344,29.380,0.497,58.419,338.743
picsum_982__upscale_2.0x,picsum_982,upscale_2.0x,upscale,borderline,true,false,false,true,true,base,visual_match,true,true,873,1.783,36.625,16342,0.997,1,1,true,0,16,0.142,0.004,580.581,53.291,0.544,70.423,705.146
picsum_983__downscale_256px,picsum_983,downscale_256px,downscale,borderline,true,false,false,false,false,none,no_match,true,false,141,5.788,167.934,15760,0.962,1,1,true,0,32,0.019,0.003,180.530,11.524,0.725,35.081,227.915
picsum_983__noise_sigma10,picsum_983,noise_sigma10,noise_light,high,true,false,false,true,true,base,visual_match,true,true,1686,1.982,8.564,16384,1.000,1,1,true,0,8,0.162,0.003,236.028,27.950,0.497,56.928,321.746
picsum_984__color_invert,picsum_984,color_invert,color_invert,high,false,false,false,false,false,none,no_match,true,false,5,93.936,184.286,16231,0.991,1,1,false,-1,132,0.079,0.002,240.885,26.561,0.440,58.045,326.128
picsum_984__heavy_crop_40pct,picsum_984,heavy_crop_40pct,heavy_crop,borderline,false,false,false,false,false,none,prefilter_empty,true,false,423,2.157,29.362,5776,0.353,0,0,false,-1,116,0.033,0.003,194.431,18.542,0.406,0.000,213.476
picsum_984__rotate_32deg,picsum_984,rotate_32deg,rotate_small,borderline,true,false,false,false,false,none,prefilter_empty,true,true,881,1.017,13.331,13465,0.822,0,0,false,-1,108,0.089,0.002,262.873,26.887,0.467,0.000,290.419
picsum_985__crop_border_15pct,picsum_985,crop_border_15pct,crop_border,borderline,true,false,false,false,false,none,prefilter_empty,true,true,1049,1.208,7.500,7832,0.478,0,0,false,-1,122,0.041,0.002,214.427,18.298,0.314,0.000,233.134
picsum_985__hue_shift_60deg,picsum_985,hue_shift_60deg,hue_shift,borderline,false,false,false,false,false,none,no_match,true,false,1554,10.217,54.306,16384,1.000,1,1,true,0,10,0.071,0.002,199.364,20.088,0.455,44.287,264.332
picsum_985__sharpen_light,picsum_985,sharpen_light,sharpen,high,true,false,false,true,true,base,visual_match,true,true,1612,1.359,14.746,16384,1.000,1,1,true,0,6,0.052,0.002,179.896,20.539,0.350,46.380,247.290
picsum_986__downscale_0.75x,picsum_986,downscale_0.75x,downscale,borderline,true,false,false,true,true,base,visual_match,true,true,431,1.722,11.981,16305,0.995,2,2,true,0,32,0.030,0.003,155.793,16.022,0.328,37.420,209.660
picsum_986__jpeg_recompress_q90,picsum_986,jpeg_recompress_q90,jpeg_recompress,high,true,false,false,true,true,base,visual_match,true,true,1439,0.544,6.865,16384,1.000,1,1,true,0,6,0.053,0.003,178.341,19.998,0.440,41.926,240.858
picsum_987__brightness_plus10pct,picsum_987,brightness_plus10pct,brightness,borderline,true,false,false,true,true,base,visual_match,true,true,812,2.437,20.390,16193,0.988,1,1,true,0,10,0.031,0.003,178.157,17.803,0.502,30.700,227.307
picsum_987__format_change_tiff,picsum_987,format_change_tiff,format_change,borderline,true,false,false,true,true,base,visual_match,true,true,923,0.344,0.866,16384,1.000,1,1,true,0,0,0.244,0.003,156.188,18.464,0.502,31.514,207.108
picsum_987__rotate_180,picsum_987,rotate_180,rotate_cardinal,borderline,true,false,false,true,true,base,visual_match,true,true,771,1.477,18.297,16202,0.989,1,1,true,0,2,0.034,0.003,182.225,18.848,0.535,32.241,233.958
picsum_988__content_overlay_30pct,picsum_988,content_overlay_30pct,content_overlay,high,false,false,false,false,false,none,no_match,true,false,1010,27.118,162.512,16384,1.000,1,1,true,0,72,0.051,0.003,178.748,21.254,0.430,56.064,256.629
picsum_988__hue_shift_180deg,picsum_988,hue_shift_180deg,hue_shift,borderline,false,false,false,false,false,none,no_match,true,false,747,23.082,115.738,16384,1.000,1,1,true,0,18,0.071,0.004,255.272,26.825,0.605,65.705,348.572
picsum_988__saturation_boost_2.0x,picsum_988,saturation_boost_2.0x,saturation_boost,borderline,false,false,false,false,false,none,no_match,true,false,1262,9.650,39.562,16384,1.000,1,1,true,0,14,0.079,0.004,238.711,28.955,0.534,63.978,332.349
picsum_989__downscale_0.33x,picsum_989,downscale_0.33x,downscale,borderline,true,false,false,false,false,none,no_match,true,false,99,2.173,49.506,16308,0.995,1,1,true,0,16,0.011,0.003,157.499,10.656,0.557,34.853,203.607
picsum_989__jpeg_recompress_q50,picsum_989,jpeg_recompress_q50,jpeg_recompress,high,true,false,false,true,true,base,visual_match,true,true,1321,1.138,10.297,16384,1.000,2,2,true,0,14,0.031,0.002,302.560,29.615,0.775,50.775,383.830
picsum_98__brightness_minus10pct,picsum_98,brightness_minus10pct,brightness,borderline,true,false,false,true,true,base,visual_match,true,true,1310,0.826,4.001,16384,1.000,1,1,true,0,4,0.045,0.003,244.689,25.687,0.527,45.424,316.445
picsum_98__format_change_gif,picsum_98,format_change_gif,format_change,borderline,true,false,false,true,true,base,visual_match,true,true,1479,0.437,0.866,16384,1.000,1,1,true,0,0,0.483,0.003,218.072,32.929,0.643,47.856,300.416
picsum_98__p3_as_srgb_q70,picsum_98,p3_as_srgb_q70,p3_as_srgb,borderline,true,false,false,true,true,base,visual_match,true,true,1329,7.134,12.393,16384,1.000,1,1,true,0,2,0.053,0.003,278.602,26.776,0.577,58.133,364.294
picsum_990__content_overlay_15pct,picsum_990,content_overlay_15pct,content_overlay,high,false,false,false,false,false,none,no_match,true,false,1853,19.363,142.346,16384,1.000,2,2,true,0,40,0.095,0.004,289.846,34.643,0.483,86.070,411.256
picsum_990__heavy_crop_60pct,picsum_990,heavy_crop_60pct,heavy_crop,high,false,false,false,false,false,none,no_match,true,false,7,51.988,160.370,14411,0.880,2,2,false,-1,118,0.025,0.008,163.915,12.107,0.515,61.574,238.213
picsum_990__rotate_90,picsum_990,rotate_90,rotate_cardinal,borderline,true,false,false,false,false,none,no_match,true,false,1866,4.407,57.475,16073,0.981,1,1,true,0,4,0.105,0.004,287.096,36.753,0.536,74.083,398.683
picsum_991__crop_border_5pct,picsum_991,crop_border_5pct,crop_border,borderline,true,false,false,true,true,base,visual_match,true,true,456,0.881,23.214,13230,0.807,1,1,true,0,62,0.026,0.002,255.727,26.302,0.560,35.947,318.612
picsum_991__jpeg_recompress_q20,picsum_991,jpeg_recompress_q20,jpeg_recompress,high,true,false,false,true,true,base,visual_match,true,true,325,2.420,13.303,16159,0.986,1,1,true,0,12,0.028,0.003,224.767,29.319,0.727,37.050,291.949
picsum_991__upscale_2.0x,picsum_991,upscale_2.0x,upscale,borderline,true,false,false,false,false,none,no_match,true,false,281,4.009,53.144,15687,0.957,1,1,true,0,6,0.060,0.002,496.297,38.570,0.549,46.881,582.419
picsum_992__downscale_256px,picsum_992,downscale_256px,downscale,borderline,true,false,false,false,false,none,no_match,true,false,0,+Inf,+Inf,0,0.000,1,1,true,0,74,0.010,0.003,138.926,8.752,0.550,1.161,149.424
picsum_992__noise_sigma10,picsum_992,noise_sigma10,noise_light,high,true,false,false,false,false,none,no_match,true,false,17,2.317,8.778,16384,1.000,3,3,true,0,84,0.129,0.003,234.256,22.239,0.629,76.981,334.379
picsum_993__color_invert,picsum_993,color_invert,color_invert,high,false,false,false,false,false,none,prefilter_empty,true,false,4,68.099,190.858,16225,0.990,0,0,false,-1,120,0.072,0.001,229.450,27.519,0.579,0.002,257.712
picsum_993__heavy_crop_40pct,picsum_993,heavy_crop_40pct,heavy_crop,borderline,false,false,false,false,false,none,no_match,true,false,902,1.097,6.215,5776,0.353,3,3,false,-1,120,0.039,0.005,170.300,16.648,0.415,100.429,287.904
picsum_993__rotate_32deg,picsum_993,rotate_32deg,rotate_small,borderline,true,false,false,false,false,none,prefilter_empty,true,true,1146,1.228,19.609,13494,0.824,0,0,false,-1,116,0.101,0.003,227.280,31.002,0.611,0.000,259.105
picsum_994__crop_border_15pct,picsum_994,crop_border_15pct,crop_border,borderline,true,false,false,false,false,none,orb_extract_failed,false,false,0,0.000,0.000,0,0.000,0,0,false,-1,118,0.026,0.003,186.930,4.967,0.000,0.000,192.018
picsum_994__hue_shift_60deg,picsum_994,hue_shift_60deg,hue_shift,borderline,false,false,false,false,false,none,orb_extract_failed,false,false,0,0.000,0.000,0,0.000,0,1,true,0,24,0.035,0.000,248.658,8.299,0.000,0.000,257.100
picsum_994__sharpen_light,picsum_994,sharpen_light,sharpen,high,true,false,false,false,false,none,orb_extract_failed,false,false,0,0.000,0.000,0,0.000,0,2,true,0,8,0.036,0.001,219.228,7.371,0.000,0.000,226.724
picsum_995__downscale_0.75x,picsum_995,downscale_0.75x,downscale,borderline,true,false,false,true,true,base,visual_match,true,true,703,2.918,18.859,16254,0.992,1,1,true,0,20,0.037,0.001,177.333,18.450,0.506,47.687,244.077
picsum_995__jpeg_recompress_q90,picsum_995,jpeg_recompress_q90,jpeg_recompress,high,true,false,false,true,true,base,visual_match,true,true,1937,0.571,4.864,16384,1.000,1,1,true,0,2,0.071,0.002,213.758,37.070,0.707,54.312,306.032
picsum_996__brightness_plus10pct,picsum_996,brightness_plus10pct,brightness,borderline,true,false,false,true,true,base,visual_match,true,true,1113,4.578,19.212,16384,1.000,1,1,true,0,10,0.048,0.003,258.318,24.427,0.422,47.225,330.515
picsum_996__format_change_tiff,picsum_996,format_change_tiff,format_change,borderline,true,false,false,true,true,base,visual_match,true,true,1395,0.401,0.866,16384,1.000,1,1,true,0,0,0.495,0.003,230.856,29.839,0.473,55.262,317.360
picsum_996__rotate_180,picsum_996,rotate_180,rotate_cardinal,borderline,true,false,false,true,true,base,visual_match,true,true,1244,0.889,19.718,16257,0.992,1,1,true,0,0,0.051,0.003,237.014,24.771,0.433,47.868,310.209
picsum_997__content_overlay_30pct,picsum_997,content_overlay_30pct,content_overlay,high,false,false,false,false,false,none,no_match,true,false,1494,23.826,156.785,16384,1.000,1,1,true,0,32,0.111,0.003,243.994,32.668,0.508,65.968,343.368
picsum_997__hue_shift_180deg,picsum_997,hue_shift_180deg,hue_shift,borderline,false,false,false,false,false,none,no_match,true,false,440,53.742,159.040,16384,1.000,1,1,true,0,44,0.115,0.003,240.246,39.024,0.620,60.897,341.015
picsum_997__saturation_boost_2.0x,picsum_997,saturation_boost_2.0x,saturation_boost,borderline,false,false,false,false,false,none,no_match,true,false,1212,20.411,40.754,16384,1.000,2,2,true,0,16,0.094,0.005,189.831,25.137,0.528,73.540,289.241
picsum_998__downscale_0.33x,picsum_998,downscale_0.33x,downscale,borderline,true,false,false,false,false,none,no_match,true,false,153,4.853,45.502,16261,0.992,2,2,true,0,12,0.013,0.003,111.895,8.067,0.444,50.215,170.688
picsum_998__jpeg_recompress_q50,picsum_998,jpeg_recompress_q50,jpeg_recompress,high,true,false,false,true,true,base,visual_match,true,true,1023,1.815,19.859,16384,1.000,1,1,true,0,2,0.033,0.003,187.566,20.398,0.414,35.374,243.875
picsum_999__brightness_minus10pct,picsum_999,brightness_minus10pct,brightness,borderline,true,false,false,true,true,base,visual_match,true,true,1853,1.267,7.750,16384,1.000,1,1,true,0,2,0.044,0.002,180.110,22.510,0.521,42.705,245.969
picsum_999__format_change_gif,picsum_999,format_change_gif,format_change,borderline,true,false,false,true,true,base,visual_match,true,true,2000,0.420,0.866,16384,1.000,1,1,true,0,0,0.335,0.003,171.419,28.901,0.560,51.330,252.934
picsum_999__p3_as_srgb_q70,picsum_999,p3_as_srgb_q70,p3_as_srgb,borderline,true,false,false,true,true,base,visual_match,true,true,1847,3.260,13.285,16384,1.000,1,1,true,0,2,0.032,0.002,199.166,22.511,0.508,46.220,268.509
picsum_99__content_overlay_15pct,picsum_99,content_overlay_15pct,content_overlay,high,false,false,false,false,false,none,no_match,true,false,1504,22.286,190.547,16384,1.000,1,1,true,0,38,0.054,0.003,177.666,25.623,0.443,47.957,251.840
picsum_99__heavy_crop_60pct,picsum_99,heavy_crop_60pct,heavy_crop,high,false,false,false,false,false,none,no_match,true,false,347,1.432,6.989,2500,0.153,2,2,false,-1,122,0.021,0.003,114.198,11.848,0.447,79.418,205.984
picsum_99__rotate_90,picsum_99,rotate_90,rotate_cardinal,borderline,true,false,false,false,false,none,no_match,true,false,1946,2.880,49.266,16256,0.992,1,1,true,0,2,0.067,0.002,181.386,28.127,0.434,58.550,268.641
picsum_9__crop_border_5pct,picsum_9,crop_border_5pct,crop_border,borderline,true,false,false,true,true,base,visual_match,true,true,816,1.026,12.533,12996,0.793,1,1,true,0,94,0.063,0.004,181.689,20.552,0.489,40.334,243.210
picsum_9__jpeg_recompress_q20,picsum_9,jpeg_recompress_q20,jpeg_recompress,high,true,false,false,true,true,base,visual_match,true,true,1260,2.782,21.927,16384,1.000,1,1,true,0,14,0.026,0.003,189.478,22.752,0.423,47.821,260.561
picsum_9__upscale_2.0x,picsum_9,upscale_2.0x,upscale,borderline,true,false,false,false,false,none,no_match,true,false,266,3.330,93.506,16215,0.990,2,2,true,0,16,0.102,0.003,424.886,35.422,0.368,75.474,536.405
picsum_0__uncertified_image,picsum_0,uncertified_image,uncertified_image,high,false,true,true,false,false,none,prefilter_empty,false,false,0,0.000,0.000,0,0.000,0,0,false,-1,-1,0.045,0.001,220.171,27.805,0.536,0.000,248.619
picsum_1016__uncertified_image,picsum_1016,uncertified_image,uncertified_image,high,false,true,true,false,false,none,prefilter_empty,false,false,0,0.000,0.000,0,0.000,0,0,false,-1,-1,0.083,0.001,236.691,36.779,0.500,0.000,274.164
picsum_1037__uncertified_image,picsum_1037,uncertified_image,uncertified_image,high,false,true,true,false,false,none,no_match,false,false,0,0.000,0.000,0,0.000,1,0,false,-1,-1,0.080,0.001,242.292,31.966,0.493,62.095,337.004
picsum_1057__uncertified_image,picsum_1057,uncertified_image,uncertified_image,high,false,true,true,false,false,none,no_match,false,false,0,0.000,0.000,0,0.000,4,0,false,-1,-1,0.077,0.001,258.777,32.598,0.398,157.899,449.844
picsum_1075__uncertified_image,picsum_1075,uncertified_image,uncertified_image,high,false,true,true,false,false,none,no_match,false,false,0,0.000,0.000,0,0.000,1,0,false,-1,-1,0.035,0.001,270.788,30.175,0.637,20.907,322.611
picsum_117__uncertified_image,picsum_117,uncertified_image,uncertified_image,high,false,true,true,false,false,none,prefilter_empty,false,false,0,0.000,0.000,0,0.000,0,0,false,-1,-1,0.039,0.001,279.874,26.176,0.356,0.000,306.501
picsum_135__uncertified_image,picsum_135,uncertified_image,uncertified_image,high,false,true,true,false,false,none,no_match,false,false,0,0.000,0.000,0,0.000,2,0,false,-1,-1,0.050,0.000,193.451,19.546,0.479,57.765,271.342
picsum_156__uncertified_image,picsum_156,uncertified_image,uncertified_image,high,false,true,true,false,false,none,prefilter_empty,false,false,0,0.000,0.000,0,0.000,0,0,false,-1,-1,0.058,0.001,197.109,29.582,0.445,0.000,227.274
picsum_174__uncertified_image,picsum_174,uncertified_image,uncertified_image,high,false,true,true,false,false,none,prefilter_empty,false,false,0,0.000,0.000,0,0.000,0,0,false,-1,-1,0.066,0.001,221.991,40.434,0.323,0.000,262.901
picsum_192__uncertified_image,picsum_192,uncertified_image,uncertified_image,high,false,true,true,false,false,none,prefilter_empty,false,false,0,0.000,0.000,0,0.000,0,0,false,-1,-1,0.042,0.001,252.153,38.789,0.677,0.001,291.720
picsum_211__uncertified_image,picsum_211,uncertified_image,uncertified_image,high,false,true,true,false,false,none,no_match,false,false,0,0.000,0.000,0,0.000,1,0,false,-1,-1,0.119,0.000,231.053,38.013,0.347,45.389,315.061
picsum_231__uncertified_image,picsum_231,uncertified_image,uncertified_image,high,false,true,true,false,false,none,no_match,false,false,0,0.000,0.000,0,0.000,2,0,false,-1,-1,0.097,0.001,224.300,35.119,0.509,36.968,297.105
picsum_251__uncertified_image,picsum_251,uncertified_image,uncertified_image,high,false,true,true,false,false,none,no_match,false,false,0,0.000,0.000,0,0.000,1,0,false,-1,-1,0.055,0.001,237.863,40.221,0.577,29.056,307.869
picsum_270__uncertified_image,picsum_270,uncertified_image,uncertified_image,high,false,true,true,false,false,none,prefilter_empty,false,false,0,0.000,0.000,0,0.000,0,0,false,-1,-1,0.052,0.001,212.028,24.657,0.412,0.000,237.219
picsum_290__uncertified_image,picsum_290,uncertified_image,uncertified_image,high,false,true,true,false,false,none,prefilter_empty,false,false,0,0.000,0.000,0,0.000,0,0,false,-1,-1,0.035,0.000,190.231,25.421,0.506,0.000,216.234
picsum_31__uncertified_image,picsum_31,uncertified_image,uncertified_image,high,false,true,true,false,false,none,no_match,false,false,0,0.000,0.000,0,0.000,1,0,false,-1,-1,0.023,0.001,230.869,26.611,0.592,11.767,269.915
picsum_328__uncertified_image,picsum_328,uncertified_image,uncertified_image,high,false,true,true,false,false,none,no_match,false,false,0,0.000,0.000,0,0.000,1,0,false,-1,-1,0.034,0.001,236.690,25.874,0.381,49.864,312.886
picsum_349__uncertified_image,picsum_349,uncertified_image,uncertified_image,high,false,true,true,false,false,none,prefilter_empty,false,false,0,0.000,0.000,0,0.000,0,0,false,-1,-1,0.027,0.001,227.066,22.153,0.343,0.000,249.666
picsum_368__uncertified_image,picsum_368,uncertified_image,uncertified_image,high,false,true,true,false,false,none,no_match,false,false,0,0.000,0.000,0,0.000,1,0,false,-1,-1,0.036,0.000,242.036,25.899,0.486,26.275,294.779
picsum_386__uncertified_image,picsum_386,uncertified_image,uncertified_image,high,false,true,true,false,false,none,no_match,false,false,0,0.000,0.000,0,0.000,1,0,false,-1,-1,0.050,0.001,253.445,32.347,0.567,29.764,316.277
picsum_404__uncertified_image,picsum_404,uncertified_image,uncertified_image,high,false,true,true,false,false,none,prefilter_empty,false,false,0,0.000,0.000,0,0.000,0,0,false,-1,-1,0.120,0.001,264.466,33.457,0.349,0.000,298.515
picsum_424__uncertified_image,picsum_424,uncertified_image,uncertified_image,high,false,true,true,false,false,none,prefilter_empty,false,false,0,0.000,0.000,0,0.000,0,0,false,-1,-1,0.073,0.000,213.509,30.270,0.422,0.000,244.342
picsum_443__uncertified_image,picsum_443,uncertified_image,uncertified_image,high,false,true,true,false,false,none,prefilter_empty,false,false,0,0.000,0.000,0,0.000,0,0,false,-1,-1,0.035,0.001,191.383,24.796,0.306,0.000,216.638
picsum_461__uncertified_image,picsum_461,uncertified_image,uncertified_image,high,false,true,true,false,false,none,prefilter_empty,false,false,0,0.000,0.000,0,0.000,0,0,false,-1,-1,0.031,0.000,185.375,22.224,0.472,0.000,208.145
picsum_482__uncertified_image,picsum_482,uncertified_image,uncertified_image,high,false,true,true,false,false,none,prefilter_empty,false,false,0,0.000,0.000,0,0.000,0,0,false,-1,-1,0.055,0.000,178.549,26.839,0.445,0.000,206.001
picsum_500__uncertified_image,picsum_500,uncertified_image,uncertified_image,high,false,true,true,false,false,none,no_match,false,false,0,0.000,0.000,0,0.000,1,0,false,-1,-1,0.018,0.001,209.323,22.944,0.553,34.863,267.744
picsum_519__uncertified_image,picsum_519,uncertified_image,uncertified_image,high,false,true,true,false,false,none,prefilter_empty,false,false,0,0.000,0.000,0,0.000,0,0,false,-1,-1,0.057,0.002,233.741,31.583,0.560,0.000,266.030
picsum_537__uncertified_image,picsum_537,uncertified_image,uncertified_image,high,false,true,true,false,false,none,no_match,false,false,0,0.000,0.000,0,0.000,2,0,false,-1,-1,0.101,0.001,255.952,39.454,0.590,123.584,419.794
picsum_556__uncertified_image,picsum_556,uncertified_image,uncertified_image,high,false,true,true,false,false,none,prefilter_empty,false,false,0,0.000,0.000,0,0.000,0,0,false,-1,-1,0.042,0.001,239.769,26.785,0.595,0.000,267.260
picsum_575__uncertified_image,picsum_575,uncertified_image,uncertified_image,high,false,true,true,false,false,none,prefilter_empty,false,false,0,0.000,0.000,0,0.000,0,0,false,-1,-1,0.060,0.001,243.014,30.441,0.444,0.000,274.048
picsum_599__uncertified_image,picsum_599,uncertified_image,uncertified_image,high,false,true,true,false,false,none,prefilter_empty,false,false,0,0.000,0.000,0,0.000,0,0,false,-1,-1,0.060,0.001,225.578,25.264,0.481,0.000,251.458
picsum_617__uncertified_image,picsum_617,uncertified_image,uncertified_image,high,false,true,true,false,false,none,prefilter_empty,false,false,0,0.000,0.000,0,0.000,0,0,false,-1,-1,0.045,0.001,190.825,22.720,0.306,0.001,213.955
picsum_638__uncertified_image,picsum_638,uncertified_image,uncertified_image,high,false,true,true,false,false,none,no_match,false,false,0,0.000,0.000,0,0.000,2,0,false,-1,-1,0.025,0.000,171.020,21.235,0.503,40.877,233.695
picsum_658__uncertified_image,picsum_658,uncertified_image,uncertified_image,high,false,true,true,false,false,none,prefilter_empty,false,false,0,0.000,0.000,0,0.000,0,0,false,-1,-1,0.050,0.001,183.607,27.730,0.383,0.000,211.845
picsum_677__uncertified_image,picsum_677,uncertified_image,uncertified_image,high,false,true,true,false,false,none,prefilter_empty,false,false,0,0.000,0.000,0,0.000,0,0,false,-1,-1,0.022,0.000,246.164,25.998,0.418,0.000,272.650
picsum_695__uncertified_image,picsum_695,uncertified_image,uncertified_image,high,false,true,true,false,false,none,prefilter_empty,false,false,0,0.000,0.000,0,0.000,0,0,false,-1,-1,0.079,0.000,252.563,36.490,0.340,0.000,289.552
picsum_722__uncertified_image,picsum_722,uncertified_image,uncertified_image,high,false,true,true,false,false,none,prefilter_empty,false,false,0,0.000,0.000,0,0.000,0,0,false,-1,-1,0.039,0.001,250.804,27.675,0.369,0.000,278.948
picsum_742__uncertified_image,picsum_742,uncertified_image,uncertified_image,high,false,true,true,false,false,none,prefilter_empty,false,false,0,0.000,0.000,0,0.000,0,0,false,-1,-1,0.038,0.000,242.720,28.593,0.558,0.000,271.952
picsum_774__uncertified_image,picsum_774,uncertified_image,uncertified_image,high,false,true,true,false,false,none,prefilter_empty,false,false,0,0.000,0.000,0,0.000,0,0,false,-1,-1,0.042,0.000,259.827,23.658,0.469,0.000,284.067
picsum_793__uncertified_image,picsum_793,uncertified_image,uncertified_image,high,false,true,true,false,false,none,prefilter_empty,false,false,0,0.000,0.000,0,0.000,0,0,false,-1,-1,0.043,0.001,226.823,26.436,0.488,0.000,253.848
picsum_811__uncertified_image,picsum_811,uncertified_image,uncertified_image,high,false,true,true,false,false,none,prefilter_empty,false,false,0,0.000,0.000,0,0.000,0,0,false,-1,-1,0.082,0.001,227.176,35.250,0.374,0.001,262.989
picsum_830__uncertified_image,picsum_830,uncertified_image,uncertified_image,high,false,true,true,false,false,none,no_match,false,false,0,0.000,0.000,0,0.000,1,0,false,-1,-1,0.026,0.001,245.227,22.520,0.504,13.251,281.565
picsum_85__uncertified_image,picsum_85,uncertified_image,uncertified_image,high,false,true,true,false,false,none,prefilter_empty,false,false,0,0.000,0.000,0,0.000,0,0,false,-1,-1,0.080,0.001,264.043,28.847,0.557,0.000,293.636
picsum_870__uncertified_image,picsum_870,uncertified_image,uncertified_image,high,false,true,true,false,false,none,prefilter_empty,false,false,0,0.000,0.000,0,0.000,0,0,false,-1,-1,0.044,0.001,247.623,26.995,0.434,0.000,275.176
picsum_889__uncertified_image,picsum_889,uncertified_image,uncertified_image,high,false,true,true,false,false,none,prefilter_empty,false,false,0,0.000,0.000,0,0.000,0,0,false,-1,-1,0.046,0.001,252.997,34.054,0.420,0.000,287.634
picsum_909__uncertified_image,picsum_909,uncertified_image,uncertified_image,high,false,true,true,false,false,none,prefilter_empty,false,false,0,0.000,0.000,0,0.000,0,0,false,-1,-1,0.060,0.001,243.419,24.020,0.304,0.000,267.850
picsum_929__uncertified_image,picsum_929,uncertified_image,uncertified_image,high,false,true,true,false,false,none,no_match,false,false,0,0.000,0.000,0,0.000,1,0,false,-1,-1,0.057,0.001,195.532,26.729,0.473,10.622,233.468
picsum_948__uncertified_image,picsum_948,uncertified_image,uncertified_image,high,false,true,true,false,false,none,prefilter_empty,false,false,0,0.000,0.000,0,0.000,0,0,false,-1,-1,0.079,0.000,183.674,34.788,0.488,0.002,219.118
picsum_969__uncertified_image,picsum_969,uncertified_image,uncertified_image,high,false,true,true,false,false,none,no_match,false,false,0,0.000,0.000,0,0.000,2,0,false,-1,-1,0.048,0.014,188.349,24.808,0.435,77.536,291.297
picsum_988__uncertified_image,picsum_988,uncertified_image,uncertified_image,high,false,true,true,false,false,none,prefilter_empty,false,false,0,0.000,0.000,0,0.000,0,0,false,-1,-1,0.040,0.001,178.203,21.593,0.484,0.003,200.395
